,staffed_beds,licensed_beds,icu_beds,FIPS
16,55,85,6,1001
17,362,410,44,1003
18,30,74,5,1005
19,25,35,0,1007
20,25,40,6,1009
21,30,61,0,1011
22,44,72,7,1013
23,413,486,24,1015
24,0,115,0,1017
25,45,60,0,1019
26,26,30,6,1021
27,25,25,0,1023
28,56,85,0,1025
29,46,53,4,1027
30,99,131,7,1031
31,300,363,22,1033
32,44,58,0,1035
33,128,187,13,1039
34,57,93,0,1041
35,185,185,12,1043
36,77,89,6,1045
37,109,175,23,1047
38,97,134,12,1049
39,70,138,5,1051
40,95,142,14,1053
41,590,739,40,1055
42,45,61,8,1057
43,74,125,7,1059
44,73,83,6,1061
45,20,20,0,1063
46,28,39,0,1065
47,769,782,66,1069
48,92,170,10,1071
49,3945,4750,281,1073
50,233,358,36,1077
51,43,98,6,1079
52,372,314,20,1081
53,97,102,10,1083
54,143,143,0,1087
55,1280,1241,58,1089
56,37,99,5,1091
57,97,120,8,1093
58,240,240,20,1095
59,1490,1929,76,1097
60,49,94,8,1099
61,1018,1226,58,1101
62,320,393,23,1103
63,97,97,9,1109
64,15,0,0,1111
65,105,128,8,1113
66,40,40,6,1115
67,246,286,32,1117
68,33,33,0,1119
69,207,285,14,1121
70,80,127,6,1123
71,981,1087,52,1125
72,207,267,12,1127
73,15,25,0,1129
74,21,30,0,1131
75,49,59,4,1133
0,1077,1014,60,2020
1,34,50,0,2050
2,16,16,0,2070
3,145,152,13,2090
4,45,73,9,2110
5,76,77,6,2122
6,25,25,4,2130
7,24,25,0,2150
8,74,74,14,2170
9,18,18,0,2180
10,20,14,0,2185
11,17,17,0,2188
13,25,27,0,2220
14,24,24,0,2261
12,12,12,0,2280
15,8,8,0,2280
130,162,50,0,4001
131,135,160,12,4003
132,396,381,41,4005
133,58,196,8,4007
134,49,49,0,4009
135,42,42,3,4012
136,10040,10105,715,4013
137,551,610,80,4015
138,176,170,12,4017
139,3108,3206,287,4019
140,262,214,24,4021
141,25,25,0,4023
142,374,364,39,4025
143,447,51,42,4027
76,74,74,0,5001
77,25,33,6,5003
78,170,268,17,5005
79,439,524,30,5007
80,120,174,24,5009
81,25,33,0,5011
82,40,40,0,5015
83,35,25,0,5017
84,25,25,0,5019
85,25,25,0,5021
86,25,25,0,5023
87,30,49,6,5027
88,25,25,0,5029
89,553,666,66,5031
90,35,103,8,5033
91,63,52,0,5035
92,15,25,0,5037
93,22,25,0,5039
94,50,50,0,5041
95,49,49,5,5043
96,355,371,25,5045
97,25,25,0,5047
98,25,25,0,5049
99,423,522,41,5051
100,114,129,8,5055
101,67,0,8,5057
102,64,72,6,5059
103,20,20,0,5061
104,184,224,12,5063
105,25,25,0,5065
106,133,133,0,5067
107,271,471,34,5069
108,57,90,8,5071
109,25,25,0,5075
110,25,25,0,5081
111,40,41,0,5083
112,50,62,0,5091
113,124,25,5,5093
114,82,98,8,5103
115,127,155,6,5107
116,41,65,6,5113
117,137,170,11,5115
118,3570,3887,144,5119
119,32,50,2,5121
120,56,118,6,5123
121,207,257,16,5125
122,24,24,0,5127
123,803,983,69,5131
124,25,25,0,5137
125,111,166,16,5139
126,25,25,0,5141
127,900,1083,61,5143
128,465,465,13,5145
129,55,66,0,5149
144,3633,2939,323,6001
145,52,52,6,6005
146,471,157,43,6007
147,25,48,0,6009
148,1636,1624,163,6013
149,39,49,6,6015
150,189,174,28,6017
151,3056,1750,141,6019
152,15,47,0,6021
153,233,260,20,6023
154,268,268,28,6025
155,29,29,4,6027
156,1618,1330,137,6029
157,142,173,22,6031
158,50,62,8,6033
159,25,38,0,6035
160,22916,21234,2004,6037
161,464,464,52,6039
162,441,441,30,6041
163,18,18,0,6043
164,161,142,14,6045
165,242,226,24,6047
166,20,20,0,6049
167,17,17,2,6051
168,709,747,47,6053
169,318,359,48,6055
170,129,139,10,6057
171,5985,5134,629,6059
172,693,732,70,6061
173,42,44,0,6063
174,3564,3583,365,6065
175,3530,2843,262,6067
176,49,49,8,6069
177,6383,3628,350,6071
178,7504,6861,540,6073
179,2947,2397,293,6075
180,1334,1192,110,6077
181,1685,451,54,6079
182,2161,1600,110,6081
183,631,815,62,6083
184,4395,3805,283,6085
185,354,358,22,6087
186,571,581,81,6089
187,50,61,8,6093
188,1006,678,92,6095
189,824,732,82,6097
190,1380,1378,74,6099
191,30,14,0,6101
192,65,76,8,6103
193,25,25,0,6105
194,746,624,65,6107
195,84,140,6,6109
196,1456,1371,153,6111
197,125,125,14,6113
198,149,221,24,6115
199,1362,1434,161,8001
200,49,49,6,8003
201,1156,1329,127,8005
202,11,11,0,8007
203,15,23,0,8009
204,665,816,66,8013
205,92,100,20,8014
206,25,25,2,8015
207,11,25,0,8017
208,17,17,0,8021
209,49,49,6,8029
210,2030,2040,208,8031
211,691,611,54,8035
212,56,56,5,8037
213,1497,921,91,8041
214,25,25,4,8043
215,53,103,5,8045
216,23,25,0,8049
217,20,24,0,8051
218,16,20,0,8055
219,496,653,46,8059
220,25,25,0,8061
221,19,19,0,8063
223,8,25,0,8065
222,94,94,11,8067
224,560,554,43,8069
225,25,25,0,8071
226,15,15,0,8073
227,25,25,4,8075
228,399,454,30,8077
229,25,25,0,8081
230,25,25,4,8083
231,50,75,8,8085
232,61,75,6,8087
233,0,25,0,8089
234,40,40,0,8095
235,25,25,4,8097
236,25,25,0,8099
237,494,1207,17,8101
238,35,35,0,8103
239,17,17,0,8105
240,39,39,4,8107
241,9,15,0,8115
242,34,35,8,8117
243,15,15,0,8119
244,427,581,22,8123
245,30,15,0,8125
246,1789,0,157,9001
247,3278,867,216,9003
248,242,0,21,9005
249,736,0,24,9007
250,2502,0,110,9009
251,419,0,22,9011
252,209,0,16,9013
253,148,0,6,9015
255,414,88,29,10001
256,1956,1448,93,10003
257,507,349,18,10005
254,3077,4143,237,11001
258,2263,1598,66,12001
259,81,1163,0,12003
260,676,722,77,12005
261,25,49,0,12007
262,1867,1685,157,12009
263,5791,6482,525,12011
264,15,25,0,12013
265,595,699,51,12015
266,332,332,40,12017
267,459,503,42,12019
268,1134,982,58,12021
269,456,190,27,12023
270,49,49,8,12027
271,3647,3831,351,12031
272,1384,1648,85,12033
273,99,99,18,12035
274,25,25,0,12037
275,24,949,0,12039
276,19,19,0,12045
277,25,25,0,12049
278,25,25,3,12051
279,670,670,44,12053
280,292,335,38,12055
281,4069,4315,411,12057
282,20,20,0,12059
283,511,566,40,12061
284,66,100,7,12063
285,1060,1100,118,12069
286,1698,1819,141,12071
287,822,1208,50,12073
288,25,25,0,12079
289,867,895,98,12081
290,887,963,110,12083
291,466,478,57,12085
292,9456,9381,540,12086
293,129,143,14,12087
294,54,62,0,12089
295,441,436,51,12091
296,100,100,8,12093
297,5568,4520,334,12095
298,802,955,66,12097
299,4144,4179,389,12099
300,1312,1272,130,12101
301,3475,3923,276,12103
302,1641,1793,127,12105
303,99,99,10,12107
304,335,335,47,12109
305,728,861,54,12111
306,294,355,16,12113
307,1277,1532,118,12115
308,879,934,38,12117
309,40,40,0,12119
310,25,25,0,12121
311,48,48,6,12123
312,145,145,0,12125
313,1514,1574,105,12127
314,112,126,28,12131
315,25,59,0,12133
316,34,49,3,13001
317,25,25,4,13005
318,280,140,12,13009
319,56,56,6,13013
320,119,119,21,13015
321,48,75,5,13017
322,51,63,0,13019
323,992,1142,115,13021
324,15,25,0,13023
325,25,25,0,13027
326,182,189,24,13031
327,40,40,0,13033
328,25,25,0,13035
329,40,40,5,13039
330,25,25,6,13043
331,197,303,18,13045
332,36,19,0,13047
333,1354,1502,62,13051
334,114,105,0,13057
335,564,597,92,13059
336,319,416,34,13063
337,15,25,0,13065
338,1243,1278,81,13067
339,86,88,10,13069
340,127,158,10,13071
341,33,60,0,13075
342,250,186,23,13077
343,65,73,16,13081
344,36,0,0,13083
345,80,80,10,13087
346,1997,2227,278,13089
347,40,94,6,13091
348,657,691,50,13095
349,102,108,8,13097
350,15,25,0,13099
351,25,25,0,13103
352,52,52,4,13105
353,45,72,8,13107
354,49,49,0,13109
355,50,50,5,13111
356,221,221,66,13113
357,435,514,42,13115
358,304,304,24,13117
359,56,56,8,13119
360,3927,4992,519,13121
361,401,401,0,13127
362,69,69,8,13129
363,46,60,4,13131
364,25,25,0,13133
365,945,931,70,13135
366,53,53,4,13137
367,545,657,85,13139
368,15,25,0,13143
369,215,215,0,13151
370,276,276,36,13153
371,34,34,0,13155
372,128,90,0,13157
373,12,17,0,13159
374,25,25,4,13161
375,37,37,0,13163
376,15,25,0,13165
377,25,25,0,13173
378,145,190,16,13175
379,64,25,0,13179
380,377,403,48,13185
381,0,0,0,13187
383,25,25,0,13189
382,22,49,0,13193
384,109,109,0,13199
385,25,25,0,13201
386,25,0,0,13205
387,25,25,0,13207
388,25,25,0,13211
389,29,42,0,13213
390,1627,1167,61,13215
391,94,101,10,13217
392,112,112,8,13223
393,25,25,0,13225
394,52,52,6,13227
395,25,25,0,13233
396,55,49,6,13235
397,25,25,0,13237
398,25,25,0,13241
399,25,25,0,13243
400,2160,2524,209,13245
401,138,138,16,13247
402,25,25,0,13251
403,45,65,0,13253
404,160,160,22,13255
405,74,96,6,13257
406,54,76,0,13261
407,25,25,0,13267
408,226,264,35,13275
409,181,181,20,13277
410,52,57,8,13279
411,25,25,0,13281
412,276,276,20,13285
413,39,45,5,13291
414,87,115,28,13293
415,164,77,7,13297
416,134,231,10,13299
417,56,56,0,13303
418,88,88,12,13305
419,246,282,26,13313
420,25,25,0,13317
421,25,25,0,13321
423,296,531,24,15001
424,2716,2175,136,15003
425,102,197,9,15007
426,247,366,20,15009
517,1405,1209,88,16001
518,137,205,20,16005
519,21,21,0,16007
520,19,19,0,16009
521,131,145,5,16011
522,25,25,0,16013
523,25,25,4,16017
524,267,332,35,16019
525,20,20,0,16021
526,14,14,0,16023
527,282,346,41,16027
528,25,25,0,16029
529,31,25,6,16031
530,78,83,0,16035
531,21,25,0,16039
532,20,20,0,16041
533,13,16,0,16045
534,16,18,0,16047
535,40,41,0,16049
536,25,25,0,16053
537,401,403,55,16055
538,25,25,3,16057
539,18,18,0,16059
540,67,69,4,16065
541,16,25,0,16067
542,110,145,9,16069
543,11,11,0,16071
544,10,10,0,16077
545,21,25,0,16079
546,13,13,0,16081
547,186,224,30,16083
548,23,25,0,16085
549,19,25,0,16087
550,248,307,25,17001
551,32,42,0,17005
552,36,34,0,17007
553,69,94,9,17011
554,637,603,13,17019
555,47,47,0,17021
556,20,20,0,17025
557,46,70,0,17027
558,82,149,0,17029
559,18615,18128,1299,17031
560,25,63,0,17033
561,192,192,16,17037
562,15,25,0,17039
563,2083,2253,241,17043
564,25,25,0,17045
565,133,133,10,17049
566,29,110,4,17051
567,25,41,2,17053
568,16,16,0,17055
569,43,87,5,17057
570,25,25,0,17061
571,89,89,8,17063
572,25,25,0,17065
573,18,18,0,17067
574,25,25,0,17069
575,50,86,3,17073
576,25,25,0,17075
577,179,179,21,17077
578,171,181,22,17081
579,46,65,4,17083
580,18,25,0,17085
581,1114,890,65,17089
582,460,500,18,17091
583,177,254,18,17095
585,975,1158,108,17097
584,164,171,13,17099
586,25,25,0,17101
587,66,80,6,17103
588,42,42,5,17105
589,25,25,0,17107
596,45,60,7,17109
597,437,476,33,17111
598,343,370,30,17113
590,446,424,35,17115
591,50,50,0,17117
592,677,929,58,17119
593,107,149,9,17121
594,25,25,0,17125
595,25,25,0,17127
599,22,22,0,17131
600,50,50,0,17135
601,93,131,9,17137
602,17,16,4,17141
603,1122,1226,95,17143
604,42,42,0,17145
605,16,16,0,17147
606,25,35,0,17149
607,171,75,0,17157
608,47,134,8,17159
609,480,510,27,17161
610,556,736,42,17163
611,65,102,0,17165
612,1004,1012,83,17167
613,22,22,0,17169
614,30,30,0,17173
615,100,100,8,17177
616,132,132,8,17179
617,113,47,0,17181
618,179,198,12,17183
619,25,25,4,17185
620,23,23,0,17187
621,22,50,0,17189
622,25,55,4,17191
623,121,123,9,17195
624,850,923,73,17197
625,294,212,26,17199
626,932,936,90,17201
627,25,25,0,17203
628,25,0,4,18001
629,2176,0,134,18003
630,225,0,17,18005
631,15,0,0,18009
632,68,0,8,18011
633,165,0,5,18017
634,253,0,22,18019
635,25,0,0,18021
636,25,0,0,18023
637,42,0,5,18027
638,102,0,8,18029
639,25,0,0,18031
640,37,0,8,18033
641,368,0,36,18035
642,111,0,26,18037
643,338,0,35,18039
644,269,236,16,18043
645,25,0,4,18049
646,25,0,5,18051
647,347,0,19,18053
648,25,0,5,18055
649,1033,0,25,18057
650,73,0,24,18059
651,25,0,4,18061
652,266,0,28,18063
653,48,0,10,18065
654,250,0,21,18067
655,36,0,0,18069
656,91,0,7,18071
657,25,0,4,18073
658,25,0,0,18075
659,238,0,6,18077
660,25,0,0,18079
661,195,0,6,18081
662,99,0,30,18083
663,88,0,14,18085
665,25,0,0,18087
666,2067,0,181,18089
664,278,0,34,18091
667,50,0,6,18093
668,303,0,38,18095
669,4230,0,318,18097
670,157,0,7,18099
671,25,0,4,18103
672,357,0,24,18105
673,29,0,5,18107
674,199,0,0,18109
675,47,0,0,18113
676,24,0,0,18117
677,25,0,4,18123
678,340,0,32,18127
679,25,0,0,18131
680,25,0,6,18133
681,25,0,0,18135
682,25,0,7,18137
683,25,0,0,18139
686,1582,0,74,18141
684,25,0,4,18143
685,46,0,6,18145
687,15,0,1,18149
688,25,0,2,18151
689,25,0,4,18153
690,576,0,30,18157
691,25,0,0,18159
692,1053,0,127,18163
693,25,0,6,18165
694,494,0,54,18167
695,18,0,0,18169
696,16,0,0,18171
697,454,0,24,18173
698,25,0,0,18175
699,376,0,30,18177
700,62,0,7,18179
701,25,0,0,18181
702,30,0,0,18183
427,25,25,0,19001
428,22,22,0,19003
429,25,25,0,19005
430,25,45,3,19007
431,25,25,0,19009
432,25,25,0,19011
433,384,675,29,19013
434,25,42,0,19015
435,37,50,0,19017
436,85,120,0,19019
437,25,35,0,19021
438,25,25,2,19025
439,66,116,6,19027
440,25,33,4,19029
441,205,346,18,19033
442,61,83,0,19035
443,8,18,0,19037
444,25,25,0,19039
445,49,99,0,19041
446,40,50,0,19043
447,120,265,10,19045
448,25,25,0,19047
449,25,25,0,19049
450,25,25,0,19051
451,11,25,0,19053
452,25,25,0,19055
453,136,213,12,19057
454,44,49,0,19059
455,257,470,18,19061
456,22,25,0,19063
457,50,50,0,19065
458,25,25,0,19067
459,25,25,0,19069
460,25,25,0,19071
461,25,25,0,19073
462,25,80,0,19075
463,25,25,0,19077
464,25,25,0,19079
465,25,25,0,19081
466,19,35,0,19083
467,25,25,0,19085
468,25,74,0,19087
469,18,19,0,19089
470,17,49,0,19091
471,25,25,0,19093
472,25,25,0,19095
473,25,25,0,19097
474,48,68,0,19099
475,25,25,0,19101
476,1152,1383,18,19103
477,22,22,0,19105
478,25,25,0,19107
479,24,25,0,19109
480,99,121,3,19111
481,495,994,36,19113
482,25,25,0,19117
483,11,0,0,19119
484,25,25,0,19121
485,25,33,0,19123
486,50,50,3,19125
487,41,125,0,19127
488,25,25,0,19131
489,25,25,0,19133
490,25,25,0,19135
491,25,25,8,19137
492,45,48,5,19139
493,39,39,0,19141
494,25,25,0,19143
495,50,50,2,19145
496,24,47,0,19147
497,25,25,0,19149
498,25,25,0,19151
499,1869,1781,84,19153
500,255,514,29,19155
501,49,49,5,19157
502,16,16,0,19159
503,25,25,0,19161
504,496,641,39,19163
505,25,25,0,19165
506,94,96,0,19167
507,175,237,14,19169
508,25,25,4,19175
509,25,25,0,19177
510,88,217,11,19179
511,25,25,0,19183
512,25,25,0,19185
513,46,200,8,19187
514,25,25,0,19191
515,316,830,34,19193
516,47,47,0,19197
703,25,25,0,20001
704,12,12,0,20003
705,25,25,4,20005
706,32,35,0,20007
707,76,81,4,20009
708,25,25,0,20013
709,108,132,16,20015
710,17,25,0,20019
711,46,61,0,20021
712,16,16,0,20023
713,39,43,0,20025
714,17,25,0,20027
715,22,25,0,20029
716,25,25,0,20031
717,12,12,0,20033
718,53,74,4,20035
719,89,158,12,20037
720,21,24,0,20039
721,34,60,0,20041
722,110,148,10,20045
723,12,12,0,20047
724,149,194,34,20051
725,18,20,0,20053
726,90,100,8,20055
727,60,99,10,20057
728,44,44,5,20059
729,96,92,6,20061
730,21,21,0,20063
731,20,20,0,20065
732,26,26,0,20067
733,18,18,0,20071
734,25,25,0,20073
735,25,25,0,20075
736,25,0,0,20077
737,134,163,6,20079
738,13,13,0,20081
739,25,13,0,20083
740,12,25,0,20085
741,25,38,0,20087
742,24,25,0,20089
743,1519,1800,97,20091
744,25,25,0,20093
745,25,25,0,20095
746,15,15,0,20097
747,46,99,5,20099
748,25,25,0,20101
749,46,100,10,20103
750,10,14,0,20105
751,25,25,0,20109
752,21,25,6,20111
755,81,95,7,20113
753,25,25,0,20115
754,23,25,0,20117
756,20,20,0,20119
757,104,245,106,20121
758,16,35,4,20123
759,47,47,7,20125
760,25,25,0,20127
761,26,28,0,20129
762,41,49,0,20131
763,22,25,5,20133
764,37,32,0,20135
765,25,25,0,20137
766,24,25,0,20141
767,25,25,0,20143
768,121,638,0,20145
769,25,25,0,20147
770,43,97,0,20149
771,35,35,6,20151
772,15,24,0,20153
773,137,209,18,20155
774,25,63,0,20157
775,25,25,0,20159
776,99,163,8,20161
777,16,25,0,20163
778,16,16,0,20165
779,19,25,0,20167
780,191,392,18,20169
781,25,25,0,20171
782,2072,2661,147,20173
783,71,69,8,20175
784,748,1043,36,20177
785,18,18,0,20179
786,21,25,0,20181
787,16,25,0,20183
788,25,25,0,20185
789,16,18,0,20187
790,17,25,0,20189
791,25,0,0,20191
792,21,25,1,20193
793,25,25,0,20195
794,50,50,0,20201
795,25,0,0,20203
796,40,49,0,20205
797,1059,1316,129,20209
798,25,25,0,21003
799,108,180,10,21009
800,87,216,7,21013
801,166,201,18,21015
802,34,58,4,21017
803,574,645,50,21019
804,170,197,22,21021
805,49,55,4,21025
806,25,25,0,21027
807,25,25,0,21033
808,99,152,10,21035
809,156,278,21,21037
810,25,25,0,21041
811,24,24,0,21045
812,431,786,18,21047
813,54,54,8,21049
814,49,0,6,21051
815,38,42,0,21053
816,48,48,0,21055
817,25,25,0,21057
818,507,527,32,21059
819,25,25,0,21065
820,2440,2449,248,21067
821,52,52,3,21069
822,177,50,16,21071
823,116,173,10,21073
824,15,25,0,21081
825,95,107,8,21083
826,75,75,6,21085
827,25,35,0,21087
828,428,480,10,21093
829,81,150,7,21095
830,61,61,6,21097
831,25,25,0,21099
832,118,192,12,21101
833,445,410,19,21107
834,3730,4468,355,21111
835,72,72,6,21115
836,1217,639,46,21117
837,25,25,6,21121
838,106,150,14,21125
839,65,90,6,21127
840,25,25,0,21131
841,90,90,6,21133
842,25,25,0,21137
843,25,25,0,21139
844,75,75,6,21141
849,573,1081,34,21145
845,85,130,12,21151
846,63,75,6,21155
847,25,25,4,21157
848,100,100,5,21161
850,25,25,4,21167
851,49,49,0,21171
852,42,42,4,21173
853,25,25,0,21175
854,47,90,6,21177
855,40,40,4,21179
856,25,25,4,21183
857,90,120,8,21185
858,229,358,32,21193
859,356,413,76,21195
860,230,283,38,21199
861,20,20,0,21203
862,90,149,14,21205
863,25,25,2,21207
864,75,75,6,21209
865,30,70,4,21211
866,25,25,0,21213
867,90,90,8,21217
868,25,25,0,21221
869,25,25,0,21225
870,639,733,32,21227
871,25,25,0,21231
872,280,273,0,21235
873,25,25,0,21239
874,171,170,4,22001
875,74,109,3,22003
876,151,131,7,22005
877,15,15,0,22007
878,92,69,2,22009
879,80,20,6,22011
880,21,21,0,22013
881,267,272,18,22015
882,1853,2099,94,22017
883,802,905,75,22019
884,77,87,0,22021
885,49,49,0,22023
886,37,47,4,22027
887,65,65,5,22029
888,34,34,0,22031
889,2355,2297,99,22033
890,23,23,0,22035
891,636,633,0,22037
892,223,285,24,22039
893,29,37,6,22041
894,317,269,11,22045
895,10,0,0,22047
896,25,25,0,22049
897,2463,2141,157,22051
898,92,65,5,22053
900,1379,1224,74,22055
901,178,240,21,22057
899,55,81,0,22059
902,258,238,17,22061
903,25,25,0,22065
904,109,119,6,22067
905,102,117,8,22069
906,1428,2009,62,22071
907,806,622,88,22073
908,25,26,0,22077
909,1438,1425,26,22079
910,37,37,0,22081
911,63,63,2,22083
912,48,48,0,22085
913,40,40,8,22087
914,39,59,8,22089
915,25,25,0,22091
916,44,44,0,22093
921,82,82,0,22095
917,517,257,22,22097
918,43,43,0,22099
919,152,186,15,22101
920,1237,1138,207,22103
922,536,536,64,22105
923,344,567,26,22109
924,35,35,0,22111
925,69,95,6,22113
926,126,112,7,22115
927,61,117,13,22117
928,171,219,16,22119
929,30,30,0,22123
930,25,25,0,22125
931,46,60,5,22127
967,361,483,34,23001
968,166,228,12,23003
969,1215,1184,50,23005
970,48,65,5,23007
971,98,114,6,23009
972,297,335,16,23011
973,81,109,8,23013
974,25,25,4,23015
975,50,75,4,23017
976,581,773,51,23019
977,50,25,0,23021
978,50,50,4,23025
979,25,25,4,23027
980,50,50,0,23029
981,206,287,14,23031
946,288,319,14,24001
947,483,673,50,24003
948,1739,1969,94,24005
949,3735,3816,377,24005
950,41,74,4,24009
951,675,668,12,24013
952,182,82,5,24015
953,98,109,10,24017
954,122,132,0,24019
955,281,257,18,24021
956,27,27,2,24023
957,231,257,19,24025
958,267,267,16,24027
959,21,26,6,24029
960,1716,1439,143,24031
961,490,654,78,24033
962,96,109,12,24035
963,48,120,16,24041
964,340,362,17,24043
965,418,348,24,24045
966,32,45,6,24047
932,410,407,21,25001
933,245,323,24,25003
934,1492,1322,96,25005
935,25,25,0,25007
936,1732,1173,98,25009
937,89,89,6,25011
938,1620,1626,83,25013
939,118,140,11,25015
940,4474,3756,206,25017
941,19,19,0,25019
942,1219,1095,59,25021
943,853,435,47,25023
944,5844,5363,453,25025
945,3234,2507,119,25027
982,11,11,0,26003
983,25,25,0,26005
984,128,124,9,26007
985,25,25,5,26011
986,15,15,0,26013
987,25,49,6,26015
988,328,387,32,26017
989,8,8,0,26019
990,311,335,20,26021
991,87,71,10,26023
992,262,298,32,26025
993,25,25,0,26027
994,25,25,0,26029
995,49,82,6,26033
996,49,49,0,26035
997,59,25,2,26037
998,49,71,6,26039
999,25,25,9,26041
1000,56,49,6,26043
1001,45,45,0,26045
1002,187,202,18,26047
1003,1047,1151,109,26049
1004,25,25,0,26051
1005,25,25,5,26053
1006,409,425,20,26055
1007,49,67,0,26057
1008,44,65,4,26059
1009,61,61,5,26061
1010,98,98,4,26063
1011,925,966,115,26065
1012,25,0,2,26067
1013,47,47,4,26069
1014,25,25,3,26071
1015,83,118,8,26073
1016,469,389,34,26075
1017,904,806,70,26077
1018,8,8,0,26079
1019,2502,1717,142,26081
1020,183,183,10,26087
1021,113,113,9,26091
1022,142,177,8,26093
1023,25,25,0,26095
1024,15,15,0,26097
1025,1362,1101,122,26099
1026,45,45,0,26101
1027,263,289,26,26103
1028,45,49,6,26105
1029,49,69,4,26107
1030,324,324,26,26111
1031,153,217,14,26115
1032,109,126,12,26117
1033,362,413,44,26121
1034,25,25,9,26123
1035,4188,4383,369,26125
1036,24,24,0,26127
1037,88,88,0,26129
1038,25,25,0,26131
1039,25,25,4,26133
1040,46,46,4,26137
1041,325,327,22,26139
1042,1014,912,46,26145
1043,372,375,23,26147
1044,97,144,4,26149
1045,65,65,0,26151
1046,12,12,0,26153
1047,133,129,7,26155
1048,198,50,0,26157
1049,74,74,0,26159
1050,2176,1720,46,26161
1051,5387,5921,411,26163
1052,49,49,20,26165
1053,25,25,4,27001
1054,941,546,35,27003
1055,36,87,8,27005
1056,128,118,10,27007
1057,40,40,0,27011
1058,167,272,29,27013
1059,40,78,0,27015
1060,47,61,2,27017
1061,109,109,18,27019
1062,5,0,0,27021
1063,25,30,0,27023
1064,55,61,10,27025
1065,25,25,0,27029
1066,16,16,0,27031
1067,26,26,0,27033
1068,168,204,16,27035
1069,179,207,12,27037
1070,99,127,8,27041
1071,24,43,4,27043
1072,159,159,18,27047
1073,65,65,4,27049
1074,10,10,0,27051
1075,3717,5441,215,27053
1076,25,50,0,27057
1077,70,86,0,27059
1078,76,104,0,27061
1079,14,20,0,27063
1080,25,49,4,27065
1081,81,136,8,27067
1082,15,15,0,27069
1083,18,25,0,27071
1084,32,32,0,27073
1085,16,25,0,27075
1086,15,15,0,27077
1087,9,15,0,27079
1088,44,44,0,27081
1089,50,74,0,27083
1093,74,115,6,27085
1090,10,18,0,27087
1091,12,12,0,27089
1092,55,57,0,27091
1094,25,35,0,27093
1095,61,82,4,27095
1096,25,49,0,27097
1097,80,0,0,27099
1098,20,25,0,27101
1099,65,17,0,27103
1100,48,48,0,27105
1101,14,14,0,27107
1102,1986,2120,218,27109
1103,121,133,5,27111
1104,41,26,0,27113
1105,9,30,0,27115
1106,18,44,0,27117
1107,54,92,5,27119
1108,19,34,0,27121
1109,1461,1899,115,27123
1110,25,25,0,27127
1111,16,16,0,27129
1112,69,86,0,27131
1113,25,28,0,27133
1114,25,25,0,27135
1115,1195,1121,78,27137
1116,109,142,0,27139
1117,16,0,0,27141
1118,16,20,0,27143
1119,535,575,42,27145
1120,29,43,0,27147
1121,25,49,0,27149
1122,33,46,0,27151
1123,14,34,0,27153
1124,15,25,0,27155
1125,32,43,0,27157
1126,125,86,5,27159
1127,15,35,0,27161
1128,154,183,31,27163
1129,50,50,0,27165
1130,25,25,0,27167
1131,49,49,8,27169
1132,85,104,3,27171
1133,47,55,0,27173
1204,147,179,15,28001
1205,163,200,24,28003
1206,25,25,0,28007
1207,152,164,8,28011
1208,25,25,0,28013
1209,39,84,0,28017
1210,15,25,0,28019
1211,22,32,0,28021
1212,25,25,0,28023
1213,49,49,6,28025
1214,181,181,10,28027
1215,25,0,0,28029
1216,25,35,0,28031
1217,470,514,8,28033
1218,587,723,57,28035
1219,24,25,0,28037
1220,42,48,6,28039
1221,7,7,0,28041
1222,49,156,0,28043
1223,47,102,6,28045
1224,854,834,57,28047
1225,2237,1876,149,28049
1226,25,25,0,28051
1227,571,571,48,28059
1228,16,16,0,28061
1229,12,30,0,28063
1230,25,35,0,28065
1231,268,285,14,28067
1232,25,25,0,28069
1233,169,217,24,28071
1234,45,50,0,28073
1235,767,787,39,28075
1236,25,25,0,28077
1237,25,25,0,28079
1238,700,700,24,28081
1239,173,208,9,28083
1240,90,99,5,28085
1241,158,315,18,28087
1242,67,67,7,28089
1243,49,49,6,28091
1244,27,40,0,28093
1245,120,130,9,28095
1246,25,25,0,28097
1247,83,73,0,28099
1248,25,25,0,28103
1249,88,96,6,28105
1250,45,112,0,28107
1251,73,84,6,28109
1252,22,22,0,28111
1253,177,191,16,28113
1254,25,25,0,28115
1255,39,114,0,28117
1256,583,2030,18,28121
1257,50,60,0,28123
1258,19,29,0,28125
1259,69,99,0,28127
1260,19,29,0,28129
1261,25,25,0,28131
1262,126,84,0,28133
1263,9,18,0,28135
1264,25,25,0,28139
1265,48,48,0,28141
1266,92,153,8,28145
1267,25,25,0,28147
1268,336,396,22,28149
1269,541,364,22,28151
1270,49,80,6,28153
1271,38,38,0,28155
1272,16,25,0,28157
1273,14,41,0,28159
1274,26,26,0,28161
1275,25,25,0,28163
1134,51,93,10,29001
1135,16,18,0,29005
1136,40,88,0,29007
1137,43,43,0,29009
1138,25,25,4,29011
1139,44,60,0,29013
1140,1260,494,114,29019
1141,501,393,21,29021
1142,434,582,14,29023
1143,56,37,0,29027
1144,114,130,18,29029
1145,494,601,31,29031
1146,21,25,0,29033
1147,96,106,9,29037
1148,25,25,0,29039
1149,48,48,0,29043
1150,694,905,34,29047
1151,34,58,5,29049
1152,254,268,25,29051
1153,25,55,0,29065
1154,173,183,13,29071
1155,24,24,0,29073
1156,25,35,0,29075
1157,1632,1955,129,29077
1158,21,25,0,29079
1159,14,19,0,29081
1160,96,97,8,29083
1161,128,139,12,29091
1162,15,15,0,29093
1163,2419,3018,279,29095
1164,706,706,87,29097
1165,279,341,28,29099
1166,46,75,0,29101
1167,43,58,4,29105
1168,25,32,2,29107
1169,25,53,0,29109
1170,25,25,4,29113
1171,25,54,0,29115
1172,25,25,0,29117
1173,25,25,0,29121
1174,25,144,0,29123
1175,86,99,8,29127
1176,25,49,0,29145
1177,38,81,0,29147
1178,49,167,7,29155
1179,25,25,0,29157
1180,108,145,9,29159
1181,172,242,18,29161
1182,25,25,0,29163
1183,118,97,0,29165
1184,52,86,8,29167
1185,46,0,0,29169
1186,15,15,0,29171
1187,33,99,8,29175
1188,25,34,0,29177
1189,1208,1016,39,29183
1190,12,12,0,29185
1194,25,47,0,29186
1191,433,133,10,29187
1192,5172,4894,460,29189
1195,42,60,7,29195
1196,25,25,0,29199
1197,110,144,12,29201
1198,48,48,4,29207
1199,17,25,0,29211
1200,105,157,18,29213
1201,47,66,4,29215
1202,57,140,6,29217
1203,25,25,0,29221
1193,2694,2281,196,29510
1276,18,0,0,30001
1277,49,0,0,30003
1278,6,0,0,30005
1279,25,0,0,30007
1280,10,0,0,30009
1281,25,0,0,30011
1282,552,635,20,30013
1283,33,0,0,30015
1284,25,0,4,30017
1285,25,0,0,30019
1286,25,0,3,30021
1287,199,0,0,30023
1288,25,0,0,30025
1289,23,0,0,30027
1290,220,30,22,30029
1291,87,86,8,30031
1292,4,0,0,30033
1293,46,0,0,30035
1294,25,0,0,30039
1295,49,49,6,30041
1296,47,0,0,30047
1297,131,143,8,30049
1298,25,0,0,30051
1299,25,0,0,30053
1301,25,0,0,30055
1300,20,0,0,30057
1302,25,0,0,30059
1303,24,0,0,30061
1304,299,404,32,30063
1305,25,0,0,30065
1306,25,0,4,30067
1307,6,0,0,30071
1308,20,0,0,30073
1309,16,0,0,30077
1310,22,0,0,30079
1311,25,0,5,30081
1312,25,0,0,30083
1313,75,0,0,30085
1314,25,0,1,30087
1315,16,0,0,30089
1316,19,0,0,30091
1317,71,98,11,30093
1318,10,0,0,30095
1319,25,0,0,30097
1320,25,0,0,30099
1321,21,0,0,30101
1322,25,0,0,30105
1323,25,0,0,30107
1324,577,611,41,30111
1441,127,162,10,31001
1442,23,23,0,31003
1443,25,25,0,31011
1444,25,25,0,31013
1445,20,20,0,31015
1446,23,23,0,31017
1447,362,266,34,31019
1448,16,16,0,31021
1449,20,20,0,31023
1450,22,20,0,31029
1451,25,0,0,31031
1452,19,25,4,31033
1453,25,25,0,31037
1454,25,25,0,31039
1455,35,35,0,31041
1456,25,25,0,31045
1457,57,57,0,31047
1458,50,70,0,31053
1459,2208,2705,234,31055
1460,14,14,0,31057
1461,20,20,0,31059
1462,14,14,0,31061
1463,20,20,0,31065
1464,25,25,3,31067
1465,10,10,0,31069
1466,140,159,16,31079
1467,14,12,0,31081
1468,19,19,0,31083
1469,42,42,0,31089
1470,16,16,0,31093
1471,17,17,0,31095
1472,18,18,0,31097
1473,10,10,0,31099
1474,18,18,0,31101
1475,15,15,0,31105
1476,23,23,0,31107
1477,1392,1144,52,31109
1478,97,116,19,31111
1479,131,0,24,31119
1480,20,20,0,31121
1481,20,20,0,31123
1482,19,19,0,31125
1483,16,16,0,31127
1484,25,25,0,31129
1485,28,36,0,31131
1486,17,11,0,31133
1487,20,20,0,31135
1488,25,25,0,31137
1489,35,35,0,31139
1490,47,47,5,31141
1491,16,16,0,31143
1492,25,25,0,31145
1493,24,24,0,31147
1494,24,24,0,31149
1495,43,43,0,31151
1496,89,212,8,31153
1497,16,16,0,31155
1498,122,166,22,31157
1499,24,24,0,31159
1500,25,25,0,31161
1501,19,17,0,31169
1502,34,21,0,31173
1503,16,16,0,31175
1504,21,21,0,31177
1505,25,0,0,31179
1506,13,13,0,31181
1507,38,38,0,31185
1565,25,40,0,32001
1566,6323,5370,452,32003
1567,23,23,0,32005
1568,59,75,7,32007
1569,25,53,3,32013
1570,5,25,0,32015
1571,4,20,0,32017
1572,14,63,0,32019
1573,11,35,0,32021
1574,25,25,0,32023
1575,13,38,0,32027
1576,1429,1705,290,32031
1577,25,25,0,32033
1564,219,234,24,32510
1508,86,137,10,33001
1509,50,50,8,33003
1510,86,169,27,33005
1511,66,66,3,33007
1512,553,506,52,33009
1513,1002,1082,62,33011
1514,474,395,18,33013
1515,506,573,43,33015
1516,182,290,17,33017
1517,25,25,0,33019
1518,1602,906,54,34001
1519,3025,3011,112,34003
1520,983,1046,82,34005
1521,2244,2142,166,34007
1522,149,242,16,34009
1523,321,335,12,34011
1524,2906,3581,215,34013
1525,233,311,14,34015
1526,1086,1851,89,34017
1527,170,184,12,34019
1528,1399,1147,80,34021
1529,2808,2071,97,34023
1530,1643,2151,128,34025
1531,1867,1528,81,34027
1532,1325,1528,94,34029
1533,1740,1187,53,34031
1534,209,222,19,34033
1535,820,642,28,34035
1536,130,148,10,34037
1537,1010,1401,55,34039
1538,156,309,20,34041
1539,2647,1958,117,35001
1540,204,232,24,35005
1541,31,25,4,35006
1542,25,25,4,35007
1543,106,106,8,35009
1544,663,427,51,35013
1545,130,164,12,35015
1546,32,68,6,35017
1547,10,10,0,35019
1548,86,230,8,35025
1549,25,25,4,35027
1550,47,47,6,35028
1551,25,25,6,35029
1552,148,98,5,35031
1553,56,100,10,35035
1554,52,70,8,35039
1555,20,24,0,35041
1558,200,259,0,35043
1556,260,210,10,35045
1557,226,175,8,35047
1559,244,219,24,35049
1560,11,25,0,35051
1561,24,24,0,35053
1562,6,25,6,35055
1563,50,50,0,35059
1578,1623,899,81,36001
1579,69,70,6,36003
1580,4602,3000,201,36005
1581,772,742,47,36007
1582,260,186,0,36009
1583,85,99,0,36011
1584,208,386,26,36013
1585,325,391,20,36015
1586,58,58,7,36017
1587,300,300,21,36019
1588,95,192,9,36021
1589,103,162,12,36023
1590,56,0,0,36025
1591,874,692,27,36027
1592,2653,2664,190,36029
1593,25,0,0,36031
1594,131,171,13,36033
1595,58,74,8,36035
1596,131,0,10,36037
1597,25,0,0,36043
1598,287,290,10,36045
1599,4557,5746,248,36047
1600,25,0,6,36049
1601,67,67,0,36051
1602,126,101,6,36053
1603,2038,1139,154,36055
1604,100,120,8,36057
1605,4187,4377,235,36059
1606,9382,9378,725,36061
1607,411,482,32,36063
1608,903,701,26,36065
1609,2113,1762,118,36067
1610,307,399,27,36069
1611,986,807,76,36071
1612,25,0,0,36073
1613,132,132,8,36075
1614,227,180,14,36077
1615,120,164,10,36079
1616,3438,2857,92,36081
1617,257,227,24,36083
1618,1254,1114,62,36085
1619,1144,791,0,36087
1620,384,259,20,36089
1621,259,171,0,36091
1622,351,538,36,36093
1623,40,40,0,36095
1624,25,0,0,36097
1625,95,115,8,36101
1626,3509,3181,250,36103
1627,99,154,0,36105
1628,163,212,16,36109
1629,209,300,25,36111
1630,361,406,24,36113
1631,101,120,8,36117
1632,3160,3396,158,36119
1633,50,62,5,36121
1634,25,0,0,36123
1325,176,238,20,37001
1326,25,41,0,37005
1327,15,15,0,37007
1328,25,76,0,37009
1329,21,50,0,37011
1330,72,142,8,37013
1331,6,6,0,37015
1332,25,58,4,37017
1333,126,99,19,37019
1334,1708,884,146,37021
1335,587,315,16,37023
1336,540,497,15,37025
1337,110,110,12,37027
1338,99,135,8,37031
1339,426,613,52,37035
1340,25,25,4,37037
1341,25,57,0,37039
1342,25,49,4,37041
1343,292,308,57,37045
1344,154,154,0,37047
1345,286,350,72,37049
1346,726,700,56,37051
1347,21,21,0,37055
1348,154,240,29,37057
1349,50,50,0,37059
1350,49,81,9,37061
1351,1376,1374,70,37063
1352,101,117,15,37065
1353,2172,1878,180,37067
1354,423,475,57,37071
1355,1342,142,6,37077
1356,1354,1411,107,37081
1357,106,204,16,37083
1358,268,151,14,37085
1359,122,159,12,37087
1360,233,325,27,37089
1361,70,114,10,37091
1362,61,49,0,37093
1363,406,514,36,37097
1364,82,86,9,37099
1365,229,199,24,37101
1366,127,137,8,37105
1367,1086,261,0,37107
1368,101,101,10,37109
1371,49,65,9,37111
1369,49,83,5,37113
1370,43,49,6,37117
1372,2898,2646,141,37119
1373,25,46,0,37121
1374,4,37,0,37123
1375,412,402,0,37125
1376,372,395,21,37127
1377,992,769,29,37129
1378,306,162,14,37133
1379,1086,905,0,37135
1380,91,182,10,37139
1381,25,86,0,37141
1382,38,98,6,37145
1383,930,909,71,37147
1384,25,35,6,37149
1385,145,145,12,37151
1386,99,99,0,37153
1387,256,452,25,37155
1388,218,218,9,37157
1389,169,268,20,37159
1390,111,143,18,37161
1391,71,146,8,37163
1392,97,104,8,37165
1393,97,109,10,37167
1394,25,99,0,37169
1395,181,226,10,37171
1396,44,48,0,37173
1397,25,92,4,37175
1398,182,252,14,37179
1399,91,102,20,37181
1400,2920,1704,117,37183
1401,25,0,0,37187
1402,95,117,10,37189
1403,514,316,16,37191
1404,93,130,8,37193
1405,270,294,14,37195
1406,25,25,0,38001
1407,25,25,0,38003
1408,25,25,0,38009
1409,23,23,0,38011
1410,458,510,52,38015
1411,1407,1052,111,38017
1412,20,20,0,38019
1413,20,20,0,38021
1414,15,15,0,38023
1415,14,14,0,38029
1416,25,25,0,38031
1417,384,404,16,38035
1418,30,30,0,38037
1419,18,18,0,38039
1420,44,44,0,38051
1421,24,24,0,38053
1422,47,47,0,38055
1423,13,13,0,38057
1424,41,41,0,38059
1425,11,11,0,38061
1426,19,19,0,38063
1427,20,20,0,38067
1428,25,25,0,38069
1429,25,25,0,38071
1430,25,25,0,38073
1431,52,25,0,38079
1432,12,0,0,38085
1433,25,25,4,38089
1434,131,165,6,38093
1435,20,20,0,38095
1436,41,41,0,38097
1437,28,28,0,38099
1438,466,441,19,38101
1439,25,25,0,38103
1440,50,50,0,38105
1635,25,25,0,39001
1636,529,830,34,39003
1637,39,123,6,39005
1638,286,431,19,39007
1639,156,0,0,39009
1640,36,131,6,39011
1641,185,45,0,39013
1642,809,593,56,39017
1643,25,0,0,39021
1644,270,40,38,39023
1645,147,160,16,39025
1646,89,165,6,39027
1647,219,199,20,39029
1648,56,56,7,39031
1649,50,75,9,39033
1650,5850,5935,397,39035
1651,40,104,6,39037
1652,73,104,8,39039
1653,124,60,6,39041
1654,410,405,18,39043
1655,213,245,20,39045
1656,25,25,0,39047
1657,5911,3692,368,39049
1658,25,117,7,39051
1659,157,287,14,39053
1660,124,0,12,39055
1661,235,206,20,39057
1662,156,255,11,39059
1663,3829,3626,232,39061
1664,141,176,0,39063
1665,25,25,0,39065
1666,25,25,0,39067
1667,25,31,5,39069
1668,50,70,0,39071
1669,25,0,0,39073
1670,41,69,4,39075
1671,148,198,22,39077
1672,24,25,0,39079
1673,448,500,12,39081
1674,65,111,12,39083
1675,709,531,27,39085
1676,8,8,0,39087
1677,262,35,13,39089
1678,39,115,0,39091
1679,838,453,54,39093
1680,2468,3274,158,39095
1681,45,94,13,39097
1682,826,1100,38,39099
1683,174,0,15,39101
1684,150,191,12,39103
1685,42,88,5,39107
1686,119,182,10,39109
1687,2153,2327,208,39113
1688,23,25,3,39117
1689,282,321,24,39119
1690,25,25,4,39123
1691,25,25,0,39125
1692,83,83,8,39129
1693,25,25,0,39131
1694,191,302,16,39133
1695,279,358,37,39139
1696,189,261,12,39141
1697,102,186,8,39143
1698,202,446,16,39145
1699,94,145,9,39147
1700,61,90,7,39149
1701,1006,1523,68,39151
1702,2260,2097,145,39153
1703,435,590,42,39155
1704,153,174,10,39157
1705,60,97,7,39159
1706,145,195,5,39161
1707,265,340,16,39165
1708,213,243,11,39167
1709,129,184,14,39169
1710,100,123,7,39171
1711,149,0,10,39173
1712,24,31,0,39175
1713,30,67,0,40001
1714,25,25,0,40005
1715,24,24,0,40007
1716,34,62,6,40009
1717,42,42,0,40011
1718,140,148,8,40013
1719,42,42,0,40015
1720,74,75,8,40017
1721,162,212,13,40019
1722,122,98,14,40021
1723,34,34,0,40023
1724,25,25,0,40025
1725,1025,605,52,40027
1726,20,20,0,40029
1727,365,512,28,40031
1728,235,55,0,40035
1729,95,95,0,40037
1730,70,81,4,40039
1731,58,58,6,40041
1732,18,18,0,40043
1733,25,25,0,40045
1734,349,436,30,40047
1735,26,26,0,40049
1736,49,75,9,40051
1737,18,18,0,40055
1738,22,25,0,40057
1739,15,25,0,40059
1740,25,25,0,40063
1741,49,49,6,40065
1742,25,25,0,40067
1743,25,25,0,40069
1744,82,189,10,40071
1745,25,25,0,40073
1746,38,38,0,40075
1747,43,0,0,40077
1748,25,43,4,40079
1749,50,50,0,40081
1750,25,25,0,40083
1751,25,25,0,40085
1755,39,39,0,40087
1756,77,0,6,40089
1752,25,25,0,40093
1753,21,25,0,40095
1754,24,48,0,40097
1757,25,25,0,40099
1758,373,384,24,40101
1759,26,26,0,40103
1760,25,25,0,40105
1761,25,0,0,40107
1762,4337,4357,267,40109
1763,107,107,0,40111
1764,40,40,0,40113
1765,144,167,9,40115
1766,14,14,0,40117
1767,161,216,11,40119
1768,132,164,15,40121
1769,240,216,12,40123
1770,111,130,14,40125
1771,42,0,0,40127
1772,15,15,0,40129
1773,100,81,6,40131
1774,32,32,0,40133
1775,41,41,0,40135
1776,86,138,9,40137
1777,47,47,0,40139
1778,3313,3360,276,40143
1779,100,100,6,40145
1780,81,140,0,40147
1781,14,14,0,40149
1782,25,25,0,40151
1783,64,115,6,40153
1784,21,36,2,41001
1785,169,188,12,41003
1786,453,549,54,41005
1787,48,83,4,41007
1788,166,218,12,41011
1789,16,16,0,41013
1790,16,24,0,41015
1791,270,304,36,41017
1792,156,190,32,41019
1793,14,25,0,41023
1794,19,25,2,41025
1795,25,25,0,41027
1796,458,595,34,41029
1797,25,25,0,41031
1798,121,125,12,41033
1799,105,176,0,41035
1800,24,24,0,41037
1801,721,599,71,41039
1802,50,50,0,41041
1803,92,128,11,41043
1804,44,49,8,41045
1805,1067,543,68,41047
1806,21,21,0,41049
1807,2852,2598,165,41051
1808,15,25,0,41053
1809,25,49,4,41057
1810,66,98,8,41059
1811,25,25,4,41061
1812,23,25,0,41063
1813,43,49,17,41065
1814,989,795,85,41067
1815,90,128,11,41071
1816,76,76,8,42001
1817,6602,6736,443,42003
1818,131,154,12,42005
1819,229,320,20,42007
1820,40,49,4,42009
1821,1142,1326,50,42011
1822,496,518,42,42013
1823,310,314,42,42015
1824,1105,1155,91,42017
1825,292,296,35,42019
1826,423,539,19,42021
1827,68,159,6,42025
1828,432,440,0,42027
1829,1133,1109,54,42029
1830,169,146,7,42031
1831,241,315,15,42033
1832,63,68,0,42035
1833,143,173,22,42037
1834,170,242,16,42039
1835,724,684,31,42041
1836,1516,1433,36,42043
1837,2036,1329,101,42045
1838,25,35,0,42047
1839,1040,1116,40,42049
1840,210,235,15,42051
1841,299,314,0,42055
1842,21,21,0,42057
1843,23,49,0,42059
1844,57,62,7,42061
1845,134,166,12,42063
1846,69,84,5,42065
1847,855,984,53,42069
1848,1031,941,73,42071
1849,206,207,12,42073
1850,393,273,18,42075
1851,2277,1271,98,42077
1852,1248,1114,67,42079
1853,303,300,32,42081
1854,138,138,10,42083
1855,562,478,26,42085
1856,109,123,10,42087
1857,295,239,24,42089
1858,3019,2778,165,42091
1859,848,773,68,42093
1860,1000,1220,80,42095
1861,45,0,0,42097
1862,6540,7129,387,42101
1863,25,59,4,42105
1864,266,349,26,42107
1865,148,185,6,42111
1866,50,50,4,42115
1867,25,25,6,42117
1868,123,132,12,42119
1869,118,158,8,42121
1870,237,237,6,42123
1871,448,578,16,42125
1872,76,112,8,42127
1873,794,974,33,42129
1874,44,44,6,42131
1875,808,985,70,42133
1900,323,359,15,44003
1901,102,129,10,44005
1902,3416,2627,204,44007
1903,154,225,17,44009
1904,25,25,6,45001
1905,204,259,35,45003
1906,25,25,0,45005
1907,532,793,25,45007
1908,318,290,24,45013
1909,2172,2029,221,45019
1910,44,125,12,45021
1911,36,82,6,45023
1912,48,59,6,45025
1913,49,81,6,45027
1914,102,135,8,45029
1915,152,188,12,45031
1916,72,79,6,45033
1917,94,94,0,45035
1918,25,25,0,45037
1919,1011,1033,63,45041
1920,131,131,10,45043
1921,1560,1748,123,45045
1922,332,400,20,45047
1923,32,32,6,45049
1924,1032,973,100,45051
1925,41,41,4,45053
1926,121,121,10,45055
1927,208,253,20,45057
1928,43,76,0,45059
1929,634,636,37,45063
1930,94,124,10,45067
1931,48,90,7,45071
1932,122,169,0,45073
1933,266,301,20,45075
1934,131,164,4,45077
1935,2339,1490,82,45079
1936,748,884,41,45083
1937,173,283,17,45085
1938,49,143,6,45087
1939,25,25,4,45089
1940,318,338,24,45091
1941,25,25,6,46005
1942,14,14,0,46007
1943,50,50,0,46009
1944,49,49,0,46011
1945,97,157,6,46013
1946,25,25,0,46015
1947,37,37,0,46023
1948,25,25,0,46027
1949,81,81,8,46029
1950,11,11,0,46033
1951,50,67,8,46035
1952,20,25,0,46037
1953,10,10,0,46039
1954,8,0,0,46041
1955,11,11,0,46043
1956,12,12,0,46045
1957,25,25,0,46047
1958,12,12,0,46049
1959,25,25,0,46051
1960,41,41,0,46053
1961,18,18,0,46055
1962,25,0,0,46059
1963,50,50,6,46065
1964,50,50,0,46067
1965,16,16,0,46073
1966,6,6,0,46077
1967,22,22,0,46079
1968,45,62,5,46081
1969,64,64,0,46083
1971,4,6,0,46089
1970,20,20,0,46091
1972,79,25,3,46093
1973,1296,1150,56,46099
1974,18,18,0,46101
1975,45,0,0,46102
1976,403,449,38,46103
1977,10,10,0,46107
1978,25,25,0,46109
1979,23,25,0,46115
1980,35,0,0,46121
1981,25,25,0,46123
1982,12,12,0,46125
1983,38,40,0,46127
1984,25,25,4,46129
1985,168,232,10,46135
1986,220,317,25,47001
1987,44,60,8,47003
1988,25,25,0,47005
1989,25,25,0,47007
1990,348,459,8,47009
1991,183,251,27,47011
1992,81,120,10,47013
1993,30,60,0,47015
1994,42,70,0,47017
1995,109,121,8,47019
1996,12,12,0,47021
1997,33,85,5,47025
1998,32,74,5,47029
1999,123,160,13,47031
2000,73,189,12,47035
2001,3658,4073,359,47037
2002,40,40,0,47039
2003,52,71,4,47041
2004,91,157,6,47043
2005,109,225,14,47045
2006,152,173,10,47051
2007,47,70,3,47053
2008,81,95,6,47055
2009,189,240,17,47059
2010,116,167,20,47063
2011,2141,2052,151,47065
2012,10,10,0,47067
2013,175,238,0,47069
2014,49,58,0,47071
2015,32,50,6,47073
2016,36,45,0,47077
2017,64,142,0,47079
2018,25,25,0,47081
2019,25,25,0,47083
2020,25,25,0,47085
2021,58,58,6,47089
2022,2,2,0,47091
2023,1751,1253,147,47093
2024,25,25,0,47097
2025,89,99,6,47099
2026,49,59,6,47103
2027,30,50,5,47105
2033,88,118,4,47107
2028,25,25,0,47111
2029,870,177,89,47113
2030,28,70,0,47115
2031,25,25,0,47117
2032,281,271,41,47119
2034,59,59,0,47123
2035,260,296,21,47125
2036,63,173,0,47131
2037,90,114,6,47133
2038,21,53,0,47135
2039,247,285,38,47141
2040,25,25,3,47143
2041,52,54,6,47145
2042,109,109,8,47147
2043,759,491,78,47149
2044,25,25,0,47151
2045,58,79,16,47155
2046,4470,4745,196,47157
2047,25,25,2,47159
2048,851,1139,92,47163
2049,255,265,38,47165
2050,47,100,0,47167
2051,25,25,0,47169
2052,10,48,0,47171
2053,100,125,8,47177
2054,630,581,76,47179
2055,30,80,0,47181
2056,94,156,0,47183
2057,32,60,4,47185
2058,543,270,28,47187
2059,170,170,12,47189
2060,150,0,10,48001
2061,30,34,0,48003
2062,367,446,39,48005
2063,67,67,6,48013
2064,32,32,0,48015
2065,25,25,0,48017
2066,8,8,0,48021
2067,27,49,0,48023
2068,40,69,8,48025
2069,1241,365,90,48027
2070,8584,7596,505,48029
2071,25,25,0,48035
2072,679,864,58,48037
2073,247,312,16,48039
2074,579,537,48,48041
2075,25,25,3,48043
2076,77,188,12,48049
2077,15,25,0,48051
2078,71,71,12,48053
2079,57,59,0,48055
2080,25,25,6,48057
2081,1214,1277,96,48061
2082,25,25,0,48063
2083,43,43,0,48067
2084,17,17,0,48069
2085,39,39,0,48071
2086,346,97,0,48073
2087,39,39,0,48075
2088,25,25,0,48077
2089,18,18,0,48079
2090,25,25,0,48083
2091,1826,1928,82,48085
2092,13,13,0,48087
2093,61,65,0,48089
2094,324,340,16,48091
2095,25,25,0,48093
2096,16,16,0,48095
2097,54,78,5,48097
2098,25,25,4,48099
2099,25,25,0,48103
2100,25,25,0,48107
2101,14,14,0,48109
2102,21,21,0,48111
2103,7823,7317,508,48113
2104,22,23,0,48115
2106,30,42,0,48117
2107,1464,1349,85,48121
2105,44,49,0,48123
2108,25,25,0,48127
2109,36,52,0,48133
2110,560,638,30,48135
2112,166,189,18,48139
2111,2763,2094,225,48141
2113,50,98,5,48143
2114,36,36,0,48145
2115,317,25,2,48147
2116,38,65,0,48149
2117,14,14,0,48151
2118,25,25,0,48153
2119,1327,1268,146,48157
2120,37,37,0,48161
2121,24,22,0,48163
2122,25,33,0,48165
2123,1363,252,0,48167
2124,57,86,10,48171
2125,34,33,0,48177
2126,97,115,8,48179
2127,663,623,71,48181
2128,644,681,57,48183
2129,18,25,0,48185
2130,123,133,9,48187
2131,69,68,5,48189
2132,42,42,0,48193
2133,14,14,0,48195
2134,24,24,0,48197
2135,14802,13137,1039,48201
2136,149,149,42,48203
2137,25,25,0,48207
2138,391,385,42,48209
2139,15,26,0,48211
2140,127,127,10,48213
2141,2212,2332,195,48215
2142,25,116,0,48217
2143,48,48,0,48219
2144,48,73,12,48221
2145,56,96,14,48223
2146,25,0,0,48225
2147,275,150,8,48227
2148,176,181,16,48231
2149,25,25,4,48233
2150,17,17,0,48237
2151,25,25,0,48239
2152,40,59,6,48241
2153,1362,1179,88,48245
2154,72,135,8,48249
2155,346,501,35,48251
2156,7,45,0,48253
2157,25,25,0,48255
2158,351,91,8,48257
2159,302,124,12,48265
2160,15,15,0,48267
2161,50,96,10,48273
2162,28,28,0,48275
2163,154,202,20,48277
2164,42,75,0,48279
2165,25,25,0,48281
2166,50,50,3,48285
2167,41,32,0,48291
2168,69,78,6,48293
2169,25,27,0,48299
2170,2730,1569,194,48303
2171,25,24,0,48305
2176,14,25,0,48307
2177,738,526,42,48309
2172,15,25,0,48313
2173,18,18,0,48317
2174,63,75,6,48321
2175,86,101,10,48323
2178,25,25,0,48325
2179,626,554,0,48329
2180,25,25,0,48335
2181,55,87,0,48337
2182,1491,1431,113,48339
2183,19,25,3,48341
2184,297,392,27,48347
2185,49,162,9,48349
2186,39,86,5,48353
2187,1808,1872,105,48355
2188,25,25,0,48357
2189,48,74,8,48363
2190,42,42,0,48365
2191,108,129,20,48367
2192,25,25,0,48369
2193,39,39,0,48371
2194,52,66,8,48373
2195,1354,967,51,48375
2196,7,7,0,48383
2197,25,25,0,48389
2198,20,0,0,48391
2199,61,69,6,48397
2200,31,50,0,48399
2201,41,96,0,48401
2202,25,25,0,48403
2203,9,18,0,48405
2204,14,14,0,48413
2205,25,25,0,48415
2206,1632,1234,211,48423
2207,16,16,0,48425
2208,48,48,0,48427
2209,14,40,0,48429
2210,20,20,0,48433
2211,12,12,0,48435
2212,20,20,0,48437
2213,5952,5762,372,48439
2214,733,878,66,48441
2215,26,45,0,48445
2216,14,14,0,48447
2217,49,174,8,48449
2218,580,470,29,48451
2219,3005,2714,301,48453
2220,25,49,0,48457
2221,26,29,0,48461
2222,21,25,6,48463
2223,47,93,7,48465
2224,685,717,35,48469
2225,90,123,6,48471
2226,21,25,0,48475
2227,50,60,5,48477
2228,515,557,56,48479
2229,26,49,4,48481
2230,41,41,0,48483
2231,812,479,12,48485
2232,398,47,0,48487
2233,954,848,100,48491
2234,44,44,4,48493
2235,19,19,0,48495
2236,49,99,21,48497
2237,48,50,0,48499
2238,24,24,0,48501
2239,50,50,0,48503
2240,30,74,0,49001
2241,56,74,0,49003
2242,152,168,14,49005
2243,49,0,6,49007
2244,310,390,22,49011
2245,35,49,4,49013
2246,15,36,0,49017
2247,17,17,0,49019
2248,48,48,6,49021
2249,25,25,0,49023
2250,25,25,0,49025
2251,37,37,0,49027
2252,2967,3377,230,49035
2253,32,36,1,49037
2254,43,43,0,49039
2255,24,29,0,49041
2256,37,38,4,49043
2257,36,44,4,49045
2258,39,39,4,49047
2259,1227,1384,122,49049
2260,19,19,0,49051
2261,164,245,32,49053
2262,457,593,64,49057
2336,25,45,0,50001
2337,78,99,10,50003
2338,25,75,4,50005
2339,415,522,21,50007
2340,53,70,0,50011
2341,25,43,0,50015
2342,25,52,2,50017
2343,25,49,5,50019
2344,124,188,13,50021
2345,101,130,14,50023
2346,185,229,0,50025
2347,50,144,0,50027
2263,46,0,10,51001
2264,150,0,12,51003
2266,95,0,10,51005
2267,305,0,32,51013
2268,209,0,8,51015
2269,14,0,0,51017
2270,34,0,6,51019
2272,49,0,12,51027
2275,450,0,94,51041
2276,70,0,6,51047
2278,2,0,0,51051
2280,67,0,7,51057
2281,2807,0,142,51059
2282,97,0,8,51061
2283,37,0,4,51067
2287,25,0,0,51071
2288,67,0,7,51073
2289,107,0,12,51083
2291,264,0,24,51085
2293,1018,0,81,51087
2295,276,0,26,51095
2296,25,0,0,51103
2298,429,0,33,51107
2302,70,0,0,51117
2303,198,0,22,51121
2304,94,0,0,51127
2308,180,0,0,51135
2309,25,0,0,51139
2312,86,0,8,51147
2313,207,0,24,51153
2314,92,0,8,51155
2316,270,0,0,51161
2318,49,0,5,51167
2320,25,0,0,51171
2321,139,0,4,51173
2322,105,0,12,51177
2323,90,0,4,51179
2326,207,0,12,51185
2328,46,0,8,51187
2329,115,0,14,51191
2331,68,0,8,51195
2332,92,0,6,51197
2333,110,0,0,51199
2265,339,0,40,51510
2271,25,0,0,51520
2273,786,0,14,51540
2274,310,0,28,51550
2277,367,0,34,51590
2279,70,0,7,51595
2284,75,0,8,51620
2285,533,0,0,51630
2286,141,0,10,51640
2290,251,0,24,51650
2292,238,0,34,51660
2294,107,0,17,51670
2297,25,0,0,51678
2299,555,0,37,51680
2300,94,0,11,51683
2301,223,0,0,51690
2305,605,0,34,51700
2306,1346,0,87,51710
2307,233,0,11,51720
2310,618,0,28,51730
2311,417,0,22,51740
2315,2507,0,33,51760
2317,747,0,36,51770
2319,330,0,24,51775
2324,132,0,0,51790
2325,155,0,12,51800
2327,487,0,38,51810
2330,389,0,48,51840
2348,28,0,0,53001
2349,25,0,0,53003
2350,453,32,44,53005
2351,221,0,20,53007
2352,103,0,19,53009
2353,746,220,96,53011
2354,25,0,0,53013
2355,166,346,18,53015
2356,25,0,0,53019
2357,25,95,0,53021
2358,25,0,0,53023
2359,123,0,12,53025
2360,108,0,8,53027
2361,30,0,6,53029
2362,25,0,6,53031
2363,4354,2228,541,53033
2364,334,336,20,53035
2365,25,0,6,53037
2366,28,0,0,53039
2367,152,0,6,53041
2368,50,0,0,53043
2369,25,0,6,53045
2370,71,0,0,53047
2371,35,0,0,53049
2372,20,0,0,53051
2373,2531,552,197,53053
2374,10,10,0,53055
2375,205,25,6,53057
2376,863,0,72,53061
2377,1896,16,79,53063
2378,48,0,0,53065
2379,411,0,72,53067
2380,120,0,28,53071
2381,207,241,24,53073
2382,50,0,6,53075
2383,258,0,52,53077
2448,12,72,0,54001
2449,146,241,20,54003
2450,25,25,0,54005
2451,25,25,0,54007
2452,1068,961,32,54011
2453,25,42,0,54013
2454,50,94,3,54019
2455,25,61,3,54023
2456,92,122,12,54025
2457,14,44,0,54027
2458,199,251,10,54029
2459,423,292,20,54033
2460,25,46,0,54035
2461,25,25,5,54037
2462,1706,1381,100,54039
2463,220,70,6,54041
2464,132,140,12,54045
2468,49,124,7,54047
2465,89,207,14,54049
2466,59,127,9,54051
2467,94,201,5,54053
2469,206,419,17,54055
2470,25,25,4,54057
2471,27,76,6,54059
2472,1005,985,91,54061
2473,25,41,0,54065
2474,49,105,6,54067
2475,317,432,22,54069
2476,25,25,0,54075
2477,25,25,0,54077
2478,70,70,0,54079
2479,413,473,27,54081
2480,90,90,0,54083
2481,25,60,0,54087
2482,25,25,0,54089
2483,25,101,0,54091
2484,25,12,0,54095
2485,25,51,4,54097
2486,80,0,0,54099
2487,25,15,0,54101
2488,48,58,5,54103
2489,270,313,18,54107
2384,25,25,0,55001
2385,25,35,0,55003
2386,90,90,5,55005
2387,828,1278,56,55009
2388,25,25,0,55013
2389,25,25,0,55015
2390,151,242,6,55017
2391,25,25,0,55019
2392,68,98,10,55021
2393,24,25,0,55023
2394,1901,2075,32,55025
2395,245,245,10,55027
2396,25,25,4,55029
2397,25,25,0,55031
2398,25,25,0,55033
2399,418,661,40,55035
2400,158,189,15,55039
2401,75,75,0,55043
2402,58,95,6,55045
2403,25,25,5,55047
2404,25,25,0,55049
2405,25,25,0,55053
2406,49,82,4,55055
2407,40,40,0,55057
2408,492,517,27,55059
2409,395,656,52,55063
2410,25,25,0,55065
2411,25,25,4,55067
2412,40,43,0,55069
2413,127,236,16,55071
2414,338,440,52,55073
2415,55,99,10,55075
2416,4025,4651,455,55079
2417,50,50,0,55081
2418,32,35,0,55083
2419,102,172,30,55085
2420,441,492,64,55087
2421,246,309,46,55089
2422,25,25,0,55091
2423,25,25,0,55093
2424,70,73,3,55095
2425,84,94,12,55097
2426,24,25,4,55099
2427,657,715,33,55101
2428,25,25,4,55103
2429,381,564,33,55105
2430,25,25,4,55107
2431,75,75,0,55109
2432,104,161,10,55111
2433,25,25,0,55113
2434,25,25,0,55115
2435,189,370,13,55117
2436,25,25,0,55119
2437,43,43,0,55121
2438,50,50,0,55123
2439,14,25,0,55125
2440,79,134,16,55127
2441,45,50,0,55129
2442,105,141,12,55131
2443,710,1243,64,55133
2444,50,50,4,55135
2445,25,25,0,55137
2446,687,795,60,55139
2447,315,619,4,55141
2490,66,99,4,56001
2491,22,25,0,56003
2492,66,90,14,56005
2493,25,25,6,56007
2494,25,25,0,56009
2495,16,16,0,56011
2496,133,159,12,56013
2497,25,25,0,56015
2498,25,25,0,56017
2499,22,25,0,56019
2500,252,206,15,56021
2501,35,38,0,56023
2502,372,269,14,56025
2503,24,24,0,56027
2504,50,50,4,56029
2505,25,25,0,56031
2506,71,88,11,56033
2507,74,115,10,56037
2508,48,48,6,56039
2509,105,42,6,56041
2510,18,18,0,56043
2511,12,12,0,56045
422,304,0,31,66010
1876,124,0,8,72005
1877,210,0,6,72009
1878,292,0,14,72013
1879,837,0,66,72021
1880,43,0,0,72023
1881,665,0,64,72025
1882,342,0,14,72031
1883,225,0,35,72035
1884,216,0,0,72041
1885,0,0,0,72045
1886,222,0,21,72053
1887,116,0,6,72057
1888,49,0,0,72061
1889,296,0,39,72069
1890,0,0,0,72081
1891,553,0,28,72091
1892,468,0,44,72097
1893,106,0,7,72099
1894,848,0,111,72113
1895,232,0,18,72125
1896,2555,0,245,72127
1897,7,0,0,72141
1898,130,0,6,72145
1899,84,0,11,72153
2334,77,0,11,78010
2335,107,0,8,78030
