,FIPS,hospitals,staffed_beds,licensed_beds,icu_beds_Pre,icu_beds_Post
0,1001,1,55.0,85.0,6.0,6
1,1003,3,362.0,410.0,44.0,51
2,1005,1,30.0,74.0,5.0,5
3,1007,1,25.0,35.0,0.0,0
4,1009,1,25.0,40.0,6.0,6
5,1011,1,30.0,61.0,0.0,0
6,1013,1,44.0,72.0,7.0,7
7,1015,2,413.0,486.0,24.0,24
8,1017,0,0.0,115.0,0.0,0
9,1019,1,45.0,60.0,0.0,0
10,1021,1,26.0,30.0,6.0,6
11,1023,1,25.0,25.0,0.0,0
12,1025,2,56.0,85.0,0.0,0
13,1027,1,46.0,53.0,4.0,4
15,1031,1,99.0,131.0,7.0,7
16,1033,2,300.0,363.0,22.0,22
17,1035,1,44.0,58.0,0.0,0
19,1039,2,128.0,187.0,13.0,13
20,1041,1,57.0,93.0,0.0,0
21,1043,1,185.0,185.0,12.0,12
22,1045,1,77.0,89.0,6.0,6
23,1047,1,109.0,175.0,23.0,18
24,1049,1,97.0,134.0,12.0,12
25,1051,2,70.0,138.0,5.0,5
26,1053,2,95.0,142.0,14.0,14
27,1055,2,590.0,739.0,40.0,56
28,1057,2,45.0,61.0,8.0,12
29,1059,2,74.0,125.0,7.0,7
30,1061,1,73.0,83.0,6.0,6
31,1063,1,20.0,20.0,0.0,0
32,1065,1,28.0,39.0,0.0,0
34,1069,2,769.0,782.0,66.0,66
35,1071,1,92.0,170.0,10.0,10
36,1073,8,3945.0,4750.0,281.0,471
38,1077,1,233.0,358.0,36.0,48
39,1079,1,43.0,98.0,6.0,6
40,1081,1,372.0,314.0,20.0,28
41,1083,1,97.0,102.0,10.0,10
43,1087,0,143.0,143.0,0.0,0
44,1089,2,1280.0,1241.0,58.0,100
45,1091,1,37.0,99.0,5.0,5
46,1093,1,97.0,120.0,8.0,4
47,1095,1,240.0,240.0,20.0,20
48,1097,4,1490.0,1929.0,76.0,157
49,1099,1,49.0,94.0,8.0,8
50,1101,3,1018.0,1226.0,58.0,88
51,1103,1,320.0,393.0,23.0,34
54,1109,1,97.0,97.0,9.0,9
55,1111,1,15.0,0.0,0.0,0
56,1113,1,105.0,128.0,8.0,8
57,1115,1,40.0,40.0,6.0,6
58,1117,1,246.0,286.0,32.0,32
59,1119,1,33.0,33.0,0.0,0
60,1121,2,207.0,285.0,14.0,14
61,1123,2,80.0,127.0,6.0,6
62,1125,1,981.0,1087.0,52.0,84
63,1127,1,207.0,267.0,12.0,12
64,1129,1,15.0,25.0,0.0,0
65,1131,1,21.0,30.0,0.0,0
66,1133,1,49.0,59.0,4.0,4
69,2020,3,1077.0,1014.0,60.0,73
70,2050,1,34.0,50.0,0.0,0
73,2070,1,16.0,16.0,0.0,0
74,2090,1,145.0,152.0,13.0,13
77,2110,1,45.0,73.0,9.0,9
78,2122,3,76.0,77.0,6.0,6
79,2130,1,25.0,25.0,4.0,4
80,2150,1,24.0,25.0,0.0,0
83,2170,1,74.0,74.0,14.0,14
84,2180,1,18.0,18.0,0.0,0
85,2185,1,20.0,14.0,0.0,0
86,2188,1,17.0,17.0,0.0,0
89,2220,2,25.0,27.0,0.0,0
92,2261,2,24.0,24.0,0.0,0
96,4001,4,162.0,50.0,0.0,0
97,4003,4,135.0,160.0,12.0,12
98,4005,3,396.0,381.0,41.0,41
99,4007,3,58.0,196.0,8.0,8
100,4009,1,49.0,49.0,0.0,0
102,4012,2,42.0,42.0,3.0,3
103,4013,34,10040.0,10105.0,715.0,1004
104,4015,4,551.0,610.0,80.0,80
105,4017,4,176.0,170.0,12.0,12
106,4019,9,3108.0,3206.0,287.0,296
107,4021,4,262.0,214.0,24.0,22
108,4023,1,25.0,25.0,0.0,0
109,4025,2,374.0,364.0,39.0,39
110,4027,1,447.0,51.0,42.0,42
111,5001,2,74.0,74.0,0.0,0
112,5003,1,25.0,33.0,6.0,6
113,5005,2,170.0,268.0,17.0,17
114,5007,3,439.0,524.0,30.0,30
115,5009,1,120.0,174.0,24.0,24
116,5011,1,25.0,33.0,0.0,0
118,5015,2,40.0,40.0,0.0,0
119,5017,1,35.0,25.0,0.0,0
120,5019,1,25.0,25.0,0.0,0
121,5021,1,25.0,25.0,0.0,0
122,5023,1,25.0,25.0,0.0,0
124,5027,1,30.0,49.0,6.0,6
125,5029,1,25.0,25.0,0.0,0
126,5031,2,553.0,666.0,66.0,66
127,5033,1,35.0,103.0,8.0,8
128,5035,1,63.0,52.0,0.0,0
129,5037,1,15.0,25.0,0.0,0
130,5039,1,22.0,25.0,0.0,0
131,5041,2,50.0,50.0,0.0,0
132,5043,1,49.0,49.0,5.0,5
133,5045,2,355.0,371.0,25.0,25
134,5047,1,25.0,25.0,0.0,0
135,5049,1,25.0,25.0,0.0,0
136,5051,3,423.0,522.0,41.0,41
138,5055,1,114.0,129.0,8.0,8
139,5057,1,67.0,0.0,8.0,8
140,5059,1,64.0,72.0,6.0,6
141,5061,1,20.0,20.0,0.0,0
142,5063,1,184.0,224.0,12.0,12
143,5065,0,25.0,25.0,0.0,0
144,5067,0,133.0,133.0,0.0,0
145,5069,1,271.0,471.0,34.0,34
146,5071,1,57.0,90.0,8.0,8
148,5075,1,25.0,25.0,0.0,0
151,5081,1,25.0,25.0,0.0,0
152,5083,2,40.0,41.0,0.0,0
156,5091,0,50.0,62.0,0.0,0
157,5093,2,124.0,25.0,5.0,5
162,5103,1,82.0,98.0,8.0,8
164,5107,1,127.0,155.0,6.0,6
167,5113,1,41.0,65.0,6.0,6
168,5115,1,137.0,170.0,11.0,11
170,5119,8,3570.0,3887.0,144.0,209
171,5121,1,32.0,50.0,2.0,2
172,5123,1,56.0,118.0,6.0,6
173,5125,1,207.0,257.0,16.0,16
174,5127,1,24.0,24.0,0.0,0
176,5131,2,803.0,983.0,69.0,69
179,5137,1,25.0,25.0,0.0,0
180,5139,1,111.0,166.0,16.0,16
181,5141,1,25.0,25.0,0.0,0
182,5143,3,900.0,1083.0,61.0,61
183,5145,1,465.0,465.0,13.0,13
185,5149,2,55.0,66.0,0.0,0
186,6001,12,3633.0,2939.0,323.0,282
188,6005,1,52.0,52.0,6.0,6
189,6007,4,471.0,157.0,43.0,43
190,6009,1,25.0,48.0,0.0,0
192,6013,7,1636.0,1624.0,163.0,163
193,6015,1,39.0,49.0,6.0,6
194,6017,2,189.0,174.0,28.0,28
195,6019,7,3056.0,1750.0,141.0,164
196,6021,1,15.0,47.0,0.0,0
197,6023,4,233.0,260.0,20.0,32
198,6025,2,268.0,268.0,28.0,28
199,6027,2,29.0,29.0,4.0,4
200,6029,10,1618.0,1330.0,137.0,144
201,6031,1,142.0,173.0,22.0,22
202,6033,2,50.0,62.0,8.0,8
203,6035,1,25.0,38.0,0.0,0
204,6037,76,22916.0,21234.0,2004.0,2126
205,6039,1,464.0,464.0,52.0,10
206,6041,3,441.0,441.0,30.0,66
207,6043,1,18.0,18.0,0.0,0
208,6045,3,161.0,142.0,14.0,14
209,6047,2,242.0,226.0,24.0,24
210,6049,2,20.0,20.0,0.0,0
211,6051,1,17.0,17.0,2.0,2
212,6053,4,709.0,747.0,47.0,27
213,6055,2,318.0,359.0,48.0,32
214,6057,2,129.0,139.0,10.0,10
215,6059,24,5985.0,5134.0,629.0,651
216,6061,3,693.0,732.0,70.0,70
217,6063,3,42.0,44.0,0.0,0
218,6065,16,3564.0,3583.0,365.0,351
219,6067,8,3530.0,2843.0,262.0,396
220,6069,1,49.0,49.0,8.0,8
221,6071,18,6383.0,3628.0,350.0,410
222,6073,15,7504.0,6861.0,540.0,570
223,6075,10,2947.0,2397.0,293.0,337
224,6077,7,1334.0,1192.0,110.0,121
225,6079,3,1685.0,451.0,54.0,46
226,6081,7,2161.0,1600.0,110.0,131
227,6083,5,631.0,815.0,62.0,82
228,6085,9,4395.0,3805.0,283.0,313
229,6087,3,354.0,358.0,22.0,22
230,6089,4,571.0,581.0,81.0,81
232,6093,2,50.0,61.0,8.0,4
233,6095,4,1006.0,678.0,92.0,92
234,6097,8,824.0,732.0,82.0,82
235,6099,5,1380.0,1378.0,74.0,88
236,6101,1,30.0,14.0,0.0,0
237,6103,1,65.0,76.0,8.0,8
238,6105,1,25.0,25.0,0.0,0
239,6107,4,746.0,624.0,65.0,51
240,6109,1,84.0,140.0,6.0,6
241,6111,7,1456.0,1371.0,153.0,139
242,6113,2,125.0,125.0,14.0,14
243,6115,1,149.0,221.0,24.0,24
244,8001,3,1362.0,1434.0,161.0,168
245,8003,1,49.0,49.0,6.0,6
246,8005,3,1156.0,1329.0,127.0,127
247,8007,1,11.0,11.0,0.0,0
248,8009,1,15.0,23.0,0.0,0
250,8013,5,665.0,816.0,66.0,72
251,8014,1,92.0,100.0,20.0,20
252,8015,1,25.0,25.0,2.0,2
253,8017,1,11.0,25.0,0.0,0
255,8021,1,17.0,17.0,0.0,0
259,8029,1,49.0,49.0,6.0,6
260,8031,6,2030.0,2040.0,208.0,227
262,8035,3,691.0,611.0,54.0,54
263,8037,1,56.0,56.0,5.0,5
265,8041,3,1497.0,921.0,91.0,95
266,8043,1,25.0,25.0,4.0,4
267,8045,2,53.0,103.0,5.0,5
269,8049,1,23.0,25.0,0.0,0
270,8051,1,20.0,24.0,0.0,0
272,8055,1,16.0,20.0,0.0,0
274,8059,4,496.0,653.0,46.0,94
275,8061,1,25.0,25.0,0.0,0
276,8063,1,19.0,19.0,0.0,0
277,8065,1,8.0,25.0,0.0,0
278,8067,2,94.0,94.0,11.0,11
279,8069,5,560.0,554.0,43.0,55
280,8071,1,25.0,25.0,0.0,0
281,8073,1,15.0,15.0,0.0,0
282,8075,1,25.0,25.0,4.0,4
283,8077,3,399.0,454.0,30.0,44
285,8081,1,25.0,25.0,0.0,0
286,8083,1,25.0,25.0,4.0,4
287,8085,1,50.0,75.0,8.0,8
288,8087,2,61.0,75.0,6.0,6
289,8089,1,0.0,25.0,0.0,506
292,8095,2,40.0,40.0,0.0,0
293,8097,1,25.0,25.0,4.0,4
294,8099,1,25.0,25.0,0.0,0
295,8101,2,494.0,1207.0,17.0,32
296,8103,2,35.0,35.0,0.0,0
297,8105,1,17.0,17.0,0.0,0
298,8107,1,39.0,39.0,4.0,4
302,8115,1,9.0,15.0,0.0,0
303,8117,1,34.0,35.0,8.0,8
304,8119,1,15.0,15.0,0.0,0
306,8123,1,427.0,581.0,22.0,26
307,8125,2,30.0,15.0,0.0,0
308,9001,6,1789.0,0.0,157.0,173
309,9003,7,3278.0,867.0,216.0,216
310,9005,2,242.0,0.0,21.0,21
311,9007,1,736.0,0.0,24.0,24
312,9009,8,2502.0,0.0,110.0,186
313,9011,2,419.0,0.0,22.0,32
314,9013,2,209.0,0.0,16.0,16
315,9015,2,148.0,0.0,6.0,6
316,10001,1,414.0,88.0,29.0,29
317,10003,2,1956.0,1448.0,93.0,119
318,10005,3,507.0,349.0,18.0,38
319,11001,6,3077.0,4143.0,237.0,314
320,12001,2,2263.0,1598.0,66.0,210
321,12003,1,81.0,1163.0,0.0,0
322,12005,2,676.0,722.0,77.0,77
323,12007,1,25.0,49.0,0.0,0
324,12009,7,1867.0,1685.0,157.0,159
325,12011,14,5791.0,6482.0,525.0,587
326,12013,1,15.0,25.0,0.0,0
327,12015,3,595.0,699.0,51.0,51
328,12017,2,332.0,332.0,40.0,40
329,12019,2,459.0,503.0,42.0,28
330,12021,2,1134.0,982.0,58.0,73
331,12023,2,456.0,190.0,27.0,27
332,12027,1,49.0,49.0,8.0,8
334,12031,7,3647.0,3831.0,351.0,412
335,12033,3,1384.0,1648.0,85.0,120
336,12035,1,99.0,99.0,18.0,18
337,12037,1,25.0,25.0,0.0,0
338,12039,1,24.0,949.0,0.0,0
341,12045,1,19.0,19.0,0.0,0
343,12049,1,25.0,25.0,0.0,0
344,12051,1,25.0,25.0,3.0,3
345,12053,2,670.0,670.0,44.0,44
346,12055,2,292.0,335.0,38.0,38
347,12057,8,4069.0,4315.0,411.0,432
348,12059,1,20.0,20.0,0.0,0
349,12061,2,511.0,566.0,40.0,40
350,12063,1,66.0,100.0,7.0,7
353,12069,4,1060.0,1100.0,118.0,158
354,12071,4,1698.0,1819.0,141.0,141
355,12073,2,822.0,1208.0,50.0,60
358,12079,1,25.0,25.0,0.0,0
359,12081,3,867.0,895.0,98.0,90
360,12083,2,887.0,963.0,110.0,110
361,12085,1,466.0,478.0,57.0,74
362,12086,17,9456.0,9381.0,540.0,593
363,12087,3,129.0,143.0,14.0,14
364,12089,1,54.0,62.0,0.0,0
365,12091,3,441.0,436.0,51.0,57
366,12093,1,100.0,100.0,8.0,8
367,12095,3,5568.0,4520.0,334.0,388
368,12097,3,802.0,955.0,66.0,66
369,12099,12,4144.0,4179.0,389.0,401
370,12101,6,1312.0,1272.0,130.0,166
371,12103,10,3475.0,3923.0,276.0,279
372,12105,5,1641.0,1793.0,127.0,145
373,12107,1,99.0,99.0,10.0,10
374,12109,1,335.0,335.0,47.0,47
375,12111,2,728.0,861.0,54.0,69
376,12113,3,294.0,355.0,16.0,16
377,12115,4,1277.0,1532.0,118.0,118
378,12117,2,879.0,934.0,38.0,38
379,12119,0,40.0,40.0,0.0,0
380,12121,1,25.0,25.0,0.0,0
381,12123,1,48.0,48.0,6.0,6
382,12125,1,145.0,145.0,0.0,0
383,12127,5,1514.0,1574.0,105.0,148
385,12131,2,112.0,126.0,28.0,28
386,12133,1,25.0,59.0,0.0,0
387,13001,1,34.0,49.0,3.0,3
389,13005,1,25.0,25.0,4.0,4
391,13009,1,280.0,140.0,12.0,12
393,13013,1,56.0,56.0,6.0,6
394,13015,1,119.0,119.0,21.0,21
395,13017,1,48.0,75.0,5.0,5
396,13019,1,51.0,63.0,0.0,0
397,13021,3,992.0,1142.0,115.0,117
398,13023,1,15.0,25.0,0.0,0
400,13027,1,25.0,25.0,0.0,0
402,13031,1,182.0,189.0,24.0,24
403,13033,1,40.0,40.0,0.0,0
404,13035,1,25.0,25.0,0.0,0
406,13039,1,40.0,40.0,5.0,5
407,13043,1,25.0,25.0,6.0,6
408,13045,2,197.0,303.0,18.0,18
409,13047,1,36.0,19.0,0.0,0
411,13051,3,1354.0,1502.0,62.0,78
414,13057,1,114.0,105.0,0.0,15
415,13059,2,564.0,597.0,92.0,104
417,13063,1,319.0,416.0,34.0,34
418,13065,1,15.0,25.0,0.0,0
419,13067,2,1243.0,1278.0,81.0,119
420,13069,1,86.0,88.0,10.0,10
421,13071,2,127.0,158.0,10.0,10
423,13075,1,33.0,60.0,0.0,0
424,13077,2,250.0,186.0,23.0,19
426,13081,1,65.0,73.0,16.0,16
427,13083,0,36.0,0.0,0.0,0
429,13087,1,80.0,80.0,10.0,10
430,13089,3,1997.0,2227.0,278.0,168
431,13091,1,40.0,94.0,6.0,6
433,13095,1,657.0,691.0,50.0,50
434,13097,1,102.0,108.0,8.0,8
435,13099,1,15.0,25.0,0.0,0
437,13103,1,25.0,25.0,0.0,0
438,13105,1,52.0,52.0,4.0,4
439,13107,1,45.0,72.0,8.0,8
440,13109,1,49.0,49.0,0.0,0
441,13111,1,50.0,50.0,5.0,5
442,13113,1,221.0,221.0,66.0,37
443,13115,2,435.0,514.0,42.0,65
444,13117,1,304.0,304.0,24.0,24
445,13119,1,56.0,56.0,8.0,8
446,13121,7,3927.0,4992.0,519.0,538
449,13127,1,401.0,401.0,0.0,24
450,13129,1,69.0,69.0,8.0,8
451,13131,1,46.0,60.0,4.0,4
452,13133,1,25.0,25.0,0.0,0
453,13135,3,945.0,931.0,70.0,82
454,13137,1,53.0,53.0,4.0,4
455,13139,1,545.0,657.0,85.0,85
457,13143,1,15.0,25.0,0.0,0
461,13151,1,215.0,215.0,0.0,40
462,13153,2,276.0,276.0,36.0,36
463,13155,1,34.0,34.0,0.0,0
464,13157,1,128.0,90.0,0.0,0
465,13159,1,12.0,17.0,0.0,0
466,13161,1,25.0,25.0,4.0,4
467,13163,1,37.0,37.0,0.0,0
468,13165,1,15.0,25.0,0.0,0
472,13173,1,25.0,25.0,0.0,0
473,13175,1,145.0,190.0,16.0,16
475,13179,1,64.0,25.0,0.0,0
478,13185,1,377.0,403.0,48.0,48
479,13187,0,0.0,0.0,0.0,0
480,13189,1,25.0,25.0,0.0,0
482,13193,0,22.0,49.0,0.0,0
485,13199,1,109.0,109.0,0.0,0
486,13201,1,25.0,25.0,0.0,0
487,13205,1,25.0,0.0,0.0,0
488,13207,1,25.0,25.0,0.0,0
490,13211,1,25.0,25.0,0.0,0
491,13213,1,29.0,42.0,0.0,0
492,13215,3,1627.0,1167.0,61.0,61
493,13217,1,94.0,101.0,10.0,10
496,13223,1,112.0,112.0,8.0,8
497,13225,1,25.0,25.0,0.0,0
498,13227,1,52.0,52.0,6.0,6
501,13233,1,25.0,25.0,0.0,0
502,13235,1,55.0,49.0,6.0,6
503,13237,1,25.0,25.0,0.0,0
505,13241,1,25.0,25.0,0.0,0
506,13243,1,25.0,25.0,0.0,0
507,13245,3,2160.0,2524.0,209.0,264
508,13247,1,138.0,138.0,16.0,16
510,13251,1,25.0,25.0,0.0,0
511,13253,1,45.0,65.0,0.0,0
512,13255,1,160.0,160.0,22.0,22
513,13257,1,74.0,96.0,6.0,6
515,13261,1,54.0,76.0,0.0,10
518,13267,1,25.0,25.0,0.0,0
522,13275,1,226.0,264.0,35.0,35
523,13277,1,181.0,181.0,20.0,20
524,13279,1,52.0,57.0,8.0,8
525,13281,1,25.0,25.0,0.0,0
527,13285,1,276.0,276.0,20.0,20
530,13291,1,39.0,45.0,5.0,5
531,13293,1,87.0,115.0,28.0,28
533,13297,1,164.0,77.0,7.0,7
534,13299,1,134.0,231.0,10.0,22
536,13303,1,56.0,56.0,0.0,0
537,13305,1,88.0,88.0,12.0,12
541,13313,1,246.0,282.0,26.0,34
543,13317,1,25.0,25.0,0.0,0
545,13321,1,25.0,25.0,0.0,0
546,15001,6,296.0,531.0,24.0,24
547,15003,8,2716.0,2175.0,136.0,148
549,15007,3,102.0,197.0,9.0,9
550,15009,4,247.0,366.0,20.0,20
551,16001,3,1405.0,1209.0,88.0,105
553,16005,1,137.0,205.0,20.0,20
554,16007,1,21.0,21.0,0.0,0
555,16009,1,19.0,19.0,0.0,0
556,16011,2,131.0,145.0,5.0,5
557,16013,1,25.0,25.0,0.0,0
559,16017,1,25.0,25.0,4.0,4
560,16019,2,267.0,332.0,35.0,35
561,16021,1,20.0,20.0,0.0,0
562,16023,1,14.0,14.0,0.0,0
564,16027,3,282.0,346.0,41.0,41
565,16029,1,25.0,25.0,0.0,0
566,16031,1,31.0,25.0,6.0,6
568,16035,1,78.0,83.0,0.0,0
570,16039,1,21.0,25.0,0.0,0
571,16041,1,20.0,20.0,0.0,0
573,16045,1,13.0,16.0,0.0,0
574,16047,1,16.0,18.0,0.0,0
575,16049,2,40.0,41.0,0.0,0
577,16053,1,25.0,25.0,0.0,0
578,16055,2,401.0,403.0,55.0,55
579,16057,1,25.0,25.0,3.0,0
580,16059,1,18.0,18.0,0.0,0
583,16065,1,67.0,69.0,4.0,4
584,16067,1,16.0,25.0,0.0,0
585,16069,1,110.0,145.0,9.0,9
586,16071,1,11.0,11.0,0.0,0
589,16077,1,10.0,10.0,0.0,0
590,16079,1,21.0,25.0,0.0,0
591,16081,1,13.0,13.0,0.0,0
592,16083,1,186.0,224.0,30.0,30
593,16085,2,23.0,25.0,0.0,0
594,16087,1,19.0,25.0,0.0,0
595,17001,1,248.0,307.0,25.0,25
597,17005,1,32.0,42.0,0.0,0
598,17007,0,36.0,34.0,0.0,0
600,17011,2,69.0,94.0,9.0,9
604,17019,2,637.0,603.0,13.0,51
605,17021,2,47.0,47.0,0.0,0
607,17025,1,20.0,20.0,0.0,0
608,17027,1,46.0,70.0,0.0,4
609,17029,1,82.0,149.0,0.0,9
610,17031,46,18615.0,18128.0,1299.0,1606
611,17033,1,25.0,63.0,0.0,0
613,17037,2,192.0,192.0,16.0,16
614,17039,1,15.0,25.0,0.0,0
616,17043,6,2083.0,2253.0,241.0,257
617,17045,1,25.0,25.0,0.0,0
619,17049,1,133.0,133.0,10.0,10
620,17051,1,29.0,110.0,4.0,4
621,17053,1,25.0,41.0,2.0,2
622,17055,1,16.0,16.0,0.0,0
623,17057,1,43.0,87.0,5.0,5
625,17061,1,25.0,25.0,0.0,0
626,17063,1,89.0,89.0,8.0,8
627,17065,1,25.0,25.0,0.0,0
628,17067,1,18.0,18.0,0.0,0
629,17069,1,25.0,25.0,0.0,0
631,17073,2,50.0,86.0,3.0,3
632,17075,1,25.0,25.0,0.0,0
633,17077,2,179.0,179.0,21.0,21
635,17081,2,171.0,181.0,22.0,22
636,17083,1,46.0,65.0,4.0,4
637,17085,1,18.0,25.0,0.0,0
639,17089,5,1114.0,890.0,65.0,103
640,17091,2,460.0,500.0,18.0,56
642,17095,2,177.0,254.0,18.0,18
643,17097,6,975.0,1158.0,108.0,108
644,17099,3,164.0,171.0,13.0,13
645,17101,1,25.0,25.0,0.0,0
646,17103,1,66.0,80.0,6.0,6
647,17105,1,42.0,42.0,5.0,5
648,17107,1,25.0,25.0,0.0,0
649,17109,1,45.0,60.0,7.0,7
650,17111,2,437.0,476.0,33.0,33
651,17113,2,343.0,370.0,30.0,30
652,17115,2,446.0,424.0,35.0,65
653,17117,2,50.0,50.0,0.0,0
654,17119,5,677.0,929.0,58.0,58
655,17121,2,107.0,149.0,9.0,9
657,17125,1,25.0,25.0,0.0,0
658,17127,1,25.0,25.0,0.0,0
660,17131,1,22.0,22.0,0.0,0
662,17135,2,50.0,50.0,0.0,0
663,17137,1,93.0,131.0,9.0,9
665,17141,1,17.0,16.0,4.0,4
666,17143,3,1122.0,1226.0,95.0,107
667,17145,2,42.0,42.0,0.0,0
668,17147,1,16.0,16.0,0.0,0
669,17149,1,25.0,35.0,0.0,0
673,17157,3,171.0,75.0,0.0,0
674,17159,1,47.0,134.0,8.0,8
675,17161,2,480.0,510.0,27.0,58
676,17163,4,556.0,736.0,42.0,42
677,17165,2,65.0,102.0,0.0,0
678,17167,2,1004.0,1012.0,83.0,99
679,17169,1,22.0,22.0,0.0,0
681,17173,1,30.0,30.0,0.0,0
683,17177,1,100.0,100.0,8.0,8
684,17179,2,132.0,132.0,8.0,8
685,17181,1,113.0,47.0,0.0,0
686,17183,2,179.0,198.0,12.0,12
687,17185,1,25.0,25.0,4.0,4
688,17187,1,23.0,23.0,0.0,0
689,17189,1,22.0,50.0,0.0,0
690,17191,1,25.0,55.0,4.0,4
692,17195,2,121.0,123.0,9.0,9
693,17197,3,850.0,923.0,73.0,92
694,17199,2,294.0,212.0,26.0,26
695,17201,3,932.0,936.0,90.0,87
696,17203,1,25.0,25.0,0.0,0
697,18001,1,25.0,0.0,4.0,4
698,18003,6,2176.0,0.0,134.0,170
699,18005,1,225.0,0.0,17.0,17
701,18009,1,15.0,0.0,0.0,0
702,18011,1,68.0,0.0,8.0,8
705,18017,1,165.0,0.0,5.0,5
706,18019,1,253.0,0.0,22.0,25
707,18021,1,25.0,0.0,0.0,0
708,18023,1,25.0,0.0,0.0,0
710,18027,1,42.0,0.0,5.0,5
711,18029,1,102.0,0.0,8.0,8
712,18031,1,25.0,0.0,0.0,0
713,18033,1,37.0,0.0,8.0,8
714,18035,1,368.0,0.0,36.0,36
715,18037,1,111.0,0.0,26.0,26
716,18039,2,338.0,0.0,35.0,35
718,18043,2,269.0,236.0,16.0,16
721,18049,1,25.0,0.0,4.0,4
722,18051,1,25.0,0.0,5.0,5
723,18053,1,347.0,0.0,19.0,19
724,18055,1,25.0,0.0,5.0,5
725,18057,5,1033.0,0.0,25.0,10
726,18059,1,73.0,0.0,24.0,24
727,18061,1,25.0,0.0,4.0,4
728,18063,3,266.0,0.0,28.0,39
729,18065,1,48.0,0.0,10.0,10
730,18067,2,250.0,0.0,21.0,13
731,18069,1,36.0,0.0,0.0,0
732,18071,1,91.0,0.0,7.0,7
733,18073,1,25.0,0.0,4.0,4
734,18075,1,25.0,0.0,0.0,0
735,18077,1,238.0,0.0,6.0,6
736,18079,1,25.0,0.0,0.0,0
737,18081,1,195.0,0.0,6.0,6
738,18083,1,99.0,0.0,30.0,30
739,18085,1,88.0,0.0,14.0,14
740,18087,1,25.0,0.0,0.0,0
741,18089,9,2067.0,0.0,181.0,188
742,18091,2,278.0,0.0,34.0,34
743,18093,2,50.0,0.0,6.0,6
744,18095,3,303.0,0.0,38.0,21
745,18097,9,4230.0,0.0,318.0,526
746,18099,2,157.0,0.0,7.0,7
748,18103,1,25.0,0.0,4.0,4
749,18105,2,357.0,0.0,24.0,38
750,18107,1,29.0,0.0,5.0,5
751,18109,1,199.0,0.0,0.0,10
753,18113,1,47.0,0.0,0.0,0
755,18117,1,24.0,0.0,0.0,0
758,18123,1,25.0,0.0,4.0,4
760,18127,1,340.0,0.0,32.0,32
762,18131,1,25.0,0.0,0.0,0
763,18133,1,25.0,0.0,6.0,6
764,18135,1,25.0,0.0,0.0,0
765,18137,0,25.0,0.0,7.0,0
766,18139,1,25.0,0.0,0.0,0
767,18141,3,1582.0,0.0,74.0,74
768,18143,1,25.0,0.0,4.0,4
769,18145,1,46.0,0.0,6.0,0
771,18149,1,15.0,0.0,1.0,1
772,18151,1,25.0,0.0,2.0,2
773,18153,1,25.0,0.0,4.0,4
775,18157,2,576.0,0.0,30.0,30
776,18159,1,25.0,0.0,0.0,0
778,18163,2,1053.0,0.0,127.0,154
779,18165,1,25.0,0.0,6.0,6
780,18167,2,494.0,0.0,54.0,54
781,18169,1,18.0,0.0,0.0,0
782,18171,1,16.0,0.0,0.0,0
783,18173,2,454.0,0.0,24.0,24
784,18175,1,25.0,0.0,0.0,0
785,18177,1,376.0,0.0,30.0,30
786,18179,1,62.0,0.0,7.0,7
787,18181,1,25.0,0.0,0.0,0
788,18183,1,30.0,0.0,0.0,0
789,19001,1,25.0,25.0,0.0,0
790,19003,1,22.0,22.0,0.0,0
791,19005,1,25.0,25.0,0.0,0
792,19007,1,25.0,45.0,3.0,3
793,19009,1,25.0,25.0,0.0,0
794,19011,1,25.0,25.0,0.0,0
795,19013,3,384.0,675.0,29.0,24
796,19015,1,25.0,42.0,0.0,3
797,19017,2,37.0,50.0,0.0,0
798,19019,1,85.0,120.0,0.0,0
799,19021,1,25.0,35.0,0.0,5
801,19025,1,25.0,25.0,2.0,2
802,19027,2,66.0,116.0,6.0,6
803,19029,1,25.0,33.0,4.0,4
805,19033,1,205.0,346.0,18.0,18
806,19035,1,61.0,83.0,0.0,0
807,19037,1,8.0,18.0,0.0,0
808,19039,1,25.0,25.0,0.0,0
809,19041,1,49.0,99.0,0.0,0
810,19043,2,40.0,50.0,0.0,0
811,19045,2,120.0,265.0,10.0,10
812,19047,1,25.0,25.0,0.0,0
813,19049,1,25.0,25.0,0.0,0
814,19051,1,25.0,25.0,0.0,0
815,19053,1,11.0,25.0,0.0,0
816,19055,1,25.0,25.0,0.0,0
817,19057,1,136.0,213.0,12.0,12
818,19059,1,44.0,49.0,0.0,3
819,19061,3,257.0,470.0,18.0,18
820,19063,1,22.0,25.0,0.0,0
821,19065,2,50.0,50.0,0.0,0
822,19067,1,25.0,25.0,0.0,0
823,19069,1,25.0,25.0,0.0,0
824,19071,1,25.0,25.0,0.0,0
825,19073,1,25.0,25.0,0.0,4
826,19075,1,25.0,80.0,0.0,0
827,19077,1,25.0,25.0,0.0,0
828,19079,1,25.0,25.0,0.0,0
829,19081,1,25.0,25.0,0.0,0
830,19083,1,19.0,35.0,0.0,0
831,19085,1,25.0,25.0,0.0,0
832,19087,1,25.0,74.0,0.0,0
833,19089,1,18.0,19.0,0.0,0
834,19091,1,17.0,49.0,0.0,0
835,19093,1,25.0,25.0,0.0,0
836,19095,1,25.0,25.0,0.0,0
837,19097,1,25.0,25.0,0.0,0
838,19099,1,48.0,68.0,0.0,4
839,19101,1,25.0,25.0,0.0,0
840,19103,2,1152.0,1383.0,18.0,95
841,19105,1,22.0,22.0,0.0,0
842,19107,1,25.0,25.0,0.0,0
843,19109,1,24.0,25.0,0.0,0
844,19111,2,99.0,121.0,3.0,10
845,19113,2,495.0,994.0,36.0,44
847,19117,1,25.0,25.0,0.0,0
848,19119,1,11.0,0.0,0.0,0
849,19121,1,25.0,25.0,0.0,0
850,19123,1,25.0,33.0,0.0,0
851,19125,2,50.0,50.0,3.0,3
852,19127,1,41.0,125.0,0.0,0
854,19131,1,25.0,25.0,0.0,0
855,19133,1,25.0,25.0,0.0,0
856,19135,1,25.0,25.0,0.0,0
857,19137,1,25.0,25.0,8.0,8
858,19139,1,45.0,48.0,5.0,5
859,19141,2,39.0,39.0,0.0,0
860,19143,1,25.0,25.0,0.0,0
861,19145,2,50.0,50.0,2.0,2
862,19147,1,24.0,47.0,0.0,0
863,19149,1,25.0,25.0,0.0,0
864,19151,1,25.0,25.0,0.0,0
865,19153,4,1869.0,1781.0,84.0,112
866,19155,2,255.0,514.0,29.0,29
867,19157,1,49.0,49.0,5.0,5
868,19159,1,16.0,16.0,0.0,0
869,19161,1,25.0,25.0,0.0,0
870,19163,2,496.0,641.0,39.0,46
871,19165,1,25.0,25.0,0.0,0
872,19167,4,94.0,96.0,0.0,0
873,19169,2,175.0,237.0,14.0,14
876,19175,1,25.0,25.0,4.0,4
877,19177,1,25.0,25.0,0.0,0
878,19179,1,88.0,217.0,11.0,11
880,19183,1,25.0,25.0,0.0,0
881,19185,1,25.0,25.0,0.0,0
882,19187,1,46.0,200.0,8.0,8
884,19191,1,25.0,25.0,0.0,0
885,19193,2,316.0,830.0,34.0,33
887,19197,2,47.0,47.0,0.0,0
888,20001,1,25.0,25.0,0.0,0
889,20003,1,12.0,12.0,0.0,0
890,20005,1,25.0,25.0,4.0,4
891,20007,2,32.0,35.0,0.0,0
892,20009,3,76.0,81.0,4.0,4
894,20013,1,25.0,25.0,0.0,0
895,20015,2,108.0,132.0,16.0,16
897,20019,1,17.0,25.0,0.0,0
898,20021,2,46.0,61.0,0.0,0
899,20023,1,16.0,16.0,0.0,0
900,20025,1,39.0,43.0,0.0,0
901,20027,1,17.0,25.0,0.0,0
902,20029,1,22.0,25.0,0.0,0
903,20031,0,25.0,25.0,0.0,0
904,20033,1,12.0,12.0,0.0,0
905,20035,2,53.0,74.0,4.0,4
906,20037,2,89.0,158.0,12.0,12
907,20039,1,21.0,24.0,0.0,0
908,20041,2,34.0,60.0,0.0,0
910,20045,1,110.0,148.0,10.0,10
911,20047,1,12.0,12.0,0.0,0
913,20051,1,149.0,194.0,34.0,34
914,20053,1,18.0,20.0,0.0,0
915,20055,1,90.0,100.0,8.0,8
916,20057,2,60.0,99.0,10.0,10
917,20059,1,44.0,44.0,5.0,5
918,20061,1,96.0,92.0,6.0,6
919,20063,1,21.0,21.0,0.0,0
920,20065,1,20.0,20.0,0.0,0
921,20067,1,26.0,26.0,0.0,0
923,20071,1,18.0,18.0,0.0,0
924,20073,1,25.0,25.0,0.0,0
925,20075,1,25.0,25.0,0.0,0
926,20077,1,25.0,0.0,0.0,0
927,20079,1,134.0,163.0,6.0,6
928,20081,1,13.0,13.0,0.0,0
929,20083,1,25.0,13.0,0.0,0
930,20085,1,12.0,25.0,0.0,0
931,20087,1,25.0,38.0,0.0,0
932,20089,1,24.0,25.0,0.0,0
933,20091,9,1519.0,1800.0,97.0,110
934,20093,1,25.0,25.0,0.0,0
935,20095,1,25.0,25.0,0.0,0
936,20097,1,15.0,15.0,0.0,0
937,20099,2,46.0,99.0,5.0,5
938,20101,1,25.0,25.0,0.0,0
939,20103,2,46.0,100.0,10.0,10
940,20105,1,10.0,14.0,0.0,0
942,20109,1,25.0,25.0,0.0,0
943,20111,1,21.0,25.0,6.0,6
944,20113,3,81.0,95.0,7.0,7
945,20115,2,25.0,25.0,0.0,0
946,20117,1,23.0,25.0,0.0,0
947,20119,1,20.0,20.0,0.0,0
948,20121,1,104.0,245.0,106.0,0
949,20123,1,16.0,35.0,4.0,4
950,20125,1,47.0,47.0,7.0,7
951,20127,1,25.0,25.0,0.0,0
952,20129,1,26.0,28.0,0.0,0
953,20131,2,41.0,49.0,0.0,0
954,20133,1,22.0,25.0,5.0,5
955,20135,2,37.0,32.0,0.0,0
956,20137,1,25.0,25.0,0.0,0
958,20141,1,24.0,25.0,0.0,0
959,20143,1,25.0,25.0,0.0,0
960,20145,1,121.0,638.0,0.0,0
961,20147,1,25.0,25.0,0.0,0
962,20149,2,43.0,97.0,0.0,0
963,20151,1,35.0,35.0,6.0,6
964,20153,1,15.0,24.0,0.0,0
965,20155,2,137.0,209.0,18.0,20
966,20157,1,25.0,63.0,0.0,0
967,20159,1,25.0,25.0,0.0,0
968,20161,2,99.0,163.0,8.0,8
969,20163,1,16.0,25.0,0.0,0
970,20165,1,16.0,16.0,0.0,0
971,20167,1,19.0,25.0,0.0,0
972,20169,2,191.0,392.0,18.0,18
973,20171,1,25.0,25.0,0.0,0
974,20173,6,2072.0,2661.0,147.0,236
975,20175,1,71.0,69.0,8.0,8
976,20177,2,748.0,1043.0,36.0,52
977,20179,1,18.0,18.0,0.0,0
978,20181,1,21.0,25.0,0.0,0
979,20183,1,16.0,25.0,0.0,0
980,20185,1,25.0,25.0,0.0,0
981,20187,1,16.0,18.0,0.0,0
982,20189,1,17.0,25.0,0.0,0
983,20191,2,25.0,0.0,0.0,0
984,20193,1,21.0,25.0,1.0,1
985,20195,1,25.0,25.0,0.0,0
988,20201,2,50.0,50.0,0.0,0
989,20203,1,25.0,0.0,0.0,0
990,20205,2,40.0,49.0,0.0,0
992,20209,2,1059.0,1316.0,129.0,145
994,21003,1,25.0,25.0,0.0,0
997,21009,1,108.0,180.0,10.0,10
999,21013,2,87.0,216.0,7.0,7
1000,21015,1,166.0,201.0,18.0,18
1001,21017,1,34.0,58.0,4.0,4
1002,21019,2,574.0,645.0,50.0,50
1003,21021,1,170.0,197.0,22.0,22
1005,21025,1,49.0,55.0,4.0,4
1006,21027,1,25.0,25.0,0.0,0
1009,21033,1,25.0,25.0,0.0,0
1010,21035,1,99.0,152.0,10.0,10
1011,21037,1,156.0,278.0,21.0,21
1013,21041,1,25.0,25.0,0.0,0
1015,21045,1,24.0,24.0,0.0,0
1016,21047,1,431.0,786.0,18.0,18
1017,21049,1,54.0,54.0,8.0,8
1018,21051,1,49.0,0.0,6.0,6
1019,21053,1,38.0,42.0,0.0,0
1020,21055,1,48.0,48.0,0.0,0
1021,21057,1,25.0,25.0,0.0,0
1022,21059,1,507.0,527.0,32.0,32
1025,21065,1,25.0,25.0,0.0,0
1026,21067,4,2440.0,2449.0,248.0,260
1027,21069,1,52.0,52.0,3.0,3
1028,21071,3,177.0,50.0,16.0,16
1029,21073,1,116.0,173.0,10.0,10
1033,21081,1,15.0,25.0,0.0,0
1034,21083,1,95.0,107.0,8.0,8
1035,21085,1,75.0,75.0,6.0,6
1036,21087,1,25.0,35.0,0.0,0
1039,21093,1,428.0,480.0,10.0,20
1040,21095,1,81.0,150.0,7.0,7
1041,21097,1,61.0,61.0,6.0,6
1042,21099,1,25.0,25.0,0.0,0
1043,21101,1,118.0,192.0,12.0,12
1046,21107,1,445.0,410.0,19.0,19
1048,21111,4,3730.0,4468.0,355.0,366
1050,21115,1,72.0,72.0,6.0,6
1051,21117,1,1217.0,639.0,46.0,54
1053,21121,1,25.0,25.0,6.0,4
1055,21125,1,106.0,150.0,14.0,14
1056,21127,1,65.0,90.0,6.0,6
1058,21131,1,25.0,25.0,0.0,0
1059,21133,1,90.0,90.0,6.0,6
1061,21137,1,25.0,25.0,0.0,0
1062,21139,1,25.0,25.0,0.0,0
1063,21141,1,75.0,75.0,6.0,6
1065,21145,2,573.0,1081.0,34.0,58
1068,21151,2,85.0,130.0,12.0,12
1070,21155,1,63.0,75.0,6.0,6
1071,21157,1,25.0,25.0,4.0,4
1073,21161,1,100.0,100.0,5.0,5
1076,21167,1,25.0,25.0,4.0,4
1078,21171,1,49.0,49.0,0.0,0
1079,21173,1,42.0,42.0,4.0,4
1080,21175,1,25.0,25.0,0.0,0
1081,21177,1,47.0,90.0,6.0,6
1082,21179,1,40.0,40.0,4.0,4
1084,21183,1,25.0,25.0,4.0,4
1085,21185,1,90.0,120.0,8.0,8
1089,21193,1,229.0,358.0,32.0,32
1090,21195,2,356.0,413.0,76.0,76
1092,21199,1,230.0,283.0,38.0,38
1094,21203,1,20.0,20.0,0.0,0
1095,21205,1,90.0,149.0,14.0,10
1096,21207,1,25.0,25.0,2.0,2
1097,21209,1,75.0,75.0,6.0,6
1098,21211,1,30.0,70.0,4.0,4
1099,21213,1,25.0,25.0,0.0,0
1101,21217,1,90.0,90.0,8.0,8
1103,21221,1,25.0,25.0,0.0,0
1105,21225,1,25.0,25.0,0.0,0
1106,21227,2,639.0,733.0,32.0,52
1108,21231,1,25.0,25.0,0.0,0
1110,21235,1,280.0,273.0,0.0,10
1112,21239,1,25.0,25.0,0.0,0
1113,22001,2,171.0,170.0,4.0,4
1114,22003,2,74.0,109.0,3.0,3
1115,22005,1,151.0,131.0,7.0,0
1116,22007,1,15.0,15.0,0.0,0
1117,22009,2,92.0,69.0,2.0,2
1118,22011,1,80.0,20.0,6.0,6
1119,22013,1,21.0,21.0,0.0,0
1120,22015,0,267.0,272.0,18.0,0
1121,22017,5,1853.0,2099.0,94.0,107
1122,22019,5,802.0,905.0,75.0,75
1123,22021,2,77.0,87.0,0.0,0
1124,22023,1,49.0,49.0,0.0,0
1126,22027,1,37.0,47.0,4.0,4
1127,22029,1,65.0,65.0,5.0,5
1128,22031,1,34.0,34.0,0.0,0
1129,22033,7,2355.0,2297.0,99.0,124
1130,22035,1,23.0,23.0,0.0,0
1131,22037,0,636.0,633.0,0.0,0
1132,22039,2,223.0,285.0,24.0,24
1133,22041,1,29.0,37.0,6.0,6
1135,22045,1,317.0,269.0,11.0,11
1136,22047,0,10.0,0.0,0.0,0
1137,22049,1,25.0,25.0,0.0,0
1138,22051,5,2463.0,2141.0,157.0,215
1139,22053,1,92.0,65.0,5.0,5
1140,22055,7,1379.0,1224.0,74.0,80
1141,22057,3,178.0,240.0,21.0,21
1142,22059,2,55.0,81.0,0.0,0
1143,22061,1,258.0,238.0,17.0,17
1145,22065,1,25.0,25.0,0.0,0
1146,22067,1,109.0,119.0,6.0,12
1147,22069,1,102.0,117.0,8.0,8
1148,22071,5,1428.0,2009.0,62.0,111
1149,22073,4,806.0,622.0,88.0,88
1151,22077,1,25.0,26.0,0.0,0
1152,22079,3,1438.0,1425.0,26.0,26
1153,22081,1,37.0,37.0,0.0,0
1154,22083,2,63.0,63.0,2.0,2
1155,22085,1,48.0,48.0,0.0,0
1156,22087,1,40.0,40.0,8.0,8
1157,22089,1,39.0,59.0,8.0,8
1158,22091,1,25.0,25.0,0.0,0
1159,22093,1,44.0,44.0,0.0,0
1160,22095,0,82.0,82.0,0.0,0
1161,22097,1,517.0,257.0,22.0,16
1162,22099,1,43.0,43.0,0.0,0
1163,22101,2,152.0,186.0,15.0,15
1164,22103,6,1237.0,1138.0,207.0,149
1165,22105,4,536.0,536.0,64.0,64
1167,22109,3,344.0,567.0,26.0,26
1168,22111,2,35.0,35.0,0.0,0
1169,22113,2,69.0,95.0,6.0,6
1170,22115,1,126.0,112.0,7.0,7
1171,22117,2,61.0,117.0,13.0,13
1172,22119,2,171.0,219.0,16.0,16
1174,22123,1,30.0,30.0,0.0,0
1175,22125,1,25.0,25.0,0.0,0
1176,22127,1,46.0,60.0,5.0,5
1177,23001,2,361.0,483.0,34.0,54
1178,23003,4,166.0,228.0,12.0,12
1179,23005,4,1215.0,1184.0,50.0,72
1180,23007,1,48.0,65.0,5.0,5
1181,23009,3,98.0,114.0,6.0,6
1182,23011,2,297.0,335.0,16.0,16
1183,23013,1,81.0,109.0,8.0,8
1184,23015,1,25.0,25.0,4.0,4
1185,23017,2,50.0,75.0,4.0,6
1186,23019,4,581.0,773.0,51.0,51
1187,23021,2,50.0,25.0,0.0,0
1189,23025,2,50.0,50.0,4.0,4
1190,23027,1,25.0,25.0,4.0,4
1191,23029,2,50.0,50.0,0.0,0
1192,23031,2,206.0,287.0,14.0,14
1193,24001,1,288.0,319.0,14.0,15
1194,24003,2,483.0,673.0,50.0,53
1195,24005,5,1739.0,1969.0,94.0,123
1195,24005,5,3735.0,3816.0,377.0,123
1196,24009,1,41.0,74.0,4.0,4
1198,24013,1,675.0,668.0,12.0,10
1199,24015,1,182.0,82.0,5.0,5
1200,24017,1,98.0,109.0,10.0,10
1201,24019,0,122.0,132.0,0.0,0
1202,24021,1,281.0,257.0,18.0,18
1203,24023,1,27.0,27.0,2.0,2
1204,24025,2,231.0,257.0,19.0,19
1205,24027,1,267.0,267.0,16.0,16
1206,24029,1,21.0,26.0,6.0,6
1207,24031,6,1716.0,1439.0,143.0,150
1208,24033,5,490.0,654.0,78.0,89
1209,24035,0,96.0,109.0,12.0,0
1212,24041,1,48.0,120.0,16.0,16
1213,24043,1,340.0,362.0,17.0,48
1214,24045,1,418.0,348.0,24.0,24
1215,24047,1,32.0,45.0,6.0,6
1217,25001,2,410.0,407.0,21.0,34
1218,25003,2,245.0,323.0,24.0,24
1219,25005,4,1492.0,1322.0,96.0,96
1220,25007,1,25.0,25.0,0.0,0
1221,25009,5,1732.0,1173.0,98.0,98
1222,25011,1,89.0,89.0,6.0,6
1223,25013,5,1620.0,1626.0,83.0,119
1224,25015,1,118.0,140.0,11.0,11
1225,25017,11,4474.0,3756.0,206.0,216
1226,25019,1,19.0,19.0,0.0,0
1227,25021,4,1219.0,1095.0,59.0,59
1228,25023,3,853.0,435.0,47.0,47
1229,25025,10,5844.0,5363.0,453.0,447
1230,25027,8,3234.0,2507.0,119.0,169
1232,26003,1,11.0,11.0,0.0,0
1233,26005,1,25.0,25.0,0.0,0
1234,26007,1,128.0,124.0,9.0,9
1236,26011,1,25.0,25.0,5.0,5
1237,26013,1,15.0,15.0,0.0,0
1238,26015,1,25.0,49.0,6.0,0
1239,26017,1,328.0,387.0,32.0,32
1240,26019,1,8.0,8.0,0.0,0
1241,26021,2,311.0,335.0,20.0,20
1242,26023,1,87.0,71.0,10.0,10
1243,26025,2,262.0,298.0,32.0,32
1244,26027,1,25.0,25.0,0.0,0
1245,26029,1,25.0,25.0,0.0,0
1247,26033,1,49.0,82.0,6.0,6
1248,26035,1,49.0,49.0,0.0,0
1249,26037,1,59.0,25.0,2.0,2
1250,26039,1,49.0,71.0,6.0,6
1251,26041,1,25.0,25.0,9.0,9
1252,26043,1,56.0,49.0,6.0,6
1253,26045,2,45.0,45.0,0.0,0
1254,26047,1,187.0,202.0,18.0,58
1255,26049,3,1047.0,1151.0,109.0,151
1256,26051,1,25.0,25.0,0.0,0
1257,26053,1,25.0,25.0,5.0,5
1258,26055,1,409.0,425.0,20.0,20
1259,26057,1,49.0,67.0,0.0,0
1260,26059,1,44.0,65.0,4.0,4
1261,26061,2,61.0,61.0,5.0,5
1262,26063,3,98.0,98.0,4.0,4
1263,26065,2,925.0,966.0,115.0,219
1264,26067,1,25.0,0.0,2.0,2
1265,26069,1,47.0,47.0,4.0,4
1266,26071,1,25.0,25.0,3.0,3
1267,26073,1,83.0,118.0,8.0,8
1268,26075,1,469.0,389.0,34.0,51
1269,26077,2,904.0,806.0,70.0,34
1270,26079,1,8.0,8.0,0.0,0
1271,26081,3,2502.0,1717.0,142.0,150
1274,26087,1,183.0,183.0,10.0,10
1276,26091,2,113.0,113.0,9.0,0
1277,26093,2,142.0,177.0,8.0,8
1278,26095,1,25.0,25.0,0.0,0
1279,26097,1,15.0,15.0,0.0,0
1280,26099,4,1362.0,1101.0,122.0,122
1281,26101,1,45.0,45.0,0.0,0
1282,26103,2,263.0,289.0,26.0,30
1283,26105,1,45.0,49.0,6.0,6
1284,26107,1,49.0,69.0,4.0,4
1286,26111,1,324.0,324.0,26.0,26
1288,26115,1,153.0,217.0,14.0,0
1289,26117,4,109.0,126.0,12.0,12
1291,26121,1,362.0,413.0,44.0,37
1292,26123,1,25.0,25.0,9.0,9
1293,26125,12,4188.0,4383.0,369.0,409
1294,26127,1,24.0,24.0,0.0,0
1295,26129,1,88.0,88.0,0.0,10
1296,26131,1,25.0,25.0,0.0,0
1297,26133,1,25.0,25.0,4.0,4
1299,26137,1,46.0,46.0,4.0,4
1300,26139,3,325.0,327.0,22.0,22
1303,26145,3,1014.0,912.0,46.0,133
1304,26147,3,372.0,375.0,23.0,23
1305,26149,2,97.0,144.0,4.0,8
1306,26151,3,65.0,65.0,0.0,0
1307,26153,1,12.0,12.0,0.0,0
1308,26155,1,133.0,129.0,7.0,7
1309,26157,2,198.0,50.0,0.0,0
1310,26159,2,74.0,74.0,0.0,0
1311,26161,4,2176.0,1720.0,46.0,92
1312,26163,14,5387.0,5921.0,411.0,586
1313,26165,1,49.0,49.0,20.0,6
1314,27001,1,25.0,25.0,4.0,4
1315,27003,1,941.0,546.0,35.0,35
1316,27005,1,36.0,87.0,8.0,8
1317,27007,2,128.0,118.0,10.0,10
1319,27011,2,40.0,40.0,0.0,0
1320,27013,1,167.0,272.0,29.0,29
1321,27015,3,40.0,78.0,0.0,0
1322,27017,2,47.0,61.0,2.0,6
1323,27019,1,109.0,109.0,18.0,25
1324,27021,1,5.0,0.0,0.0,0
1325,27023,1,25.0,30.0,0.0,0
1326,27025,1,55.0,61.0,10.0,10
1328,27029,1,25.0,25.0,0.0,0
1329,27031,1,16.0,16.0,0.0,0
1330,27033,2,26.0,26.0,0.0,0
1331,27035,2,168.0,204.0,16.0,16
1332,27037,2,179.0,207.0,12.0,12
1334,27041,1,99.0,127.0,8.0,8
1335,27043,1,24.0,43.0,4.0,4
1337,27047,1,159.0,159.0,18.0,18
1338,27049,2,65.0,65.0,4.0,4
1339,27051,1,10.0,10.0,0.0,0
1340,27053,8,3717.0,5441.0,215.0,311
1342,27057,1,25.0,50.0,0.0,0
1343,27059,1,70.0,86.0,0.0,0
1344,27061,3,76.0,104.0,0.0,9
1345,27063,1,14.0,20.0,0.0,0
1346,27065,1,25.0,49.0,4.0,4
1347,27067,1,81.0,136.0,8.0,8
1348,27069,1,15.0,15.0,0.0,0
1349,27071,1,18.0,25.0,0.0,0
1350,27073,2,32.0,32.0,0.0,0
1351,27075,1,16.0,25.0,0.0,0
1352,27077,1,15.0,15.0,0.0,0
1353,27079,1,9.0,15.0,0.0,0
1354,27081,2,44.0,44.0,0.0,0
1355,27083,2,50.0,74.0,0.0,0
1356,27085,2,74.0,115.0,6.0,6
1357,27087,1,10.0,18.0,0.0,0
1358,27089,1,12.0,12.0,0.0,0
1359,27091,1,55.0,57.0,0.0,0
1360,27093,1,25.0,35.0,0.0,0
1361,27095,2,61.0,82.0,4.0,4
1362,27097,1,25.0,49.0,0.0,6
1363,27099,0,80.0,0.0,0.0,0
1364,27101,1,20.0,25.0,0.0,0
1365,27103,1,65.0,17.0,0.0,0
1366,27105,1,48.0,48.0,0.0,0
1367,27107,1,14.0,14.0,0.0,0
1368,27109,2,1986.0,2120.0,218.0,218
1369,27111,2,121.0,133.0,5.0,5
1370,27113,1,41.0,26.0,0.0,0
1371,27115,1,9.0,30.0,0.0,0
1372,27117,1,18.0,44.0,0.0,0
1373,27119,2,54.0,92.0,5.0,5
1374,27121,1,19.0,34.0,0.0,0
1375,27123,4,1461.0,1899.0,115.0,135
1377,27127,1,25.0,25.0,0.0,0
1378,27129,1,16.0,16.0,0.0,0
1379,27131,2,69.0,86.0,0.0,4
1380,27133,1,25.0,28.0,0.0,0
1381,27135,1,25.0,25.0,0.0,0
1382,27137,8,1195.0,1121.0,78.0,179
1383,27139,2,109.0,142.0,0.0,0
1384,27141,0,16.0,0.0,0.0,0
1385,27143,1,16.0,20.0,0.0,0
1386,27145,4,535.0,575.0,42.0,41
1387,27147,1,29.0,43.0,0.0,0
1388,27149,1,25.0,49.0,0.0,0
1389,27151,2,33.0,46.0,0.0,0
1390,27153,2,14.0,34.0,0.0,3
1391,27155,1,15.0,25.0,0.0,0
1392,27157,2,32.0,43.0,0.0,0
1393,27159,1,125.0,86.0,5.0,2
1394,27161,1,15.0,35.0,0.0,0
1395,27163,2,154.0,183.0,31.0,31
1396,27165,2,50.0,50.0,0.0,0
1397,27167,1,25.0,25.0,0.0,0
1398,27169,1,49.0,49.0,8.0,8
1399,27171,2,85.0,104.0,3.0,3
1400,27173,2,47.0,55.0,0.0,0
1401,28001,1,147.0,179.0,15.0,15
1402,28003,1,163.0,200.0,24.0,24
1404,28007,1,25.0,25.0,0.0,0
1406,28011,1,152.0,164.0,8.0,8
1407,28013,1,25.0,25.0,0.0,0
1409,28017,1,39.0,84.0,0.0,0
1410,28019,1,15.0,25.0,0.0,0
1411,28021,1,22.0,32.0,0.0,0
1412,28023,1,25.0,25.0,0.0,0
1413,28025,1,49.0,49.0,6.0,6
1414,28027,1,181.0,181.0,10.0,10
1415,28029,1,25.0,0.0,0.0,0
1416,28031,1,25.0,35.0,0.0,0
1417,28033,2,470.0,514.0,8.0,44
1418,28035,1,587.0,723.0,57.0,48
1419,28037,1,24.0,25.0,0.0,0
1420,28039,1,42.0,48.0,6.0,6
1421,28041,2,7.0,7.0,0.0,0
1422,28043,1,49.0,156.0,0.0,5
1423,28045,1,47.0,102.0,6.0,6
1424,28047,3,854.0,834.0,57.0,57
1425,28049,5,2237.0,1876.0,149.0,218
1426,28051,1,25.0,25.0,0.0,0
1430,28059,1,571.0,571.0,48.0,48
1431,28061,1,16.0,16.0,0.0,0
1432,28063,1,12.0,30.0,0.0,0
1433,28065,1,25.0,35.0,0.0,0
1434,28067,1,268.0,285.0,14.0,14
1435,28069,1,25.0,25.0,0.0,0
1436,28071,1,169.0,217.0,24.0,24
1437,28073,1,45.0,50.0,0.0,17
1438,28075,4,767.0,787.0,39.0,51
1439,28077,1,25.0,25.0,0.0,0
1440,28079,1,25.0,25.0,0.0,0
1441,28081,1,700.0,700.0,24.0,42
1442,28083,1,173.0,208.0,9.0,9
1443,28085,1,90.0,99.0,5.0,5
1444,28087,1,158.0,315.0,18.0,18
1445,28089,1,67.0,67.0,7.0,7
1446,28091,1,49.0,49.0,6.0,6
1447,28093,1,27.0,40.0,0.0,0
1448,28095,2,120.0,130.0,9.0,9
1449,28097,1,25.0,25.0,0.0,0
1450,28099,3,83.0,73.0,0.0,0
1452,28103,1,25.0,25.0,0.0,0
1453,28105,1,88.0,96.0,6.0,6
1454,28107,1,45.0,112.0,0.0,0
1455,28109,2,73.0,84.0,6.0,6
1456,28111,0,22.0,22.0,0.0,0
1457,28113,2,177.0,191.0,16.0,28
1458,28115,1,25.0,25.0,0.0,0
1459,28117,1,39.0,114.0,0.0,11
1461,28121,4,583.0,2030.0,18.0,18
1462,28123,2,50.0,60.0,0.0,0
1463,28125,1,19.0,29.0,0.0,0
1464,28127,2,69.0,99.0,0.0,0
1465,28129,1,19.0,29.0,0.0,0
1466,28131,1,25.0,25.0,0.0,0
1467,28133,2,126.0,84.0,0.0,0
1468,28135,1,9.0,18.0,0.0,0
1470,28139,1,25.0,25.0,0.0,0
1471,28141,1,48.0,48.0,0.0,0
1473,28145,1,92.0,153.0,8.0,8
1474,28147,1,25.0,25.0,0.0,0
1475,28149,1,336.0,396.0,22.0,22
1476,28151,1,541.0,364.0,22.0,22
1477,28153,1,49.0,80.0,6.0,6
1478,28155,1,38.0,38.0,0.0,0
1479,28157,1,16.0,25.0,0.0,0
1480,28159,1,14.0,41.0,0.0,0
1481,28161,1,26.0,26.0,0.0,0
1482,28163,1,25.0,25.0,0.0,0
1483,29001,1,51.0,93.0,10.0,10
1485,29005,1,16.0,18.0,0.0,0
1486,29007,1,40.0,88.0,0.0,0
1487,29009,2,43.0,43.0,0.0,0
1488,29011,1,25.0,25.0,4.0,4
1489,29013,1,44.0,60.0,0.0,0
1492,29019,2,1260.0,494.0,114.0,110
1493,29021,1,501.0,393.0,21.0,21
1494,29023,2,434.0,582.0,14.0,14
1496,29027,1,56.0,37.0,0.0,0
1497,29029,1,114.0,130.0,18.0,18
1498,29031,2,494.0,601.0,31.0,32
1499,29033,1,21.0,25.0,0.0,0
1501,29037,2,96.0,106.0,9.0,9
1502,29039,1,25.0,25.0,0.0,0
1504,29043,0,48.0,48.0,0.0,0
1506,29047,3,694.0,905.0,34.0,172
1507,29049,1,34.0,58.0,5.0,5
1508,29051,2,254.0,268.0,25.0,25
1515,29065,1,25.0,55.0,0.0,0
1518,29071,2,173.0,183.0,13.0,13
1519,29073,1,24.0,24.0,0.0,0
1520,29075,1,25.0,35.0,0.0,0
1521,29077,2,1632.0,1955.0,129.0,163
1522,29079,1,21.0,25.0,0.0,0
1523,29081,1,14.0,19.0,0.0,0
1524,29083,1,96.0,97.0,8.0,8
1528,29091,2,128.0,139.0,12.0,12
1529,29093,1,15.0,15.0,0.0,0
1530,29095,9,2419.0,3018.0,279.0,274
1531,29097,3,706.0,706.0,87.0,88
1532,29099,2,279.0,341.0,28.0,67
1533,29101,1,46.0,75.0,0.0,0
1535,29105,1,43.0,58.0,4.0,4
1536,29107,1,25.0,32.0,2.0,2
1537,29109,1,25.0,53.0,0.0,0
1539,29113,1,25.0,25.0,4.0,4
1540,29115,1,25.0,54.0,0.0,0
1541,29117,1,25.0,25.0,0.0,0
1543,29121,1,25.0,25.0,0.0,0
1544,29123,1,25.0,144.0,0.0,0
1546,29127,1,86.0,99.0,8.0,8
1555,29145,1,25.0,49.0,0.0,0
1556,29147,1,38.0,81.0,0.0,0
1560,29155,1,49.0,167.0,7.0,7
1561,29157,1,25.0,25.0,0.0,0
1562,29159,1,108.0,145.0,9.0,9
1563,29161,1,172.0,242.0,18.0,18
1564,29163,1,25.0,25.0,0.0,0
1565,29165,1,118.0,97.0,0.0,0
1566,29167,1,52.0,86.0,8.0,8
1567,29169,0,46.0,0.0,0.0,0
1568,29171,1,15.0,15.0,0.0,0
1570,29175,1,33.0,99.0,8.0,8
1571,29177,1,25.0,34.0,0.0,0
1574,29183,4,1208.0,1016.0,39.0,39
1575,29185,1,12.0,12.0,0.0,0
1576,29186,1,25.0,47.0,0.0,0
1577,29187,2,433.0,133.0,10.0,10
1578,29189,9,5172.0,4894.0,460.0,468
1579,29195,2,42.0,60.0,7.0,7
1581,29199,1,25.0,25.0,0.0,0
1582,29201,1,110.0,144.0,12.0,12
1585,29207,1,48.0,48.0,4.0,4
1587,29211,1,17.0,25.0,0.0,0
1588,29213,1,105.0,157.0,18.0,18
1589,29215,1,47.0,66.0,4.0,4
1590,29217,1,57.0,140.0,6.0,6
1592,29221,1,25.0,25.0,0.0,0
1597,29510,3,2694.0,2281.0,196.0,207
1598,30001,1,18.0,0.0,0.0,0
1599,30003,2,49.0,0.0,0.0,0
1600,30005,1,6.0,0.0,0.0,0
1601,30007,1,25.0,0.0,0.0,0
1602,30009,1,10.0,0.0,0.0,0
1603,30011,1,25.0,0.0,0.0,0
1604,30013,2,552.0,635.0,20.0,20
1605,30015,2,33.0,0.0,0.0,0
1606,30017,1,25.0,0.0,4.0,4
1607,30019,1,25.0,0.0,0.0,0
1608,30021,1,25.0,0.0,3.0,3
1609,30023,1,199.0,0.0,0.0,0
1610,30025,1,25.0,0.0,0.0,0
1611,30027,1,23.0,0.0,0.0,0
1612,30029,3,220.0,30.0,22.0,22
1613,30031,2,87.0,86.0,8.0,8
1614,30033,1,4.0,0.0,0.0,0
1615,30035,2,46.0,0.0,0.0,0
1617,30039,1,25.0,0.0,0.0,0
1618,30041,1,49.0,49.0,6.0,6
1621,30047,2,47.0,0.0,0.0,0
1622,30049,1,131.0,143.0,8.0,8
1623,30051,1,25.0,0.0,0.0,0
1624,30053,1,25.0,0.0,0.0,0
1625,30055,1,25.0,0.0,0.0,0
1626,30057,2,20.0,0.0,0.0,0
1627,30059,1,25.0,0.0,0.0,0
1628,30061,1,24.0,0.0,0.0,0
1629,30063,2,299.0,404.0,32.0,32
1630,30065,1,25.0,0.0,0.0,0
1631,30067,1,25.0,0.0,4.0,4
1633,30071,1,6.0,0.0,0.0,0
1634,30073,1,20.0,0.0,0.0,0
1636,30077,1,16.0,0.0,0.0,0
1637,30079,1,22.0,0.0,0.0,0
1638,30081,1,25.0,0.0,5.0,5
1639,30083,1,25.0,0.0,0.0,0
1640,30085,3,75.0,0.0,0.0,0
1641,30087,1,25.0,0.0,1.0,1
1642,30089,1,16.0,0.0,0.0,0
1643,30091,1,19.0,0.0,0.0,0
1644,30093,1,71.0,98.0,11.0,11
1645,30095,1,10.0,0.0,0.0,0
1646,30097,1,25.0,0.0,0.0,0
1647,30099,1,25.0,0.0,0.0,0
1648,30101,1,21.0,0.0,0.0,0
1650,30105,1,25.0,0.0,0.0,0
1651,30107,1,25.0,0.0,0.0,0
1653,30111,2,577.0,611.0,41.0,41
1654,31001,1,127.0,162.0,10.0,10
1655,31003,1,23.0,23.0,0.0,0
1659,31011,1,25.0,25.0,0.0,0
1660,31013,1,25.0,25.0,0.0,0
1661,31015,1,20.0,20.0,0.0,0
1662,31017,1,23.0,23.0,0.0,0
1663,31019,2,362.0,266.0,34.0,34
1664,31021,1,16.0,16.0,0.0,0
1665,31023,1,20.0,20.0,0.0,0
1668,31029,1,22.0,20.0,0.0,0
1669,31031,1,25.0,0.0,0.0,0
1670,31033,1,19.0,25.0,4.0,4
1672,31037,1,25.0,25.0,0.0,0
1673,31039,1,25.0,25.0,0.0,0
1674,31041,2,35.0,35.0,0.0,0
1676,31045,1,25.0,25.0,0.0,0
1677,31047,3,57.0,57.0,0.0,0
1680,31053,1,50.0,70.0,0.0,0
1681,31055,8,2208.0,2705.0,234.0,187
1682,31057,1,14.0,14.0,0.0,0
1683,31059,1,20.0,20.0,0.0,0
1684,31061,1,14.0,14.0,0.0,0
1686,31065,1,20.0,20.0,0.0,0
1687,31067,1,25.0,25.0,3.0,3
1688,31069,1,10.0,10.0,0.0,0
1693,31079,1,140.0,159.0,16.0,16
1694,31081,1,14.0,12.0,0.0,0
1695,31083,1,19.0,19.0,0.0,0
1698,31089,3,42.0,42.0,0.0,0
1700,31093,1,16.0,16.0,0.0,0
1701,31095,1,17.0,17.0,0.0,0
1702,31097,1,18.0,18.0,0.0,0
1703,31099,1,10.0,10.0,0.0,0
1704,31101,1,18.0,18.0,0.0,0
1706,31105,1,15.0,15.0,0.0,0
1707,31107,1,23.0,23.0,0.0,0
1708,31109,4,1392.0,1144.0,52.0,108
1709,31111,1,97.0,116.0,19.0,19
1713,31119,1,131.0,0.0,24.0,24
1714,31121,1,20.0,20.0,0.0,0
1715,31123,1,20.0,20.0,0.0,0
1716,31125,0,19.0,19.0,0.0,0
1717,31127,1,16.0,16.0,0.0,0
1718,31129,1,25.0,25.0,0.0,0
1719,31131,2,28.0,36.0,0.0,0
1720,31133,1,17.0,11.0,0.0,0
1721,31135,1,20.0,20.0,0.0,0
1722,31137,1,25.0,25.0,0.0,0
1723,31139,2,35.0,35.0,0.0,0
1724,31141,2,47.0,47.0,5.0,5
1725,31143,1,16.0,16.0,0.0,0
1726,31145,1,25.0,25.0,0.0,0
1727,31147,1,24.0,24.0,0.0,0
1728,31149,0,24.0,24.0,0.0,0
1729,31151,2,43.0,43.0,0.0,0
1730,31153,2,89.0,212.0,8.0,8
1731,31155,1,16.0,16.0,0.0,0
1732,31157,1,122.0,166.0,22.0,22
1733,31159,1,24.0,24.0,0.0,0
1734,31161,1,25.0,25.0,0.0,0
1738,31169,1,19.0,17.0,0.0,0
1740,31173,1,34.0,21.0,0.0,0
1741,31175,1,16.0,16.0,0.0,0
1742,31177,1,21.0,21.0,0.0,0
1743,31179,1,25.0,0.0,0.0,0
1744,31181,1,13.0,13.0,0.0,0
1746,31185,2,38.0,38.0,0.0,0
1747,32001,1,25.0,40.0,0.0,0
1748,32003,19,6323.0,5370.0,452.0,535
1749,32005,1,23.0,23.0,0.0,0
1750,32007,1,59.0,75.0,7.0,7
1753,32013,1,25.0,53.0,3.0,3
1754,32015,1,5.0,25.0,0.0,0
1755,32017,1,4.0,20.0,0.0,0
1756,32019,1,14.0,63.0,0.0,0
1757,32021,1,11.0,35.0,0.0,0
1758,32023,1,25.0,25.0,0.0,0
1759,32027,1,13.0,38.0,0.0,0
1761,32031,5,1429.0,1705.0,290.0,331
1762,32033,1,25.0,25.0,0.0,0
1763,32510,1,219.0,234.0,24.0,24
1764,33001,1,86.0,137.0,10.0,10
1765,33003,2,50.0,50.0,8.0,8
1766,33005,1,86.0,169.0,27.0,27
1767,33007,3,66.0,66.0,3.0,3
1768,33009,5,553.0,506.0,52.0,54
1769,33011,5,1002.0,1082.0,62.0,62
1770,33013,3,474.0,395.0,18.0,18
1771,33015,3,506.0,573.0,43.0,43
1772,33017,2,182.0,290.0,17.0,17
1773,33019,1,25.0,25.0,0.0,0
1774,34001,2,1602.0,906.0,54.0,64
1775,34003,6,3025.0,3011.0,112.0,147
1776,34005,3,983.0,1046.0,82.0,82
1777,34007,4,2244.0,2142.0,166.0,199
1778,34009,1,149.0,242.0,16.0,16
1779,34011,1,321.0,335.0,12.0,36
1780,34013,7,2906.0,3581.0,215.0,267
1781,34015,1,233.0,311.0,14.0,14
1782,34017,6,1086.0,1851.0,89.0,105
1783,34019,1,170.0,184.0,12.0,12
1784,34021,4,1399.0,1147.0,80.0,92
1785,34023,5,2808.0,2071.0,97.0,185
1786,34025,5,1643.0,2151.0,128.0,152
1787,34027,3,1867.0,1528.0,81.0,91
1788,34029,4,1325.0,1528.0,94.0,106
1789,34031,2,1740.0,1187.0,53.0,97
1790,34033,2,209.0,222.0,19.0,19
1791,34035,1,820.0,642.0,28.0,28
1792,34037,1,130.0,148.0,10.0,10
1793,34039,3,1010.0,1401.0,55.0,80
1794,34041,2,156.0,309.0,20.0,20
1795,35001,5,2647.0,1958.0,117.0,138
1797,35005,2,204.0,232.0,24.0,24
1798,35006,2,31.0,25.0,4.0,4
1799,35007,1,25.0,25.0,4.0,4
1800,35009,1,106.0,106.0,8.0,8
1802,35013,2,663.0,427.0,51.0,51
1803,35015,2,130.0,164.0,12.0,12
1804,35017,1,32.0,68.0,6.0,6
1805,35019,1,10.0,10.0,0.0,0
1808,35025,2,86.0,230.0,8.0,8
1809,35027,1,25.0,25.0,4.0,4
1810,35028,1,47.0,47.0,6.0,6
1811,35029,1,25.0,25.0,6.0,6
1812,35031,4,148.0,98.0,5.0,5
1814,35035,2,56.0,100.0,10.0,10
1816,35039,1,52.0,70.0,8.0,8
1817,35041,1,20.0,24.0,0.0,0
1818,35043,1,200.0,259.0,0.0,0
1819,35045,2,260.0,210.0,10.0,10
1820,35047,1,226.0,175.0,8.0,8
1821,35049,3,244.0,219.0,24.0,22
1822,35051,1,11.0,25.0,0.0,0
1823,35053,1,24.0,24.0,0.0,0
1824,35055,1,6.0,25.0,6.0,6
1826,35059,1,50.0,50.0,0.0,0
1828,36001,3,1623.0,899.0,81.0,120
1829,36003,2,69.0,70.0,6.0,6
1830,36005,6,4602.0,3000.0,201.0,270
1831,36007,2,772.0,742.0,47.0,47
1832,36009,1,260.0,186.0,0.0,0
1833,36011,1,85.0,99.0,0.0,14
1834,36013,3,208.0,386.0,26.0,26
1835,36015,2,325.0,391.0,20.0,20
1836,36017,1,58.0,58.0,7.0,7
1837,36019,1,300.0,300.0,21.0,21
1838,36021,1,95.0,192.0,9.0,9
1839,36023,1,103.0,162.0,12.0,12
1840,36025,3,56.0,0.0,0.0,0
1841,36027,2,874.0,692.0,27.0,51
1842,36029,6,2653.0,2664.0,190.0,262
1843,36031,1,25.0,0.0,0.0,0
1844,36033,2,131.0,171.0,13.0,13
1845,36035,1,58.0,74.0,8.0,8
1846,36037,1,131.0,0.0,10.0,10
1849,36043,1,25.0,0.0,0.0,0
1850,36045,3,287.0,290.0,10.0,10
1851,36047,12,4557.0,5746.0,248.0,318
1852,36049,1,25.0,0.0,6.0,6
1853,36051,1,67.0,67.0,0.0,0
1854,36053,2,126.0,101.0,6.0,6
1855,36055,5,2038.0,1139.0,154.0,191
1856,36057,1,100.0,120.0,8.0,8
1857,36059,10,4187.0,4377.0,235.0,461
1858,36061,12,9382.0,9378.0,725.0,761
1859,36063,3,411.0,482.0,32.0,32
1860,36065,3,903.0,701.0,26.0,51
1861,36067,3,2113.0,1762.0,118.0,152
1862,36069,3,307.0,399.0,27.0,27
1863,36071,4,986.0,807.0,76.0,76
1864,36073,1,25.0,0.0,0.0,0
1865,36075,1,132.0,132.0,8.0,8
1866,36077,2,227.0,180.0,14.0,14
1867,36079,1,120.0,164.0,10.0,10
1868,36081,6,3438.0,2857.0,92.0,129
1869,36083,3,257.0,227.0,24.0,12
1870,36085,2,1254.0,1114.0,62.0,114
1871,36087,3,1144.0,791.0,0.0,39
1872,36089,5,384.0,259.0,20.0,20
1873,36091,1,259.0,171.0,0.0,19
1874,36093,2,351.0,538.0,36.0,36
1875,36095,1,40.0,40.0,0.0,0
1876,36097,1,25.0,0.0,0.0,0
1878,36101,3,95.0,115.0,8.0,8
1879,36103,10,3509.0,3181.0,250.0,281
1880,36105,2,99.0,154.0,0.0,10
1882,36109,1,163.0,212.0,16.0,16
1883,36111,3,209.0,300.0,25.0,25
1884,36113,1,361.0,406.0,24.0,24
1886,36117,1,101.0,120.0,8.0,8
1887,36119,9,3160.0,3396.0,158.0,179
1888,36121,1,50.0,62.0,5.0,5
1889,36123,1,25.0,0.0,0.0,0
1890,37001,1,176.0,238.0,20.0,20
1892,37005,1,25.0,41.0,0.0,0
1893,37007,1,15.0,15.0,0.0,0
1894,37009,1,25.0,76.0,0.0,0
1895,37011,1,21.0,50.0,0.0,0
1896,37013,1,72.0,142.0,8.0,8
1897,37015,1,6.0,6.0,0.0,0
1898,37017,1,25.0,58.0,4.0,4
1899,37019,2,126.0,99.0,19.0,19
1900,37021,1,1708.0,884.0,146.0,166
1901,37023,1,587.0,315.0,16.0,16
1902,37025,1,540.0,497.0,15.0,25
1903,37027,1,110.0,110.0,12.0,12
1905,37031,1,99.0,135.0,8.0,8
1907,37035,2,426.0,613.0,52.0,52
1908,37037,1,25.0,25.0,4.0,4
1909,37039,1,25.0,57.0,0.0,0
1910,37041,1,25.0,49.0,4.0,4
1912,37045,2,292.0,308.0,57.0,57
1913,37047,1,154.0,154.0,0.0,10
1914,37049,1,286.0,350.0,72.0,72
1915,37051,1,726.0,700.0,56.0,48
1917,37055,1,21.0,21.0,0.0,0
1918,37057,2,154.0,240.0,29.0,29
1919,37059,1,50.0,50.0,0.0,0
1920,37061,1,49.0,81.0,9.0,9
1921,37063,3,1376.0,1374.0,70.0,148
1922,37065,1,101.0,117.0,15.0,15
1923,37067,3,2172.0,1878.0,180.0,259
1925,37071,1,423.0,475.0,57.0,74
1928,37077,1,1342.0,142.0,6.0,6
1930,37081,2,1354.0,1411.0,107.0,142
1931,37083,2,106.0,204.0,16.0,16
1932,37085,1,268.0,151.0,14.0,14
1933,37087,1,122.0,159.0,12.0,12
1934,37089,2,233.0,325.0,27.0,27
1935,37091,1,70.0,114.0,10.0,10
1936,37093,1,61.0,49.0,0.0,0
1938,37097,3,406.0,514.0,36.0,36
1939,37099,1,82.0,86.0,9.0,9
1940,37101,1,229.0,199.0,24.0,24
1942,37105,1,127.0,137.0,8.0,8
1943,37107,1,1086.0,261.0,0.0,14
1944,37109,1,101.0,101.0,10.0,10
1945,37111,1,49.0,65.0,9.0,9
1946,37113,2,49.0,83.0,5.0,5
1948,37117,1,43.0,49.0,6.0,6
1949,37119,7,2898.0,2646.0,141.0,173
1950,37121,1,25.0,46.0,0.0,0
1951,37123,1,4.0,37.0,0.0,0
1952,37125,1,412.0,402.0,0.0,68
1953,37127,1,372.0,395.0,21.0,21
1954,37129,2,992.0,769.0,29.0,57
1956,37133,1,306.0,162.0,14.0,14
1957,37135,1,1086.0,905.0,0.0,13
1959,37139,1,91.0,182.0,10.0,10
1960,37141,1,25.0,86.0,0.0,0
1962,37145,1,38.0,98.0,6.0,6
1963,37147,1,930.0,909.0,71.0,71
1964,37149,1,25.0,35.0,6.0,6
1965,37151,1,145.0,145.0,12.0,12
1966,37153,0,99.0,99.0,0.0,0
1967,37155,1,256.0,452.0,25.0,25
1968,37157,1,218.0,218.0,9.0,9
1969,37159,1,169.0,268.0,20.0,20
1970,37161,1,111.0,143.0,18.0,18
1971,37163,1,71.0,146.0,8.0,8
1972,37165,1,97.0,104.0,8.0,8
1973,37167,1,97.0,109.0,10.0,10
1974,37169,1,25.0,99.0,0.0,0
1975,37171,2,181.0,226.0,10.0,10
1976,37173,2,44.0,48.0,0.0,0
1977,37175,1,25.0,92.0,4.0,4
1979,37179,1,182.0,252.0,14.0,14
1980,37181,1,91.0,102.0,20.0,20
1981,37183,4,2920.0,1704.0,117.0,175
1983,37187,1,25.0,0.0,0.0,0
1984,37189,1,95.0,117.0,10.0,10
1985,37191,1,514.0,316.0,16.0,16
1986,37193,1,93.0,130.0,8.0,8
1987,37195,1,270.0,294.0,14.0,14
1990,38001,1,25.0,25.0,0.0,0
1991,38003,1,25.0,25.0,0.0,0
1994,38009,1,25.0,25.0,0.0,0
1995,38011,1,23.0,23.0,0.0,0
1997,38015,2,458.0,510.0,52.0,72
1998,38017,2,1407.0,1052.0,111.0,111
1999,38019,1,20.0,20.0,0.0,0
2000,38021,1,20.0,20.0,0.0,0
2001,38023,1,15.0,15.0,0.0,0
2004,38029,1,14.0,14.0,0.0,0
2005,38031,1,25.0,25.0,0.0,0
2007,38035,2,384.0,404.0,16.0,26
2008,38037,1,30.0,30.0,0.0,0
2009,38039,1,18.0,18.0,0.0,0
2015,38051,2,44.0,44.0,0.0,0
2016,38053,1,24.0,24.0,0.0,0
2017,38055,2,47.0,47.0,0.0,0
2018,38057,1,13.0,13.0,0.0,0
2019,38059,0,41.0,41.0,0.0,0
2020,38061,1,11.0,11.0,0.0,0
2021,38063,1,19.0,19.0,0.0,0
2023,38067,1,20.0,20.0,0.0,0
2024,38069,1,25.0,25.0,0.0,0
2025,38071,1,25.0,25.0,0.0,0
2026,38073,1,25.0,25.0,0.0,0
2029,38079,2,52.0,25.0,0.0,0
2032,38085,1,12.0,0.0,0.0,0
2034,38089,1,25.0,25.0,4.0,4
2036,38093,1,131.0,165.0,6.0,6
2037,38095,1,20.0,20.0,0.0,0
2038,38097,2,41.0,41.0,0.0,0
2039,38099,2,28.0,28.0,0.0,0
2040,38101,2,466.0,441.0,19.0,19
2041,38103,1,25.0,25.0,0.0,0
2042,38105,2,50.0,50.0,0.0,0
2043,39001,1,25.0,25.0,0.0,0
2044,39003,4,529.0,830.0,34.0,62
2045,39005,1,39.0,123.0,6.0,6
2046,39007,4,286.0,431.0,19.0,19
2047,39009,1,156.0,0.0,0.0,0
2048,39011,1,36.0,131.0,6.0,6
2049,39013,2,185.0,45.0,0.0,15
2051,39017,4,809.0,593.0,56.0,74
2053,39021,1,25.0,0.0,0.0,0
2054,39023,2,270.0,40.0,38.0,38
2055,39025,1,147.0,160.0,16.0,16
2056,39027,1,89.0,165.0,6.0,6
2057,39029,2,219.0,199.0,20.0,20
2058,39031,1,56.0,56.0,7.0,7
2059,39033,2,50.0,75.0,9.0,9
2060,39035,15,5850.0,5935.0,397.0,680
2061,39037,1,40.0,104.0,6.0,6
2062,39039,3,73.0,104.0,8.0,8
2063,39041,1,124.0,60.0,6.0,6
2064,39043,1,410.0,405.0,18.0,18
2065,39045,1,213.0,245.0,20.0,20
2066,39047,1,25.0,25.0,0.0,6
2067,39049,10,5911.0,3692.0,368.0,449
2068,39051,1,25.0,117.0,7.0,7
2069,39053,1,157.0,287.0,14.0,14
2070,39055,1,124.0,0.0,12.0,12
2071,39057,2,235.0,206.0,20.0,20
2072,39059,1,156.0,255.0,11.0,11
2073,39061,8,3829.0,3626.0,232.0,297
2074,39063,1,141.0,176.0,0.0,34
2075,39065,1,25.0,25.0,0.0,0
2076,39067,1,25.0,25.0,0.0,0
2077,39069,1,25.0,31.0,5.0,5
2078,39071,2,50.0,70.0,0.0,0
2079,39073,1,25.0,0.0,0.0,4
2080,39075,1,41.0,69.0,4.0,4
2081,39077,2,148.0,198.0,22.0,12
2082,39079,1,24.0,25.0,0.0,4
2083,39081,1,448.0,500.0,12.0,20
2084,39083,1,65.0,111.0,12.0,12
2085,39085,1,709.0,531.0,27.0,27
2086,39087,1,8.0,8.0,0.0,0
2087,39089,1,262.0,35.0,13.0,38
2088,39091,1,39.0,115.0,0.0,6
2089,39093,4,838.0,453.0,54.0,75
2090,39095,7,2468.0,3274.0,158.0,251
2091,39097,1,45.0,94.0,13.0,13
2092,39099,3,826.0,1100.0,38.0,67
2093,39101,1,174.0,0.0,15.0,15
2094,39103,2,150.0,191.0,12.0,12
2096,39107,1,42.0,88.0,5.0,5
2097,39109,1,119.0,182.0,10.0,10
2099,39113,4,2153.0,2327.0,208.0,196
2101,39117,1,23.0,25.0,3.0,3
2102,39119,1,282.0,321.0,24.0,48
2104,39123,1,25.0,25.0,4.0,4
2105,39125,1,25.0,25.0,0.0,0
2107,39129,1,83.0,83.0,8.0,8
2108,39131,1,25.0,25.0,0.0,0
2109,39133,1,191.0,302.0,16.0,16
2112,39139,3,279.0,358.0,37.0,37
2113,39141,1,189.0,261.0,12.0,12
2114,39143,2,102.0,186.0,8.0,18
2115,39145,2,202.0,446.0,16.0,16
2116,39147,2,94.0,145.0,9.0,9
2117,39149,1,61.0,90.0,7.0,7
2118,39151,3,1006.0,1523.0,68.0,128
2119,39153,4,2260.0,2097.0,145.0,170
2120,39155,2,435.0,590.0,42.0,42
2121,39157,2,153.0,174.0,10.0,38
2122,39159,1,60.0,97.0,7.0,7
2123,39161,1,145.0,195.0,5.0,5
2125,39165,1,265.0,340.0,16.0,57
2126,39167,2,213.0,243.0,11.0,11
2127,39169,2,129.0,184.0,14.0,14
2128,39171,2,100.0,123.0,7.0,7
2129,39173,1,149.0,0.0,10.0,10
2130,39175,1,24.0,31.0,0.0,5
2131,40001,1,30.0,67.0,0.0,0
2133,40005,1,25.0,25.0,0.0,0
2134,40007,1,24.0,24.0,0.0,0
2135,40009,1,34.0,62.0,6.0,6
2136,40011,2,42.0,42.0,0.0,0
2137,40013,1,140.0,148.0,8.0,8
2138,40015,2,42.0,42.0,0.0,0
2139,40017,1,74.0,75.0,8.0,8
2140,40019,2,162.0,212.0,13.0,13
2141,40021,2,122.0,98.0,14.0,30
2142,40023,1,34.0,34.0,0.0,0
2143,40025,1,25.0,25.0,0.0,0
2144,40027,1,1025.0,605.0,52.0,77
2145,40029,1,20.0,20.0,0.0,0
2146,40031,3,365.0,512.0,28.0,58
2148,40035,1,235.0,55.0,0.0,0
2149,40037,3,95.0,95.0,0.0,0
2150,40039,2,70.0,81.0,4.0,4
2151,40041,1,58.0,58.0,6.0,6
2152,40043,1,18.0,18.0,0.0,0
2153,40045,1,25.0,25.0,0.0,0
2154,40047,2,349.0,436.0,30.0,30
2155,40049,1,26.0,26.0,0.0,0
2156,40051,1,49.0,75.0,9.0,9
2158,40055,1,18.0,18.0,0.0,0
2159,40057,1,22.0,25.0,0.0,0
2160,40059,1,15.0,25.0,0.0,0
2162,40063,1,25.0,25.0,0.0,0
2163,40065,1,49.0,49.0,6.0,6
2164,40067,1,25.0,25.0,0.0,0
2165,40069,1,25.0,25.0,0.0,0
2166,40071,2,82.0,189.0,10.0,6
2167,40073,1,25.0,25.0,0.0,0
2168,40075,1,38.0,38.0,0.0,0
2169,40077,1,43.0,0.0,0.0,0
2170,40079,1,25.0,43.0,4.0,4
2171,40081,2,50.0,50.0,0.0,0
2172,40083,1,25.0,25.0,0.0,0
2173,40085,1,25.0,25.0,0.0,0
2174,40087,1,39.0,39.0,0.0,0
2175,40089,1,77.0,0.0,6.0,0
2177,40093,1,25.0,25.0,0.0,0
2178,40095,1,21.0,25.0,0.0,0
2179,40097,1,24.0,48.0,0.0,0
2180,40099,1,25.0,25.0,0.0,0
2181,40101,1,373.0,384.0,24.0,24
2182,40103,1,26.0,26.0,0.0,0
2183,40105,1,25.0,25.0,0.0,0
2184,40107,1,25.0,0.0,0.0,0
2185,40109,19,4337.0,4357.0,267.0,300
2186,40111,2,107.0,107.0,0.0,0
2187,40113,2,40.0,40.0,0.0,0
2188,40115,1,144.0,167.0,9.0,9
2189,40117,1,14.0,14.0,0.0,0
2190,40119,2,161.0,216.0,11.0,11
2191,40121,1,132.0,164.0,15.0,15
2192,40123,2,240.0,216.0,12.0,12
2193,40125,1,111.0,130.0,14.0,14
2194,40127,1,42.0,0.0,0.0,0
2195,40129,1,15.0,15.0,0.0,0
2196,40131,2,100.0,81.0,6.0,6
2197,40133,1,32.0,32.0,0.0,0
2198,40135,1,41.0,41.0,0.0,0
2199,40137,1,86.0,138.0,9.0,9
2200,40139,1,47.0,47.0,0.0,0
2202,40143,12,3313.0,3360.0,276.0,379
2203,40145,1,100.0,100.0,6.0,6
2204,40147,1,81.0,140.0,0.0,8
2205,40149,1,14.0,14.0,0.0,0
2206,40151,1,25.0,25.0,0.0,0
2207,40153,1,64.0,115.0,6.0,6
2208,41001,1,21.0,36.0,2.0,2
2209,41003,1,169.0,188.0,12.0,12
2210,41005,3,453.0,549.0,54.0,54
2211,41007,2,48.0,83.0,4.0,4
2213,41011,3,166.0,218.0,12.0,12
2214,41013,1,16.0,16.0,0.0,0
2215,41015,1,16.0,24.0,0.0,0
2216,41017,2,270.0,304.0,36.0,36
2217,41019,2,156.0,190.0,32.0,32
2219,41023,1,14.0,25.0,0.0,0
2220,41025,1,19.0,25.0,2.0,2
2221,41027,1,25.0,25.0,0.0,0
2222,41029,3,458.0,595.0,34.0,50
2223,41031,1,25.0,25.0,0.0,0
2224,41033,1,121.0,125.0,12.0,12
2225,41035,1,105.0,176.0,0.0,0
2226,41037,1,24.0,24.0,0.0,0
2227,41039,5,721.0,599.0,71.0,67
2228,41041,2,50.0,50.0,0.0,0
2229,41043,2,92.0,128.0,11.0,11
2230,41045,1,44.0,49.0,8.0,8
2231,41047,3,1067.0,543.0,68.0,68
2232,41049,1,21.0,21.0,0.0,0
2233,41051,6,2852.0,2598.0,165.0,165
2234,41053,1,15.0,25.0,0.0,0
2236,41057,1,25.0,49.0,4.0,4
2237,41059,2,66.0,98.0,8.0,3
2238,41061,1,25.0,25.0,4.0,4
2239,41063,1,23.0,25.0,0.0,0
2240,41065,1,43.0,49.0,17.0,17
2241,41067,4,989.0,795.0,85.0,85
2243,41071,2,90.0,128.0,11.0,11
2244,42001,1,76.0,76.0,8.0,8
2245,42003,15,6602.0,6736.0,443.0,580
2246,42005,1,131.0,154.0,12.0,12
2247,42007,1,229.0,320.0,20.0,20
2248,42009,1,40.0,49.0,4.0,4
2249,42011,3,1142.0,1326.0,50.0,71
2250,42013,3,496.0,518.0,42.0,50
2251,42015,3,310.0,314.0,42.0,42
2252,42017,7,1105.0,1155.0,91.0,90
2253,42019,1,292.0,296.0,35.0,35
2254,42021,2,423.0,539.0,19.0,30
2256,42025,2,68.0,159.0,6.0,13
2257,42027,1,432.0,440.0,0.0,0
2258,42029,5,1133.0,1109.0,54.0,93
2259,42031,1,169.0,146.0,7.0,7
2260,42033,2,241.0,315.0,15.0,27
2261,42035,2,63.0,68.0,0.0,10
2262,42037,2,143.0,173.0,22.0,22
2263,42039,2,170.0,242.0,16.0,16
2264,42041,2,724.0,684.0,31.0,45
2265,42043,2,1516.0,1433.0,36.0,142
2266,42045,4,2036.0,1329.0,101.0,100
2267,42047,1,25.0,35.0,0.0,0
2268,42049,4,1040.0,1116.0,40.0,88
2269,42051,2,210.0,235.0,15.0,15
2271,42055,2,299.0,314.0,0.0,24
2272,42057,1,21.0,21.0,0.0,0
2273,42059,1,23.0,49.0,0.0,0
2274,42061,1,57.0,62.0,7.0,7
2275,42063,1,134.0,166.0,12.0,12
2276,42065,2,69.0,84.0,5.0,5
2278,42069,3,855.0,984.0,53.0,51
2279,42071,3,1031.0,941.0,73.0,64
2280,42073,2,206.0,207.0,12.0,18
2281,42075,1,393.0,273.0,18.0,18
2282,42077,3,2277.0,1271.0,98.0,143
2283,42079,3,1248.0,1114.0,67.0,71
2284,42081,3,303.0,300.0,32.0,32
2285,42083,1,138.0,138.0,10.0,5
2286,42085,4,562.0,478.0,26.0,45
2287,42087,1,109.0,123.0,10.0,10
2288,42089,2,295.0,239.0,24.0,44
2289,42091,11,3019.0,2778.0,165.0,215
2290,42093,1,848.0,773.0,68.0,42
2291,42095,4,1000.0,1220.0,80.0,64
2292,42097,1,45.0,0.0,0.0,6
2294,42101,15,6540.0,7129.0,387.0,528
2296,42105,1,25.0,59.0,4.0,4
2297,42107,2,266.0,349.0,26.0,16
2299,42111,3,148.0,185.0,6.0,14
2301,42115,2,50.0,50.0,4.0,4
2302,42117,1,25.0,25.0,6.0,6
2303,42119,1,123.0,132.0,12.0,12
2304,42121,1,118.0,158.0,8.0,8
2305,42123,1,237.0,237.0,6.0,6
2306,42125,4,448.0,578.0,16.0,50
2307,42127,1,76.0,112.0,8.0,8
2308,42129,3,794.0,974.0,33.0,51
2309,42131,1,44.0,44.0,6.0,6
2310,42133,5,808.0,985.0,70.0,60
2312,44003,1,323.0,359.0,15.0,15
2313,44005,1,102.0,129.0,10.0,10
2314,44007,6,3416.0,2627.0,204.0,237
2315,44009,2,154.0,225.0,17.0,17
2316,45001,1,25.0,25.0,6.0,6
2317,45003,1,204.0,259.0,35.0,35
2318,45005,1,25.0,25.0,0.0,0
2319,45007,1,532.0,793.0,25.0,40
2322,45013,2,318.0,290.0,24.0,24
2325,45019,6,2172.0,2029.0,221.0,221
2326,45021,1,44.0,125.0,12.0,12
2327,45023,1,36.0,82.0,6.0,6
2328,45025,1,48.0,59.0,6.0,6
2329,45027,1,49.0,81.0,6.0,6
2330,45029,1,102.0,135.0,8.0,8
2331,45031,2,152.0,188.0,12.0,12
2332,45033,1,72.0,79.0,6.0,6
2333,45035,0,94.0,94.0,0.0,0
2334,45037,1,25.0,25.0,0.0,0
2336,45041,3,1011.0,1033.0,63.0,98
2337,45043,1,131.0,131.0,10.0,10
2338,45045,6,1560.0,1748.0,123.0,137
2339,45047,1,332.0,400.0,20.0,30
2340,45049,1,32.0,32.0,6.0,6
2341,45051,4,1032.0,973.0,100.0,100
2342,45053,1,41.0,41.0,4.0,4
2343,45055,1,121.0,121.0,10.0,10
2344,45057,1,208.0,253.0,20.0,20
2345,45059,1,43.0,76.0,0.0,8
2347,45063,2,634.0,636.0,37.0,55
2349,45067,1,94.0,124.0,10.0,10
2351,45071,1,48.0,90.0,7.0,7
2352,45073,1,122.0,169.0,0.0,12
2353,45075,1,266.0,301.0,20.0,20
2354,45077,2,131.0,164.0,4.0,15
2355,45079,3,2339.0,1490.0,82.0,211
2357,45083,1,748.0,884.0,41.0,39
2358,45085,1,173.0,283.0,17.0,17
2359,45087,1,49.0,143.0,6.0,6
2360,45089,1,25.0,25.0,4.0,4
2361,45091,1,318.0,338.0,24.0,24
2363,46005,1,25.0,25.0,6.0,6
2364,46007,1,14.0,14.0,0.0,0
2365,46009,2,50.0,50.0,0.0,0
2366,46011,1,49.0,49.0,0.0,0
2367,46013,2,97.0,157.0,6.0,10
2368,46015,1,25.0,25.0,0.0,0
2372,46023,2,37.0,37.0,0.0,0
2374,46027,1,25.0,25.0,0.0,0
2375,46029,1,81.0,81.0,8.0,8
2377,46033,1,11.0,11.0,0.0,0
2378,46035,1,50.0,67.0,8.0,8
2379,46037,1,20.0,25.0,0.0,0
2380,46039,1,10.0,10.0,0.0,0
2381,46041,1,8.0,0.0,0.0,0
2382,46043,1,11.0,11.0,0.0,0
2383,46045,1,12.0,12.0,0.0,0
2384,46047,1,25.0,25.0,0.0,0
2385,46049,1,12.0,12.0,0.0,0
2386,46051,1,25.0,25.0,0.0,0
2387,46053,2,41.0,41.0,0.0,0
2388,46055,1,18.0,18.0,0.0,0
2390,46059,1,25.0,0.0,0.0,0
2393,46065,1,50.0,50.0,6.0,6
2394,46067,2,50.0,50.0,0.0,0
2397,46073,1,16.0,16.0,0.0,0
2399,46077,1,6.0,6.0,0.0,0
2400,46079,1,22.0,22.0,0.0,0
2401,46081,2,45.0,62.0,5.0,5
2402,46083,2,64.0,64.0,0.0,0
2405,46089,1,4.0,6.0,0.0,0
2406,46091,1,20.0,20.0,0.0,0
2407,46093,1,79.0,25.0,3.0,3
2410,46099,4,1296.0,1150.0,56.0,54
2411,46101,1,18.0,18.0,0.0,0
2412,46102,0,45.0,0.0,0.0,0
2413,46103,3,403.0,449.0,38.0,38
2415,46107,1,10.0,10.0,0.0,0
2416,46109,1,25.0,25.0,0.0,0
2418,46115,1,23.0,25.0,0.0,0
2421,46121,1,35.0,0.0,0.0,0
2422,46123,1,25.0,25.0,0.0,0
2423,46125,1,12.0,12.0,0.0,0
2424,46127,1,38.0,40.0,0.0,0
2425,46129,1,25.0,25.0,4.0,4
2426,46135,1,168.0,232.0,10.0,10
2428,47001,1,220.0,317.0,25.0,25
2429,47003,1,44.0,60.0,8.0,8
2430,47005,1,25.0,25.0,0.0,0
2431,47007,1,25.0,25.0,0.0,0
2432,47009,1,348.0,459.0,8.0,16
2433,47011,1,183.0,251.0,27.0,27
2434,47013,2,81.0,120.0,10.0,10
2435,47015,1,30.0,60.0,0.0,0
2436,47017,1,42.0,70.0,0.0,6
2437,47019,1,109.0,121.0,8.0,8
2438,47021,1,12.0,12.0,0.0,0
2440,47025,1,33.0,85.0,5.0,5
2442,47029,1,32.0,74.0,5.0,5
2443,47031,2,123.0,160.0,13.0,14
2445,47035,1,73.0,189.0,12.0,12
2446,47037,9,3658.0,4073.0,359.0,614
2447,47039,1,40.0,40.0,0.0,0
2448,47041,1,52.0,71.0,4.0,4
2449,47043,1,91.0,157.0,6.0,6
2450,47045,1,109.0,225.0,14.0,10
2453,47051,1,152.0,173.0,10.0,10
2454,47053,1,47.0,70.0,3.0,3
2455,47055,1,81.0,95.0,6.0,6
2457,47059,1,189.0,240.0,17.0,6
2459,47063,1,116.0,167.0,20.0,20
2460,47065,3,2141.0,2052.0,151.0,215
2461,47067,1,10.0,10.0,0.0,0
2462,47069,1,175.0,238.0,0.0,0
2463,47071,1,49.0,58.0,0.0,0
2464,47073,1,32.0,50.0,6.0,6
2466,47077,1,36.0,45.0,0.0,0
2467,47079,1,64.0,142.0,0.0,6
2468,47081,1,25.0,25.0,0.0,0
2469,47083,1,25.0,25.0,0.0,0
2470,47085,1,25.0,25.0,0.0,0
2472,47089,1,58.0,58.0,6.0,6
2473,47091,1,2.0,2.0,0.0,0
2474,47093,4,1751.0,1253.0,147.0,254
2476,47097,1,25.0,25.0,0.0,0
2477,47099,1,89.0,99.0,6.0,6
2479,47103,1,49.0,59.0,6.0,7
2480,47105,1,30.0,50.0,5.0,5
2481,47107,1,88.0,118.0,4.0,4
2483,47111,1,25.0,25.0,0.0,0
2484,47113,1,870.0,177.0,89.0,76
2485,47115,0,28.0,70.0,0.0,0
2486,47117,1,25.0,25.0,0.0,0
2487,47119,1,281.0,271.0,41.0,65
2489,47123,1,59.0,59.0,0.0,0
2490,47125,1,260.0,296.0,21.0,21
2493,47131,1,63.0,173.0,0.0,7
2494,47133,1,90.0,114.0,6.0,6
2495,47135,1,21.0,53.0,0.0,0
2498,47141,1,247.0,285.0,38.0,38
2499,47143,1,25.0,25.0,3.0,3
2500,47145,1,52.0,54.0,6.0,6
2501,47147,1,109.0,109.0,8.0,8
2502,47149,3,759.0,491.0,78.0,78
2503,47151,1,25.0,25.0,0.0,0
2505,47155,1,58.0,79.0,16.0,16
2506,47157,6,4470.0,4745.0,196.0,277
2507,47159,1,25.0,25.0,2.0,2
2509,47163,3,851.0,1139.0,92.0,103
2510,47165,2,255.0,265.0,38.0,38
2511,47167,1,47.0,100.0,0.0,7
2512,47169,1,25.0,25.0,0.0,0
2513,47171,1,10.0,48.0,0.0,0
2516,47177,1,100.0,125.0,8.0,8
2517,47179,2,630.0,581.0,76.0,76
2518,47181,1,30.0,80.0,0.0,0
2519,47183,1,94.0,156.0,0.0,6
2520,47185,1,32.0,60.0,4.0,4
2521,47187,1,543.0,270.0,28.0,28
2522,47189,1,170.0,170.0,12.0,12
2523,48001,1,150.0,0.0,10.0,10
2524,48003,1,30.0,34.0,0.0,0
2525,48005,2,367.0,446.0,39.0,29
2529,48013,1,67.0,67.0,6.0,6
2530,48015,1,32.0,32.0,0.0,0
2531,48017,1,25.0,25.0,0.0,0
2533,48021,1,8.0,8.0,0.0,0
2534,48023,1,27.0,49.0,0.0,27
2535,48025,1,40.0,69.0,8.0,8
2536,48027,3,1241.0,365.0,90.0,90
2537,48029,13,8584.0,7596.0,505.0,648
2540,48035,1,25.0,25.0,0.0,0
2541,48037,2,679.0,864.0,58.0,82
2542,48039,3,247.0,312.0,16.0,16
2543,48041,4,579.0,537.0,48.0,48
2544,48043,1,25.0,25.0,3.0,3
2547,48049,1,77.0,188.0,12.0,12
2548,48051,1,15.0,25.0,0.0,0
2549,48053,2,71.0,71.0,12.0,12
2550,48055,1,57.0,59.0,0.0,0
2551,48057,1,25.0,25.0,6.0,6
2553,48061,4,1214.0,1277.0,96.0,104
2554,48063,1,25.0,25.0,0.0,0
2556,48067,0,43.0,43.0,0.0,0
2557,48069,1,17.0,17.0,0.0,0
2558,48071,2,39.0,39.0,0.0,0
2559,48073,2,346.0,97.0,0.0,0
2560,48075,1,39.0,39.0,0.0,0
2561,48077,1,25.0,25.0,0.0,0
2562,48079,1,18.0,18.0,0.0,0
2564,48083,1,25.0,25.0,0.0,0
2565,48085,11,1826.0,1928.0,82.0,195
2566,48087,1,13.0,13.0,0.0,0
2567,48089,2,61.0,65.0,0.0,4
2568,48091,1,324.0,340.0,16.0,12
2569,48093,1,25.0,25.0,0.0,0
2570,48095,1,16.0,16.0,0.0,0
2571,48097,2,54.0,78.0,5.0,5
2572,48099,1,25.0,25.0,4.0,4
2574,48103,1,25.0,25.0,0.0,0
2576,48107,1,25.0,25.0,0.0,0
2577,48109,1,14.0,14.0,0.0,0
2578,48111,1,21.0,21.0,0.0,0
2579,48113,24,7823.0,7317.0,508.0,614
2580,48115,1,22.0,23.0,0.0,0
2581,48117,1,30.0,42.0,0.0,0
2583,48121,10,1464.0,1349.0,85.0,81
2584,48123,1,44.0,49.0,0.0,0
2586,48127,1,25.0,25.0,0.0,0
2589,48133,1,36.0,52.0,0.0,0
2590,48135,2,560.0,638.0,30.0,50
2592,48139,2,166.0,189.0,18.0,18
2593,48141,9,2763.0,2094.0,225.0,203
2594,48143,1,50.0,98.0,5.0,5
2595,48145,1,36.0,36.0,0.0,0
2596,48147,1,317.0,25.0,2.0,2
2597,48149,1,38.0,65.0,0.0,0
2598,48151,1,14.0,14.0,0.0,0
2599,48153,1,25.0,25.0,0.0,0
2601,48157,6,1327.0,1268.0,146.0,128
2603,48161,1,37.0,37.0,0.0,0
2604,48163,1,24.0,22.0,0.0,0
2605,48165,1,25.0,33.0,0.0,0
2606,48167,1,1363.0,252.0,0.0,26
2608,48171,1,57.0,86.0,10.0,10
2611,48177,1,34.0,33.0,0.0,0
2612,48179,1,97.0,115.0,8.0,8
2613,48181,3,663.0,623.0,71.0,62
2614,48183,2,644.0,681.0,57.0,66
2615,48185,1,18.0,25.0,0.0,0
2616,48187,1,123.0,133.0,9.0,9
2617,48189,1,69.0,68.0,5.0,5
2619,48193,1,42.0,42.0,0.0,0
2620,48195,1,14.0,14.0,0.0,0
2621,48197,2,24.0,24.0,0.0,0
2623,48201,34,14802.0,13137.0,1039.0,918
2624,48203,0,149.0,149.0,42.0,0
2626,48207,1,25.0,25.0,0.0,0
2627,48209,3,391.0,385.0,42.0,42
2628,48211,1,15.0,26.0,0.0,0
2629,48213,1,127.0,127.0,10.0,10
2630,48215,6,2212.0,2332.0,195.0,271
2631,48217,1,25.0,116.0,0.0,5
2632,48219,1,48.0,48.0,0.0,0
2633,48221,1,48.0,73.0,12.0,12
2634,48223,1,56.0,96.0,14.0,10
2635,48225,1,25.0,0.0,0.0,0
2636,48227,1,275.0,150.0,8.0,8
2638,48231,1,176.0,181.0,16.0,23
2639,48233,1,25.0,25.0,4.0,4
2641,48237,1,17.0,17.0,0.0,0
2642,48239,1,25.0,25.0,0.0,0
2643,48241,1,40.0,59.0,6.0,6
2645,48245,3,1362.0,1179.0,88.0,88
2647,48249,1,72.0,135.0,8.0,8
2648,48251,3,346.0,501.0,35.0,35
2649,48253,2,7.0,45.0,0.0,0
2650,48255,1,25.0,25.0,0.0,0
2651,48257,1,351.0,91.0,8.0,8
2655,48265,1,302.0,124.0,12.0,12
2656,48267,1,15.0,15.0,0.0,0
2659,48273,1,50.0,96.0,10.0,10
2660,48275,1,28.0,28.0,0.0,0
2661,48277,1,154.0,202.0,20.0,20
2662,48279,1,42.0,75.0,0.0,0
2663,48281,1,25.0,25.0,0.0,0
2665,48285,2,50.0,50.0,3.0,3
2668,48291,2,41.0,32.0,0.0,0
2669,48293,2,69.0,78.0,6.0,6
2672,48299,1,25.0,27.0,0.0,0
2674,48303,4,2730.0,1569.0,194.0,267
2675,48305,1,25.0,24.0,0.0,0
2676,48307,1,14.0,25.0,0.0,0
2677,48309,2,738.0,526.0,42.0,54
2679,48313,1,15.0,25.0,0.0,0
2681,48317,1,18.0,18.0,0.0,0
2683,48321,2,63.0,75.0,6.0,6
2684,48323,1,86.0,101.0,10.0,10
2685,48325,1,25.0,25.0,0.0,0
2687,48329,1,626.0,554.0,0.0,48
2690,48335,1,25.0,25.0,0.0,0
2691,48337,1,55.0,87.0,0.0,0
2692,48339,6,1491.0,1431.0,113.0,97
2693,48341,1,19.0,25.0,3.0,3
2696,48347,2,297.0,392.0,27.0,27
2697,48349,1,49.0,162.0,9.0,9
2699,48353,1,39.0,86.0,5.0,5
2700,48355,3,1808.0,1872.0,105.0,115
2701,48357,1,25.0,25.0,0.0,0
2704,48363,1,48.0,74.0,8.0,8
2705,48365,1,42.0,42.0,0.0,0
2706,48367,1,108.0,129.0,20.0,20
2707,48369,1,25.0,25.0,0.0,0
2708,48371,2,39.0,39.0,0.0,0
2709,48373,1,52.0,66.0,8.0,8
2710,48375,3,1354.0,967.0,51.0,99
2714,48383,1,7.0,7.0,0.0,0
2717,48389,1,25.0,25.0,0.0,0
2718,48391,1,20.0,0.0,0.0,0
2721,48397,1,61.0,69.0,6.0,6
2722,48399,2,31.0,50.0,0.0,0
2723,48401,1,41.0,96.0,0.0,0
2724,48403,1,25.0,25.0,0.0,0
2725,48405,1,9.0,18.0,0.0,0
2729,48413,1,14.0,14.0,0.0,0
2730,48415,1,25.0,25.0,0.0,0
2734,48423,4,1632.0,1234.0,211.0,194
2735,48425,1,16.0,16.0,0.0,0
2736,48427,1,48.0,48.0,0.0,0
2737,48429,1,14.0,40.0,0.0,0
2739,48433,1,20.0,20.0,0.0,0
2740,48435,1,12.0,12.0,0.0,0
2741,48437,1,20.0,20.0,0.0,0
2742,48439,22,5952.0,5762.0,372.0,409
2743,48441,2,733.0,878.0,66.0,110
2745,48445,1,26.0,45.0,0.0,0
2746,48447,1,14.0,14.0,0.0,0
2747,48449,1,49.0,174.0,8.0,8
2748,48451,2,580.0,470.0,29.0,29
2749,48453,10,3005.0,2714.0,301.0,294
2751,48457,1,25.0,49.0,0.0,0
2753,48461,2,26.0,29.0,0.0,0
2754,48463,1,21.0,25.0,6.0,6
2755,48465,1,47.0,93.0,7.0,7
2757,48469,2,685.0,717.0,35.0,43
2758,48471,1,90.0,123.0,6.0,6
2760,48475,1,21.0,25.0,0.0,0
2761,48477,1,50.0,60.0,5.0,5
2762,48479,2,515.0,557.0,56.0,56
2763,48481,1,26.0,49.0,4.0,4
2764,48483,2,41.0,41.0,0.0,0
2765,48485,3,812.0,479.0,12.0,24
2766,48487,1,398.0,47.0,0.0,0
2768,48491,6,954.0,848.0,100.0,90
2769,48493,1,44.0,44.0,4.0,4
2770,48495,1,19.0,19.0,0.0,0
2771,48497,1,49.0,99.0,21.0,21
2772,48499,2,48.0,50.0,0.0,0
2773,48501,1,24.0,24.0,0.0,0
2774,48503,2,50.0,50.0,0.0,0
2777,49001,2,30.0,74.0,0.0,0
2778,49003,2,56.0,74.0,0.0,0
2779,49005,2,152.0,168.0,14.0,14
2780,49007,1,49.0,0.0,6.0,6
2782,49011,3,310.0,390.0,22.0,22
2783,49013,1,35.0,49.0,4.0,4
2785,49017,1,15.0,36.0,0.0,0
2786,49019,1,17.0,17.0,0.0,0
2787,49021,1,48.0,48.0,6.0,6
2788,49023,1,25.0,25.0,0.0,0
2789,49025,1,25.0,25.0,0.0,0
2790,49027,2,37.0,37.0,0.0,0
2794,49035,10,2967.0,3377.0,230.0,282
2795,49037,2,32.0,36.0,1.0,1
2796,49039,2,43.0,43.0,0.0,0
2797,49041,1,24.0,29.0,0.0,0
2798,49043,1,37.0,38.0,4.0,4
2799,49045,1,36.0,44.0,4.0,4
2800,49047,1,39.0,39.0,4.0,4
2801,49049,5,1227.0,1384.0,122.0,122
2802,49051,1,19.0,19.0,0.0,0
2803,49053,1,164.0,245.0,32.0,32
2805,49057,2,457.0,593.0,64.0,64
2806,50001,1,25.0,45.0,0.0,0
2807,50003,1,78.0,99.0,10.0,10
2808,50005,1,25.0,75.0,4.0,4
2809,50007,1,415.0,522.0,21.0,46
2811,50011,1,53.0,70.0,0.0,0
2813,50015,1,25.0,43.0,0.0,0
2814,50017,1,25.0,52.0,2.0,2
2815,50019,1,25.0,49.0,5.0,5
2816,50021,1,124.0,188.0,13.0,13
2817,50023,1,101.0,130.0,14.0,14
2818,50025,2,185.0,229.0,0.0,0
2819,50027,2,50.0,144.0,0.0,0
2820,51001,1,46.0,0.0,10.0,10
2821,51003,1,150.0,0.0,12.0,12
2822,51005,1,95.0,0.0,10.0,10
2826,51013,2,305.0,0.0,32.0,32
2827,51015,1,209.0,0.0,8.0,12
2828,51017,1,14.0,0.0,0.0,0
2829,51019,1,34.0,0.0,6.0,6
2833,51027,1,49.0,0.0,12.0,12
2840,51041,2,450.0,0.0,94.0,106
2843,51047,1,70.0,0.0,6.0,6
2845,51051,1,2.0,0.0,0.0,0
2847,51057,1,67.0,0.0,7.0,7
2848,51059,4,2807.0,0.0,142.0,178
2849,51061,1,97.0,0.0,8.0,8
2852,51067,1,37.0,0.0,4.0,4
2854,51071,1,25.0,0.0,0.0,0
2855,51073,1,67.0,0.0,7.0,7
2860,51083,1,107.0,0.0,12.0,12
2861,51085,1,264.0,0.0,24.0,24
2862,51087,1,1018.0,0.0,81.0,53
2866,51095,2,276.0,0.0,26.0,26
2870,51103,1,25.0,0.0,0.0,0
2872,51107,2,429.0,0.0,33.0,33
2877,51117,1,70.0,0.0,0.0,10
2879,51121,2,198.0,0.0,22.0,22
2881,51127,0,94.0,0.0,0.0,0
2884,51135,0,180.0,0.0,0.0,0
2886,51139,1,25.0,0.0,0.0,0
2890,51147,1,86.0,0.0,8.0,8
2892,51153,2,207.0,0.0,24.0,24
2893,51155,1,92.0,0.0,8.0,8
2896,51161,0,270.0,0.0,0.0,0
2899,51167,1,49.0,0.0,5.0,5
2901,51171,1,25.0,0.0,0.0,0
2902,51173,1,139.0,0.0,4.0,4
2904,51177,1,105.0,0.0,12.0,12
2905,51179,1,90.0,0.0,4.0,4
2908,51185,2,207.0,0.0,12.0,12
2909,51187,1,46.0,0.0,8.0,8
2910,51191,1,115.0,0.0,14.0,14
2912,51195,1,68.0,0.0,8.0,8
2913,51197,1,92.0,0.0,6.0,6
2914,51199,0,110.0,0.0,0.0,0
2915,51510,1,339.0,0.0,40.0,40
2916,51520,0,25.0,0.0,0.0,0
2918,51540,1,786.0,0.0,14.0,25
2919,51550,1,310.0,0.0,28.0,28
2922,51590,1,367.0,0.0,34.0,34
2923,51595,1,70.0,0.0,7.0,7
2926,51620,1,75.0,0.0,8.0,8
2927,51630,1,533.0,0.0,0.0,26
2928,51640,1,141.0,0.0,10.0,10
2929,51650,1,251.0,0.0,24.0,24
2930,51660,1,238.0,0.0,34.0,34
2931,51670,1,107.0,0.0,17.0,17
2932,51678,1,25.0,0.0,0.0,0
2933,51680,1,555.0,0.0,37.0,49
2934,51683,1,94.0,0.0,11.0,11
2936,51690,0,223.0,0.0,0.0,0
2937,51700,2,605.0,0.0,34.0,88
2938,51710,3,1346.0,0.0,87.0,113
2939,51720,1,233.0,0.0,11.0,11
2940,51730,2,618.0,0.0,28.0,28
2942,51740,1,417.0,0.0,22.0,22
2944,51760,3,2507.0,0.0,33.0,159
2945,51770,1,747.0,0.0,36.0,71
2946,51775,1,330.0,0.0,24.0,36
2947,51790,0,132.0,0.0,0.0,0
2948,51800,1,155.0,0.0,12.0,12
2949,51810,2,487.0,0.0,38.0,50
2952,51840,1,389.0,0.0,48.0,48
2953,53001,2,28.0,0.0,0.0,0
2954,53003,1,25.0,0.0,0.0,0
2955,53005,3,453.0,32.0,44.0,44
2956,53007,4,221.0,0.0,20.0,20
2957,53009,2,103.0,0.0,19.0,19
2958,53011,2,746.0,220.0,96.0,90
2959,53013,1,25.0,0.0,0.0,0
2960,53015,1,166.0,346.0,18.0,18
2962,53019,1,25.0,0.0,0.0,0
2963,53021,1,25.0,95.0,0.0,0
2964,53023,1,25.0,0.0,0.0,0
2965,53025,4,123.0,0.0,12.0,0
2966,53027,2,108.0,0.0,8.0,0
2967,53029,1,30.0,0.0,6.0,6
2968,53031,1,25.0,0.0,6.0,6
2969,53033,17,4354.0,2228.0,541.0,450
2970,53035,1,334.0,336.0,20.0,20
2971,53037,1,25.0,0.0,6.0,6
2972,53039,2,28.0,0.0,0.0,0
2973,53041,2,152.0,0.0,6.0,6
2974,53043,2,50.0,0.0,0.0,0
2975,53045,1,25.0,0.0,6.0,6
2976,53047,3,71.0,0.0,0.0,0
2977,53049,2,35.0,0.0,0.0,0
2978,53051,1,20.0,0.0,0.0,0
2979,53053,5,2531.0,552.0,197.0,189
2980,53055,1,10.0,10.0,0.0,0
2981,53057,3,205.0,25.0,6.0,18
2983,53061,4,863.0,0.0,72.0,72
2984,53063,4,1896.0,16.0,79.0,113
2985,53065,2,48.0,0.0,0.0,0
2986,53067,2,411.0,0.0,72.0,72
2988,53071,1,120.0,0.0,28.0,28
2989,53073,1,207.0,241.0,24.0,24
2990,53075,2,50.0,0.0,6.0,6
2991,53077,4,258.0,0.0,52.0,52
2992,54001,1,12.0,72.0,0.0,0
2993,54003,1,146.0,241.0,20.0,20
2994,54005,1,25.0,25.0,0.0,0
2995,54007,1,25.0,25.0,0.0,0
2997,54011,2,1068.0,961.0,32.0,88
2998,54013,1,25.0,42.0,0.0,0
3001,54019,2,50.0,94.0,3.0,3
3003,54023,1,25.0,61.0,3.0,3
3004,54025,1,92.0,122.0,12.0,12
3005,54027,1,14.0,44.0,0.0,0
3006,54029,1,199.0,251.0,10.0,10
3008,54033,1,423.0,292.0,20.0,20
3009,54035,1,25.0,46.0,0.0,0
3010,54037,1,25.0,25.0,5.0,5
3011,54039,4,1706.0,1381.0,100.0,156
3012,54041,1,220.0,70.0,6.0,6
3014,54045,1,132.0,140.0,12.0,12
3015,54047,1,49.0,124.0,7.0,7
3016,54049,1,89.0,207.0,14.0,14
3017,54051,1,59.0,127.0,9.0,9
3018,54053,1,94.0,201.0,5.0,5
3019,54055,2,206.0,419.0,17.0,29
3020,54057,1,25.0,25.0,4.0,4
3021,54059,1,27.0,76.0,6.0,6
3022,54061,2,1005.0,985.0,91.0,119
3024,54065,1,25.0,41.0,0.0,0
3025,54067,1,49.0,105.0,6.0,0
3026,54069,2,317.0,432.0,22.0,37
3029,54075,1,25.0,25.0,0.0,0
3030,54077,1,25.0,25.0,0.0,0
3031,54079,0,70.0,70.0,0.0,0
3032,54081,2,413.0,473.0,27.0,43
3033,54083,1,90.0,90.0,0.0,0
3035,54087,1,25.0,60.0,0.0,0
3036,54089,1,25.0,25.0,0.0,0
3037,54091,1,25.0,101.0,0.0,0
3039,54095,1,25.0,12.0,0.0,0
3040,54097,1,25.0,51.0,4.0,4
3041,54099,0,80.0,0.0,0.0,0
3042,54101,1,25.0,15.0,0.0,0
3043,54103,1,48.0,58.0,5.0,5
3045,54107,1,270.0,313.0,18.0,36
3047,55001,1,25.0,25.0,0.0,0
3048,55003,1,25.0,35.0,0.0,0
3049,55005,3,90.0,90.0,5.0,5
3051,55009,4,828.0,1278.0,56.0,60
3053,55013,1,25.0,25.0,0.0,0
3054,55015,1,25.0,25.0,0.0,0
3055,55017,3,151.0,242.0,6.0,6
3056,55019,1,25.0,25.0,0.0,0
3057,55021,2,68.0,98.0,10.0,10
3058,55023,1,24.0,25.0,0.0,0
3059,55025,4,1901.0,2075.0,32.0,39
3060,55027,2,245.0,245.0,10.0,10
3061,55029,1,25.0,25.0,4.0,4
3062,55031,1,25.0,25.0,0.0,0
3063,55033,1,25.0,25.0,0.0,0
3064,55035,4,418.0,661.0,40.0,48
3066,55039,3,158.0,189.0,15.0,15
3068,55043,3,75.0,75.0,0.0,0
3069,55045,1,58.0,95.0,6.0,6
3070,55047,1,25.0,25.0,5.0,5
3071,55049,1,25.0,25.0,0.0,0
3073,55053,1,25.0,25.0,0.0,0
3074,55055,1,49.0,82.0,4.0,4
3075,55057,1,40.0,40.0,0.0,0
3076,55059,2,492.0,517.0,27.0,27
3078,55063,2,395.0,656.0,52.0,52
3079,55065,1,25.0,25.0,0.0,0
3080,55067,1,25.0,25.0,4.0,4
3081,55069,2,40.0,43.0,0.0,0
3082,55071,2,127.0,236.0,16.0,16
3083,55073,2,338.0,440.0,52.0,52
3084,55075,1,55.0,99.0,10.0,10
3087,55079,8,4025.0,4651.0,455.0,381
3088,55081,2,50.0,50.0,0.0,0
3089,55083,2,32.0,35.0,0.0,0
3090,55085,1,102.0,172.0,30.0,20
3091,55087,2,441.0,492.0,64.0,64
3092,55089,2,246.0,309.0,46.0,46
3093,55091,1,25.0,25.0,0.0,0
3094,55093,1,25.0,25.0,0.0,0
3095,55095,3,70.0,73.0,3.0,3
3096,55097,1,84.0,94.0,12.0,12
3097,55099,1,24.0,25.0,4.0,4
3098,55101,2,657.0,715.0,33.0,33
3099,55103,1,25.0,25.0,4.0,4
3100,55105,4,381.0,564.0,33.0,33
3101,55107,1,25.0,25.0,4.0,4
3102,55109,3,75.0,75.0,0.0,0
3103,55111,3,104.0,161.0,10.0,10
3104,55113,1,25.0,25.0,0.0,0
3105,55115,1,25.0,25.0,0.0,0
3106,55117,2,189.0,370.0,13.0,13
3107,55119,1,25.0,25.0,0.0,0
3108,55121,2,43.0,43.0,0.0,0
3109,55123,2,50.0,50.0,0.0,0
3110,55125,2,14.0,25.0,0.0,10
3111,55127,2,79.0,134.0,16.0,16
3112,55129,2,45.0,50.0,0.0,0
3113,55131,2,105.0,141.0,12.0,12
3114,55133,4,710.0,1243.0,64.0,64
3115,55135,2,50.0,50.0,4.0,4
3116,55137,1,25.0,25.0,0.0,0
3117,55139,2,687.0,795.0,60.0,26
3118,55141,2,315.0,619.0,4.0,27
3119,56001,1,66.0,99.0,4.0,4
3120,56003,2,22.0,25.0,0.0,0
3121,56005,1,66.0,90.0,14.0,14
3122,56007,1,25.0,25.0,6.0,6
3123,56009,1,25.0,25.0,0.0,0
3124,56011,1,16.0,16.0,0.0,0
3125,56013,1,133.0,159.0,12.0,12
3126,56015,1,25.0,25.0,0.0,0
3127,56017,1,25.0,25.0,0.0,0
3128,56019,1,22.0,25.0,0.0,0
3129,56021,1,252.0,206.0,15.0,15
3130,56023,2,35.0,38.0,0.0,0
3131,56025,2,372.0,269.0,14.0,14
3132,56027,1,24.0,24.0,0.0,0
3133,56029,2,50.0,50.0,4.0,4
3134,56031,1,25.0,25.0,0.0,0
3135,56033,1,71.0,88.0,11.0,11
3137,56037,2,74.0,115.0,10.0,10
3138,56039,1,48.0,48.0,6.0,6
3139,56041,1,105.0,42.0,6.0,6
3140,56043,1,18.0,18.0,0.0,0
3141,56045,1,12.0,12.0,0.0,0
