FIPS,Area in square miles - Total area,Area in square miles - Land area,2010 Density per square mile of land area - Population,2010 Density per square mile of land area - Housing units
1001,604.39,594.44,91.8,37.2
1003,2027.31,1589.78,114.6,65.5
1005,904.52,884.88,31.0,13.4
1007,626.17,622.58,36.8,14.4
1009,650.63,644.78,88.9,37.0
1011,625.14,622.8,17.5,7.2
1013,777.88,776.83,27.0,12.8
1015,612.29,605.87,195.7,88.0
1017,603.11,596.53,57.4,28.5
1019,599.98,553.7,46.9,29.4
1021,700.8,692.85,63.0,27.8
1023,920.86,913.5,15.2,8.0
1025,1252.57,1238.46,20.9,10.2
1027,606.0,603.96,23.1,11.2
1029,561.01,560.1,26.7,12.0
1031,680.49,678.97,73.6,32.9
1033,622.13,592.62,91.8,43.5
1035,852.72,850.16,15.6,8.3
1037,666.35,650.93,17.7,10.0
1039,1043.79,1030.46,36.6,18.3
1041,610.92,608.84,22.8,11.1
1043,755.02,734.84,109.4,50.4
1045,562.7,561.15,89.6,40.4
1047,993.8,978.69,44.8,20.6
1049,778.69,777.09,91.5,40.0
1051,657.04,618.48,128.2,52.8
1053,953.14,945.08,40.5,17.4
1055,548.63,534.99,195.2,88.7
1057,629.36,627.66,27.5,13.4
1059,646.52,633.82,50.0,22.1
1061,578.95,574.41,46.6,22.1
1063,659.94,647.11,14.0,7.7
1065,656.5,643.94,24.5,11.9
1067,568.31,561.75,30.8,15.8
1069,581.65,579.82,175.1,78.2
1071,1126.77,1077.87,49.4,23.0
1073,1123.81,1111.28,592.5,270.5
1075,605.46,604.85,24.1,12.2
1077,720.99,667.7,138.8,65.6
1079,717.2,690.68,49.7,22.0
1081,615.85,607.54,230.8,102.7
1083,607.19,559.94,147.8,62.5
1085,725.07,715.91,15.8,7.2
1087,613.21,608.89,35.2,16.8
1089,812.7,801.59,417.7,182.7
1091,982.67,976.88,21.5,10.5
1093,743.57,742.29,41.5,19.9
1095,623.18,565.84,164.4,71.3
1097,1644.01,1229.44,335.9,144.9
1099,1034.42,1025.67,22.5,11.0
1101,799.91,784.25,292.5,129.6
1103,599.05,579.34,206.3,88.4
1105,723.88,719.66,14.7,6.6
1107,890.13,881.41,22.4,10.8
1109,673.01,672.09,48.9,22.7
1111,584.13,580.55,39.5,20.6
1113,647.19,641.14,82.6,38.4
1115,653.64,631.9,132.3,56.2
1117,809.53,784.93,248.5,103.2
1119,913.32,903.89,15.2,7.5
1121,760.31,736.78,111.7,50.3
1123,766.25,716.52,58.1,30.9
1125,1351.25,1321.75,147.3,64.2
1127,805.19,791.19,84.7,38.9
1129,1088.57,1080.21,16.3,7.8
1131,907.41,888.5,13.1,6.4
1133,631.87,612.98,39.9,22.0
2013,15009.86,6981.94,0.4,0.1
2016,14116.44,4390.28,1.3,0.4
2020,1961.0,1704.68,171.2,66.3
2050,45504.21,40570.0,0.4,0.1
2060,887.56,503.84,2.0,1.9
2068,12776.92,12751.41,0.1,0.1
2070,20915.21,18568.78,0.3,0.1
2090,7443.69,7338.21,13.3,5.7
2100,2725.5,2318.6,1.1,0.7
2105,10914.15,7524.91,0.3,0.2
2110,3253.89,2701.93,11.6,4.8
2122,24752.32,16075.33,3.4,1.9
2130,6653.56,4858.41,2.8,1.3
2150,12021.83,6549.58,2.1,0.8
2164,32922.5,23652.01,0.1,0.1
2170,25257.61,24607.9,3.6,1.7
2180,28277.62,22961.76,0.4,0.2
2185,94796.28,88695.41,0.1,0.0
2188,40748.94,35572.58,0.2,0.1
2195,5684.07,3281.98,1.2,0.6
2198,7683.28,3922.87,1.4,0.8
2220,4811.43,2870.34,3.1,1.4
2230,464.04,452.32,2.1,1.4
2240,25059.46,24768.81,0.3,0.2
2261,40340.17,34239.88,0.3,0.2
2270,19672.95,17081.43,0.4,0.1
2275,3462.06,2541.48,0.9,0.6
2282,9462.87,7649.46,0.1,0.1
2290,147804.63,145504.79,0.0,0.0
4001,11218.44,11197.52,6.4,2.9
4003,6218.6,6165.69,21.3,9.6
4005,18661.34,18618.89,7.2,3.4
4007,4795.43,4757.93,11.3,6.9
4009,4641.07,4622.6,8.1,2.8
4011,1848.43,1843.13,4.6,2.4
4012,4513.75,4499.63,4.6,3.6
4013,9224.39,9200.14,414.9,178.2
4015,13460.65,13311.08,15.0,8.3
4017,9959.72,9950.42,10.8,5.7
4019,9189.1,9187.04,106.7,48.0
4021,5374.23,5365.61,70.0,29.7
4023,1238.11,1236.92,38.3,14.6
4025,8127.94,8123.5,26.0,13.6
4027,5519.11,5513.99,35.5,15.9
5001,1033.75,988.77,19.2,9.5
5003,940.53,925.35,23.6,11.0
5005,586.71,554.28,74.9,40.7
5007,883.91,847.36,261.2,109.9
5009,601.83,590.23,62.5,28.5
5011,652.92,649.23,17.7,9.0
5013,632.41,628.58,8.5,4.6
5015,638.8,630.09,43.6,21.5
5017,690.79,644.3,18.3,8.4
5019,882.83,866.07,26.6,12.0
5021,641.44,639.46,25.2,12.6
5023,591.92,553.69,46.9,28.6
5025,598.75,597.78,14.5,6.8
5027,766.75,766.05,32.1,15.1
5029,566.67,552.25,38.5,17.6
5031,712.67,707.21,136.4,57.3
5033,604.24,593.09,104.4,44.0
5035,636.38,609.76,83.5,35.2
5037,622.31,616.38,29.0,12.7
5039,668.11,667.39,12.2,6.5
5041,819.53,768.15,16.9,8.2
5043,835.66,828.36,22.3,10.2
5045,664.07,647.88,174.8,71.9
5047,619.64,608.86,29.8,13.2
5049,620.33,618.19,19.8,11.0
5051,734.62,677.78,141.7,74.6
5053,632.93,631.81,28.3,12.3
5055,579.56,577.7,72.9,31.0
5057,741.18,727.52,31.1,14.3
5059,622.17,615.2,53.5,23.3
5061,595.31,588.55,23.4,10.6
5063,771.52,763.95,48.0,21.2
5065,584.02,580.58,23.6,12.5
5067,641.5,633.94,28.4,12.0
5069,913.78,870.75,88.9,37.9
5071,682.74,659.8,38.7,17.1
5073,545.08,528.27,14.5,8.2
5075,592.34,587.61,29.6,13.6
5077,619.5,602.62,17.3,7.2
5079,572.18,561.52,25.2,8.7
5081,564.77,532.25,24.7,12.1
5083,731.56,708.12,31.6,14.3
5085,802.84,770.73,88.7,35.3
5087,837.08,834.26,18.8,9.0
5089,640.32,597.01,27.9,15.7
5091,637.65,625.58,69.5,30.8
5093,919.81,900.57,51.6,22.7
5095,621.3,607.12,13.4,7.3
5097,800.29,779.88,12.2,7.4
5099,620.64,617.84,14.6,7.4
5101,823.19,820.9,10.1,5.7
5103,739.75,732.78,35.6,17.9
5105,560.53,551.4,18.9,8.9
5107,727.34,695.66,31.3,14.6
5109,614.13,600.62,18.8,9.3
5111,763.61,758.39,32.4,14.4
5113,862.46,857.68,24.1,11.7
5115,830.78,812.55,76.0,31.4
5117,675.61,647.96,13.4,6.9
5119,807.66,759.76,503.8,231.1
5121,656.04,652.19,27.6,13.1
5123,642.51,634.77,44.5,17.2
5125,730.49,723.6,148.0,61.9
5127,898.07,892.32,12.6,5.8
5129,668.51,666.09,12.3,7.4
5131,546.16,531.91,236.4,102.7
5133,581.28,565.13,30.2,12.2
5135,606.44,604.44,28.6,16.2
5137,609.43,606.4,20.4,11.1
5139,1055.2,1039.21,40.1,18.9
5141,724.28,708.14,24.4,14.6
5143,952.41,941.97,215.6,93.2
5145,1042.15,1035.08,74.5,31.4
5147,594.01,586.79,12.4,6.6
5149,948.86,929.98,23.9,10.5
6001,821.33,739.02,2043.6,788.3
6003,743.18,738.33,1.6,2.4
6005,605.96,594.58,64.1,30.3
6007,1677.13,1636.46,134.4,58.6
6009,1036.93,1020.01,44.7,27.4
6011,1156.36,1150.73,18.6,6.9
6013,803.77,715.94,1465.2,559.1
6015,1229.74,1006.37,28.4,11.1
6017,1786.36,1707.88,106.0,51.6
6019,6011.2,5957.99,156.2,53.0
6021,1326.98,1313.95,21.4,8.2
6023,4052.26,3567.99,37.7,17.3
6025,4481.72,4176.6,41.8,13.4
6027,10226.91,10180.88,1.8,0.9
6029,8162.64,8131.92,103.3,35.0
6031,1391.53,1389.42,110.1,31.6
6033,1329.42,1256.46,51.5,28.2
6035,4720.12,4541.18,7.7,2.8
6037,4750.94,4057.88,2419.6,849.0
6039,2153.27,2137.07,70.6,23.0
6041,828.19,520.31,485.1,213.7
6043,1462.82,1448.82,12.6,7.0
6045,3878.14,3506.34,25.1,11.5
6047,1978.51,1934.97,132.2,43.3
6049,4203.4,3917.77,2.5,1.3
6051,3131.88,3048.98,4.7,4.6
6053,3771.22,3280.6,126.5,42.4
6055,788.58,748.36,182.4,73.2
6057,973.8,957.77,103.1,54.9
6059,948.07,790.57,3807.7,1326.8
6061,1502.46,1407.01,247.6,108.5
6063,2613.43,2553.04,7.8,6.1
6065,7303.42,7206.48,303.8,111.1
6067,994.02,964.64,1470.8,576.3
6069,1390.47,1388.71,39.8,12.9
6071,20104.83,20056.94,101.5,34.9
6073,4525.68,4206.63,735.8,276.9
6075,231.89,46.87,17179.2,8041.8
6077,1426.5,1391.32,492.6,168.0
6079,3615.55,3298.57,81.7,35.6
6081,740.96,448.41,1602.2,604.4
6083,3789.08,2735.09,155.0,55.9
6085,1304.07,1290.1,1381.0,489.8
6087,607.17,445.17,589.4,234.7
6089,3847.42,3775.4,46.9,20.5
6091,962.21,953.21,3.4,2.4
6093,6347.34,6277.89,7.2,3.8
6095,906.19,821.76,503.0,185.8
6097,1767.95,1575.85,307.1,129.8
6099,1514.69,1494.83,344.2,120.1
6101,608.49,602.41,157.3,56.2
6103,2962.17,2949.71,21.5,9.1
6105,3207.6,3179.25,4.3,2.7
6107,4838.65,4824.21,91.7,29.4
6109,2274.43,2220.88,24.9,14.1
6111,2208.38,1843.13,446.7,152.8
6113,1023.56,1014.69,197.9,74.0
6115,643.81,631.84,114.2,43.7
8001,1183.9,1167.65,378.2,139.7
8003,723.34,722.64,21.4,9.1
8005,805.44,798.1,716.7,298.6
8007,1355.51,1350.18,8.9,6.5
8009,2557.34,2554.97,1.5,0.9
8011,1541.08,1512.86,4.3,1.5
8013,740.37,726.29,405.6,175.0
8014,33.6,33.03,1691.9,685.5
8015,1014.95,1013.4,17.6,9.9
8017,1781.43,1778.28,1.0,0.5
8019,396.49,395.23,23.0,14.4
8021,1290.96,1287.39,6.4,3.3
8023,1230.36,1226.95,2.9,2.1
8025,800.33,787.42,7.4,2.0
8027,739.92,738.63,5.8,5.4
8029,1148.6,1142.05,27.1,12.8
8031,154.63,153.0,3922.6,1868.0
8033,1068.1,1067.05,1.9,1.4
8035,842.87,840.25,339.7,127.2
8037,1691.79,1684.53,31.0,18.6
8039,1851.02,1850.85,12.5,4.8
8041,2129.55,2126.8,292.6,118.9
8043,1533.93,1533.07,30.5,12.6
8045,2955.84,2947.56,19.1,7.9
8047,150.26,149.9,36.3,23.7
8049,1869.59,1846.33,8.0,8.7
8051,3259.63,3239.1,4.7,3.5
8053,1123.17,1117.25,0.8,1.2
8055,1593.24,1591.0,4.2,3.2
8057,1620.96,1613.72,0.9,0.8
8059,774.03,764.21,699.5,300.9
8061,1785.93,1767.77,0.8,0.5
8063,2161.69,2160.82,3.8,1.6
8065,383.91,376.91,19.4,11.3
8067,1699.71,1692.08,30.3,15.3
8069,2633.95,2596.0,115.4,51.1
8071,4775.35,4772.67,3.2,1.7
8073,2586.42,2577.63,2.1,0.9
8075,1844.86,1838.55,12.4,4.9
8077,3341.12,3328.97,44.1,18.8
8079,877.68,875.67,0.8,1.4
8081,4750.91,4743.29,2.9,1.3
8083,2040.15,2029.53,12.6,6.0
8085,2242.6,2240.7,18.4,8.1
8087,1293.74,1280.43,22.0,9.0
8089,1269.7,1261.96,14.9,7.1
8091,542.21,541.59,8.2,5.7
8093,2210.65,2193.85,7.4,6.4
8095,688.04,687.93,6.5,3.0
8097,973.2,970.7,17.7,13.3
8099,1644.32,1638.39,7.7,3.6
8101,2397.8,2386.1,66.7,29.1
8103,3222.81,3220.93,2.1,1.0
8105,912.34,911.96,13.1,7.3
8107,2368.14,2362.03,10.0,6.9
8109,3170.24,3168.52,1.9,1.2
8111,388.27,387.49,1.8,2.0
8113,1288.62,1286.61,5.7,5.2
8115,549.4,548.04,4.3,2.6
8117,619.28,608.36,46.0,49.1
8119,558.96,557.06,41.9,22.7
8121,2523.9,2518.03,1.9,1.0
8123,4016.8,3987.24,63.4,24.1
8125,2368.7,2364.4,4.2,1.9
9001,836.92,624.89,1467.2,578.1
9003,750.62,735.1,1216.2,509.1
9005,944.56,920.56,206.3,95.1
9007,439.06,369.3,448.6,202.6
9009,862.06,604.51,1426.7,598.8
9011,771.7,664.88,412.2,182.0
9013,417.05,410.21,372.2,141.3
9015,521.44,512.91,230.9,95.7
10001,798.33,586.18,276.9,111.5
10003,494.0,426.29,1263.2,510.2
10005,1196.39,936.08,210.6,131.4
11001,68.34,61.05,9856.5,4860.4
12001,968.81,875.02,282.7,128.9
12003,588.97,585.23,46.3,16.6
12005,1033.15,758.46,222.6,131.4
12007,300.49,293.96,97.0,37.5
12009,1557.0,1015.66,535.0,265.7
12011,1322.86,1209.79,1444.9,669.9
12013,574.31,567.33,25.8,10.6
12015,858.3,680.28,235.2,147.9
12017,773.29,581.7,242.8,134.1
12019,643.55,604.36,315.8,124.9
12021,2305.02,1998.32,160.9,98.7
12023,801.33,797.57,84.7,35.9
12027,639.48,637.06,54.7,22.9
12029,863.65,705.05,23.3,13.2
12031,918.45,762.19,1133.9,509.7
12033,874.7,656.46,453.4,208.2
12035,570.82,485.46,197.1,100.1
12037,1026.49,534.72,21.6,16.2
12039,528.53,516.33,89.8,37.8
12041,355.24,349.68,48.4,20.9
12043,986.85,806.01,16.0,8.7
12045,755.56,564.01,28.1,16.2
12047,519.06,513.79,28.8,11.2
12049,638.34,637.78,43.5,15.2
12051,1190.0,1152.75,34.0,12.6
12053,589.02,472.54,365.6,178.8
12055,1106.03,1016.61,97.2,54.5
12057,1265.76,1020.21,1204.9,525.5
12059,489.05,478.78,41.6,18.0
12061,617.01,502.87,274.5,151.8
12063,954.56,917.76,54.2,22.9
12065,636.54,598.1,24.7,11.1
12067,547.91,543.41,16.3,6.1
12069,1156.96,938.38,316.6,154.5
12071,1212.46,784.51,788.7,473.0
12073,701.79,666.85,413.1,186.2
12075,1412.79,1118.21,36.5,18.0
12077,843.12,835.56,10.0,4.0
12079,715.68,695.95,27.6,12.2
12081,892.68,742.93,434.5,232.4
12083,1662.61,1584.55,209.1,103.5
12085,752.83,543.46,269.2,143.8
12086,2431.18,1897.72,1315.5,521.4
12087,3737.52,983.28,74.3,53.7
12089,725.92,648.64,113.0,54.0
12091,1082.08,930.25,194.4,99.3
12093,891.91,768.91,52.0,24.1
12095,1003.26,903.43,1268.5,540.0
12097,1505.91,1327.45,202.4,96.6
12099,2383.01,1969.76,670.2,337.4
12101,868.45,746.89,622.2,306.5
12103,608.13,273.8,3347.5,1839.4
12105,2010.55,1797.84,334.9,156.4
12107,826.92,727.62,102.2,51.3
12109,821.53,600.66,316.4,149.6
12111,688.11,571.93,485.7,239.6
12113,1173.78,1011.6,149.6,64.0
12115,725.34,555.87,682.6,410.9
12117,345.29,309.22,1367.0,586.3
12119,579.83,546.93,170.8,97.0
12121,692.26,688.55,60.3,27.8
12123,1232.2,1043.31,21.6,10.5
12125,249.75,243.56,63.8,18.5
12127,1432.44,1101.03,449.2,230.9
12129,735.73,606.42,50.8,21.1
12131,1239.59,1037.62,53.0,43.5
12133,615.95,582.8,42.7,18.5
13001,512.26,507.08,36.0,16.8
13003,344.53,339.38,24.7,10.4
13005,285.82,258.58,42.9,18.6
13007,349.14,341.94,10.1,4.8
13009,267.41,257.84,177.3,78.2
13011,233.89,232.09,79.3,32.7
13013,162.94,160.31,432.7,164.7
13015,470.11,459.54,217.9,86.7
13017,253.91,250.12,70.5,31.8
13019,457.88,451.9,42.7,19.3
13021,255.37,249.76,622.8,278.9
13023,219.13,215.87,60.5,24.6
13025,447.2,442.36,41.6,18.3
13027,497.8,493.05,32.9,15.6
13029,454.46,435.97,69.3,27.2
13031,688.63,672.81,104.4,42.8
13033,834.98,826.97,28.2,11.9
13035,188.04,184.39,128.3,50.7
13037,283.58,280.37,23.9,8.6
13039,781.86,613.03,82.4,34.4
13043,248.86,243.04,45.3,19.6
13045,503.84,499.08,221.5,89.4
13047,162.46,162.16,394.3,164.1
13049,782.37,773.58,15.7,5.8
13051,632.26,426.44,621.7,279.8
13053,251.17,248.74,45.3,13.6
13055,313.56,313.34,83.0,35.0
13057,434.41,421.67,508.3,195.3
13059,121.04,119.2,979.1,428.4
13061,217.23,195.38,16.3,10.8
13063,144.33,141.57,1832.5,739.6
13065,823.99,800.22,8.5,3.8
13067,344.52,339.55,2026.4,843.7
13069,602.65,575.1,73.7,29.7
13071,556.64,544.15,83.6,33.7
13073,307.6,290.09,427.6,167.6
13075,233.2,227.16,75.8,32.1
13077,445.82,440.89,288.8,113.8
13079,326.45,324.89,38.9,16.3
13081,280.95,272.58,86.0,39.4
13083,174.16,173.98,95.6,42.0
13085,214.41,210.83,105.9,49.4
13087,623.17,597.14,46.6,20.3
13089,271.14,267.58,2585.7,1139.7
13091,503.11,495.89,44.0,19.9
13093,397.28,391.94,38.1,16.1
13095,334.63,328.69,287.7,124.1
13097,201.03,200.07,661.8,258.3
13099,516.35,512.59,21.5,9.7
13101,420.72,414.89,9.7,3.8
13103,482.93,477.7,109.4,41.6
13105,374.22,351.06,57.4,27.3
13107,690.18,680.6,33.2,14.6
13109,186.87,182.85,60.2,25.5
13111,391.96,386.72,61.2,41.9
13113,199.32,194.34,548.3,209.9
13115,518.47,509.91,188.9,79.5
13117,247.17,224.02,783.5,285.9
13119,266.45,261.5,84.5,40.4
13121,534.32,526.63,1748.0,830.0
13123,431.25,426.54,66.3,38.8
13125,144.45,143.74,21.4,10.6
13127,585.25,419.75,189.7,97.0
13129,358.04,355.81,155.1,62.6
13131,460.26,454.53,55.0,23.7
13133,406.21,387.44,41.3,22.4
13135,436.78,430.38,1871.2,677.4
13137,279.03,276.74,155.5,65.6
13139,429.29,392.78,457.5,175.2
13141,478.68,471.84,20.0,11.4
13143,283.18,282.17,102.0,43.5
13145,472.96,463.87,69.0,28.9
13147,256.95,232.39,108.5,56.0
13149,301.09,296.03,40.0,17.4
13151,326.55,322.13,633.0,237.6
13153,379.92,375.54,372.5,155.3
13155,362.76,354.34,26.9,11.4
13157,343.1,339.66,178.1,69.9
13159,373.46,368.16,37.8,16.7
13161,335.4,330.74,45.6,19.6
13163,529.67,526.48,32.2,13.9
13165,352.47,347.28,24.0,12.2
13167,306.59,303.01,32.9,13.6
13169,395.42,393.93,72.8,29.7
13171,185.83,183.5,99.8,40.7
13173,199.79,185.26,54.4,22.9
13175,818.47,807.3,60.0,26.5
13177,361.73,355.78,79.5,28.9
13179,602.53,489.8,129.5,54.6
13181,257.3,210.38,38.0,22.7
13183,403.81,400.29,36.1,15.1
13185,510.58,496.07,220.2,88.5
13187,284.2,282.93,105.9,45.7
13189,266.39,257.46,85.0,36.2
13191,573.89,424.3,33.8,21.7
13193,405.99,400.64,36.8,15.3
13195,285.59,282.31,99.6,41.7
13197,367.48,366.0,23.9,11.4
13199,505.41,501.22,43.9,19.9
13201,283.66,282.42,21.7,9.9
13205,513.82,512.08,45.9,17.6
13207,397.81,395.66,66.8,27.1
13209,244.69,239.52,38.1,16.4
13211,354.62,347.35,51.4,21.5
13213,346.66,344.47,115.0,46.4
13215,221.01,216.39,877.5,382.1
13217,279.2,272.16,367.3,140.9
13219,186.37,184.29,178.0,67.2
13221,442.04,439.01,33.9,14.8
13223,314.34,312.22,455.8,167.0
13225,151.3,150.27,184.3,73.5
13227,232.71,232.06,126.8,59.0
13229,343.23,316.49,59.3,25.2
13231,219.4,216.09,82.7,31.6
13233,312.14,310.33,133.6,54.5
13235,251.21,249.03,48.2,20.7
13237,360.69,344.64,61.6,37.2
13239,160.56,151.24,16.6,13.5
13241,376.88,369.99,44.0,33.3
13243,430.87,428.24,18.0,9.7
13245,328.59,324.33,618.4,266.2
13247,132.1,129.79,656.5,256.3
13249,167.82,166.91,30.0,13.2
13251,655.87,645.1,22.6,10.4
13253,256.56,235.23,37.1,20.4
13255,199.59,196.47,326.1,136.3
13257,184.2,179.13,146.1,70.7
13259,463.61,458.73,13.2,5.2
13261,492.65,482.7,68.0,28.8
13263,394.76,391.39,17.5,8.7
13265,195.35,194.61,8.8,5.2
13267,488.35,479.4,53.2,20.8
13269,379.7,376.69,23.6,12.1
13271,444.01,437.3,37.7,16.7
13273,337.7,335.44,27.8,12.2
13275,552.22,544.6,82.1,37.0
13277,268.79,258.91,154.9,63.5
13279,370.99,364.0,74.8,33.4
13281,171.98,166.56,62.9,46.4
13283,202.45,199.44,34.5,15.0
13285,445.96,413.99,161.9,67.7
13287,289.98,285.39,31.3,13.5
13289,362.63,358.4,25.2,11.8
13291,329.0,321.93,66.3,43.6
13293,327.55,323.44,84.0,37.6
13295,447.03,446.38,154.0,67.4
13297,330.0,325.68,257.2,99.6
13299,907.99,892.46,40.7,18.3
13301,286.69,284.3,20.5,10.5
13303,684.36,678.45,31.2,13.3
13305,648.8,641.78,46.9,19.0
13307,210.26,209.12,13.4,7.3
13309,300.27,295.48,25.1,8.9
13311,242.21,240.69,112.8,66.7
13313,291.05,290.46,353.2,137.4
13315,382.12,377.7,24.5,9.3
13317,474.09,469.49,22.6,11.0
13319,451.95,447.31,21.4,10.0
13321,574.76,570.7,38.0,16.2
15001,5086.13,4028.42,45.9,20.4
15003,2128.07,600.74,1586.7,560.8
15005,52.83,11.99,7.5,9.4
15007,1266.36,619.96,108.2,48.1
15009,2398.33,1161.52,133.3,60.6
16001,1060.46,1052.58,372.8,151.5
16003,1369.77,1363.06,2.9,1.9
16005,1147.43,1111.99,74.5,29.8
16007,1049.41,974.78,6.1,4.0
16009,783.95,776.62,12.0,6.0
16011,2120.41,2093.98,21.8,7.7
16013,2660.71,2643.59,8.1,5.7
16015,1906.69,1899.24,3.7,2.8
16017,1919.5,1734.57,23.6,14.2
16019,1900.64,1866.08,55.9,21.3
16021,1277.86,1268.56,8.6,4.1
16023,2233.7,2231.67,1.3,0.6
16025,1078.95,1074.49,1.0,0.8
16027,603.55,587.37,321.6,118.2
16029,1798.57,1764.15,3.9,1.8
16031,2580.28,2565.08,8.9,3.3
16033,1765.14,1764.19,0.6,0.3
16035,2487.99,2457.27,3.6,1.8
16037,4937.31,4920.94,0.9,0.6
16039,3100.75,3074.74,8.8,4.0
16041,668.34,663.64,19.3,6.8
16043,1895.68,1863.53,7.1,4.6
16045,565.71,560.9,29.8,12.7
16047,733.72,728.97,21.2,8.4
16049,8503.35,8477.35,1.9,1.0
16051,1105.57,1093.5,23.9,8.0
16053,602.15,597.18,37.5,13.6
16055,1315.62,1244.12,111.3,50.8
16057,1076.91,1076.0,34.6,14.9
16059,4568.75,4563.39,1.7,1.0
16061,479.74,478.8,8.0,3.9
16063,1205.89,1201.41,4.3,1.6
16065,473.23,469.21,80.0,24.0
16067,762.93,757.59,26.5,10.1
16069,856.28,848.09,46.3,20.6
16071,1201.6,1200.06,3.6,1.6
16073,7696.98,7665.51,1.5,0.6
16075,410.28,406.87,55.6,22.0
16077,1442.67,1404.24,5.6,2.1
16079,2635.12,2629.66,4.9,2.7
16081,450.56,449.46,22.6,12.2
16083,1928.32,1921.21,40.2,16.2
16085,3732.96,3664.52,2.7,3.2
16087,1473.53,1452.98,7.0,3.1
17001,871.34,855.2,78.5,34.9
17003,252.6,235.51,35.0,17.0
17005,382.76,380.28,46.7,18.6
17007,282.02,280.72,193.0,71.1
17009,307.21,305.61,22.7,8.1
17011,873.5,869.03,40.2,18.1
17013,283.58,253.82,20.0,11.2
17015,466.36,444.81,34.6,19.0
17017,383.76,375.82,36.3,15.5
17019,998.39,996.27,201.8,87.9
17021,715.64,709.38,49.1,21.9
17023,504.82,501.42,32.6,15.5
17025,469.59,468.32,29.5,13.7
17027,503.27,474.09,79.7,32.3
17029,510.08,508.29,106.0,46.1
17031,1634.86,945.33,5495.1,2306.5
17033,445.82,443.63,44.7,19.5
17035,347.0,346.02,31.9,14.1
17037,634.66,631.31,166.6,65.1
17039,405.08,397.51,41.7,18.9
17041,417.22,416.66,48.0,20.1
17043,336.41,327.5,2799.8,1087.6
17045,624.0,623.37,29.8,14.1
17047,222.72,222.42,30.2,14.3
17049,480.01,478.78,71.5,30.4
17051,725.34,716.48,30.9,13.0
17053,486.24,485.62,29.0,12.9
17055,431.44,408.89,96.8,45.3
17057,882.57,865.59,42.8,18.7
17059,328.18,323.07,17.3,8.5
17061,546.27,543.02,25.6,11.8
17063,430.45,418.04,119.8,47.8
17065,435.89,434.67,19.5,9.4
17067,814.4,793.73,24.1,11.7
17069,181.58,177.53,24.3,14.0
17071,395.22,378.87,19.3,10.1
17073,825.64,822.99,61.3,26.9
17075,1118.93,1117.32,26.6,12.0
17077,602.38,584.08,103.1,48.9
17079,498.12,494.51,19.6,8.8
17081,583.78,571.17,68.0,29.7
17083,377.13,369.27,62.2,26.7
17085,618.73,601.09,37.7,22.6
17087,348.86,343.92,36.6,16.3
17089,524.2,520.06,990.8,350.1
17091,681.36,676.56,167.7,66.9
17093,322.32,320.34,358.2,125.9
17095,719.81,716.39,73.9,33.6
17097,1368.48,443.67,1585.6,586.7
17099,1148.14,1135.12,100.4,44.0
17101,374.14,372.18,45.2,18.6
17103,728.95,724.9,49.7,20.8
17105,1045.93,1044.29,37.3,15.2
17107,618.93,618.06,49.0,19.6
17109,590.18,589.41,55.3,24.5
17111,610.81,603.17,511.9,192.4
17113,1186.27,1183.38,143.3,58.9
17115,585.86,580.69,190.8,86.9
17117,867.65,862.91,55.4,25.0
17119,740.56,715.58,376.3,163.7
17121,576.04,572.36,68.9,32.0
17123,398.51,386.79,32.7,15.3
17125,563.46,539.24,27.2,13.1
17127,241.81,237.22,65.0,30.0
17129,315.46,314.44,40.4,18.0
17131,568.69,561.2,29.3,13.1
17133,398.04,385.01,85.6,34.8
17135,709.68,703.69,42.8,18.6
17137,572.3,568.79,62.5,27.3
17139,344.48,335.94,44.2,18.6
17141,762.99,758.57,70.5,29.7
17143,630.6,619.21,301.2,134.1
17145,446.95,441.76,50.6,21.3
17147,439.46,439.2,38.1,16.6
17149,848.88,831.38,19.8,9.6
17151,374.3,368.77,12.1,6.8
17153,203.23,199.18,30.9,15.8
17155,172.22,160.16,37.5,19.2
17157,597.2,575.5,58.2,23.8
17159,361.9,359.99,45.1,20.9
17161,451.29,427.64,345.0,153.8
17163,674.03,657.76,410.6,176.7
17165,386.78,379.82,65.6,30.8
17167,877.02,868.3,227.4,103.5
17169,441.33,437.27,17.3,7.9
17171,252.77,250.91,21.3,9.8
17173,768.07,758.52,29.5,13.7
17175,288.35,288.08,20.8,9.3
17177,565.06,564.52,84.5,39.1
17179,657.94,648.97,208.6,88.6
17181,422.15,413.46,43.1,19.2
17183,901.28,898.37,90.9,40.4
17185,227.51,223.25,53.5,25.0
17187,543.05,542.41,32.6,14.2
17189,563.91,562.57,26.2,11.6
17191,715.49,713.81,23.5,11.2
17193,501.86,494.77,29.6,14.5
17195,696.53,684.25,85.5,37.7
17197,849.23,836.91,809.6,283.8
17199,444.35,420.15,157.9,72.3
17201,519.25,513.36,575.2,245.4
17203,542.64,527.8,73.3,28.7
18001,339.97,339.03,101.4,38.4
18003,660.02,657.31,540.6,231.5
18005,409.52,406.91,188.7,81.3
18007,406.51,406.42,21.8,9.7
18009,165.58,165.08,77.3,36.7
18011,423.25,422.91,133.9,53.8
18013,316.63,311.98,48.9,26.6
18015,375.02,372.22,54.1,25.4
18017,414.85,412.15,94.5,40.0
18019,376.45,372.86,295.6,128.1
18021,360.32,357.54,75.2,32.7
18023,405.25,405.07,82.0,32.9
18025,308.72,305.64,35.1,18.1
18027,436.87,429.49,73.7,29.0
18029,307.42,305.03,164.1,66.1
18031,373.32,372.57,69.1,30.1
18033,363.85,362.82,116.4,48.4
18035,395.91,392.12,300.1,133.5
18037,435.33,427.27,98.0,40.7
18039,467.97,463.17,426.5,167.9
18041,215.16,215.01,112.9,50.7
18043,148.96,147.93,504.1,216.1
18045,397.88,395.66,43.6,19.9
18047,391.05,384.43,60.1,24.8
18049,371.27,368.39,56.6,26.4
18051,499.16,487.49,68.7,30.0
18053,414.9,414.07,169.2,73.5
18055,545.92,542.49,61.1,28.0
18057,402.44,394.27,696.4,270.8
18059,307.03,306.02,228.8,91.9
18061,486.52,484.52,81.2,34.1
18063,408.78,406.91,357.4,136.3
18065,394.83,391.88,126.2,54.3
18067,293.92,293.06,282.4,132.0
18069,387.72,382.65,97.0,41.3
18071,513.91,509.31,83.2,35.7
18073,561.39,559.62,59.8,23.5
18075,384.08,383.91,55.4,24.0
18077,362.89,360.63,89.9,39.7
18079,378.35,376.58,75.7,32.0
18081,321.79,320.43,435.8,176.8
18083,524.04,516.03,74.5,33.0
18085,554.39,531.38,145.6,69.7
18087,386.7,379.62,97.8,37.1
18089,626.56,498.96,994.1,418.4
18091,613.26,598.3,186.3,81.0
18093,451.93,449.17,102.7,46.9
18095,452.9,451.92,291.3,130.7
18097,403.01,396.3,2279.6,1054.4
18099,449.74,443.63,106.1,44.7
18101,340.41,335.74,30.8,14.3
18103,377.39,373.84,98.7,41.4
18105,411.32,394.51,349.7,149.8
18107,505.45,504.61,75.6,32.8
18109,409.43,403.97,170.5,68.7
18111,403.44,401.76,35.5,15.0
18113,417.43,410.84,115.7,48.9
18115,87.43,86.14,71.1,32.3
18117,408.19,398.39,49.8,23.0
18119,387.83,385.29,56.0,26.2
18121,449.98,444.66,39.0,18.2
18123,386.29,381.73,50.7,22.3
18125,341.09,334.24,38.4,17.2
18127,521.78,418.15,393.0,158.3
18129,419.33,409.57,63.3,27.4
18131,434.53,433.65,30.9,14.0
18133,482.69,480.53,79.0,30.6
18135,453.31,452.38,57.9,26.0
18137,448.06,446.43,64.6,26.8
18139,408.46,408.12,42.6,18.4
18141,461.39,457.85,583.0,250.8
18143,192.75,190.4,127.0,54.8
18145,412.76,411.15,108.1,46.4
18147,401.43,396.74,52.8,22.4
18149,312.21,309.13,75.6,35.5
18151,322.47,308.94,110.7,62.7
18153,454.12,447.14,48.0,20.0
18155,223.44,220.63,48.1,22.5
18157,503.24,499.81,345.7,142.2
18159,260.57,260.54,61.2,26.9
18161,165.18,161.22,46.6,20.1
18163,236.33,233.48,769.7,355.5
18165,259.93,256.88,63.1,29.1
18167,410.45,403.31,267.4,114.1
18169,420.98,412.43,79.7,34.4
18171,366.41,364.68,23.3,10.1
18173,391.05,384.82,155.1,62.9
18175,516.6,513.73,55.0,23.8
18177,404.34,401.74,171.5,77.8
18179,370.25,368.09,75.1,31.7
18181,508.68,505.12,48.8,25.7
18183,337.91,335.57,99.2,42.6
19001,570.27,569.27,13.5,6.5
19003,425.51,423.44,9.5,4.7
19005,658.77,639.08,22.4,11.9
19007,516.24,497.29,25.9,13.3
19009,443.41,442.96,13.8,6.7
19011,718.49,716.26,36.4,15.5
19013,572.68,565.77,231.7,98.8
19015,573.64,571.57,46.0,20.6
19017,439.4,435.48,55.7,22.8
19019,573.12,571.02,36.7,15.7
19021,580.23,574.91,35.2,14.3
19023,581.76,580.13,25.6,11.5
19025,572.11,569.97,17.0,9.0
19027,570.27,569.44,36.6,16.5
19029,564.95,564.27,24.7,11.7
19031,581.9,579.44,31.9,13.9
19033,575.12,568.31,77.7,39.0
19035,577.07,576.91,20.9,10.0
19037,505.66,504.38,24.7,11.3
19039,431.76,431.17,21.5,9.5
19041,572.59,567.24,29.4,14.2
19043,792.66,778.54,23.3,11.6
19045,710.18,694.91,70.7,31.3
19047,715.04,714.19,23.9,9.7
19049,591.7,588.45,112.4,46.3
19051,504.85,502.19,17.4,7.2
19053,533.48,531.88,15.9,7.2
19055,578.95,577.76,30.7,13.9
19057,429.75,416.12,96.9,44.5
19059,403.96,380.61,43.8,33.8
19061,616.63,608.3,154.0,64.0
19063,402.52,395.88,26.0,12.0
19065,731.33,730.81,28.6,13.1
19067,501.38,500.63,32.6,15.0
19069,582.52,581.97,18.4,8.4
19071,516.64,511.15,14.6,6.7
19073,571.21,569.57,16.4,8.0
19075,501.89,501.86,24.8,11.0
19077,593.07,590.62,18.5,9.7
19079,577.51,576.75,27.2,12.5
19081,573.04,571.0,19.9,9.3
19083,569.99,569.31,30.8,14.4
19085,701.64,696.85,21.4,9.7
19087,436.56,434.33,46.4,19.1
19089,473.61,473.25,20.2,9.2
19091,435.67,434.35,22.6,10.8
19093,432.05,431.51,16.4,7.9
19095,587.49,586.46,27.9,12.4
19097,649.61,636.04,31.2,14.8
19099,732.96,730.42,50.4,22.2
19101,436.88,435.51,38.7,17.4
19103,623.15,614.04,213.1,91.1
19105,577.0,575.62,35.9,15.5
19107,579.92,579.18,18.1,8.5
19109,974.32,972.72,16.0,7.7
19111,538.87,517.52,69.3,31.3
19113,724.5,716.88,294.6,128.7
19115,417.52,401.77,28.3,12.5
19117,434.4,430.59,20.7,9.8
19119,587.78,587.65,19.7,8.2
19121,562.16,561.01,27.9,11.7
19123,573.4,570.86,39.2,17.1
19125,570.51,554.53,60.1,25.1
19127,573.2,572.5,71.0,29.4
19129,440.64,437.44,34.4,14.0
19131,469.56,469.13,23.0,10.3
19133,698.93,694.07,13.3,6.8
19135,434.3,433.72,18.4,9.0
19137,425.03,424.1,25.3,12.4
19139,449.13,437.47,97.7,40.9
19141,573.21,573.04,25.1,11.6
19143,399.39,398.68,16.2,7.5
19145,535.47,534.94,29.8,13.4
19147,569.43,563.84,16.7,8.2
19149,863.73,862.89,29.0,12.2
19151,578.66,577.24,12.7,6.6
19153,591.53,573.79,750.5,317.6
19155,959.13,950.28,98.0,41.4
19157,586.07,584.93,32.3,15.3
19159,538.87,535.5,9.6,4.9
19161,578.33,575.01,18.0,9.4
19163,468.21,458.09,360.7,156.8
19165,591.35,590.78,20.6,9.4
19167,768.99,768.33,43.9,16.0
19169,573.65,572.82,156.3,64.2
19171,722.08,721.01,24.6,10.8
19173,534.66,531.9,11.9,5.8
19175,425.8,423.65,29.6,14.0
19177,490.52,484.79,15.6,7.6
19179,436.02,431.83,82.5,37.3
19181,573.35,569.83,81.1,32.2
19183,570.92,568.84,38.2,16.7
19185,527.15,525.44,12.2,6.1
19187,718.43,715.62,53.1,23.8
19189,401.72,400.49,27.1,13.0
19191,690.14,689.87,30.5,12.6
19193,877.77,872.83,117.1,47.5
19195,401.94,400.12,19.0,8.9
19197,582.24,580.42,22.8,11.2
20001,505.33,500.3,26.7,12.4
20003,583.73,579.65,14.0,6.4
20005,433.82,431.17,39.3,16.2
20007,1136.17,1134.07,4.3,2.4
20009,900.63,895.4,30.9,14.2
20011,639.09,635.47,23.9,11.3
20013,572.11,570.87,17.5,8.4
20015,1446.53,1429.86,46.1,18.2
20017,777.73,773.06,3.6,1.9
20019,644.77,638.88,5.7,3.4
20021,591.02,587.57,36.8,16.8
20023,1020.94,1019.89,2.7,1.5
20025,977.18,974.63,2.3,1.2
20027,655.6,645.3,13.2,6.3
20029,717.99,715.34,13.3,6.5
20031,654.09,626.95,13.7,6.3
20033,789.69,788.3,2.4,1.3
20035,1132.43,1125.75,32.3,14.2
20037,595.01,589.76,66.4,30.2
20039,894.15,893.52,3.3,2.0
20041,851.95,847.07,23.3,10.6
20043,398.28,393.41,20.2,9.1
20045,474.64,455.87,243.1,102.5
20047,621.97,621.89,4.9,2.6
20049,650.47,644.26,4.5,2.7
20051,900.37,899.91,31.6,14.3
20053,723.29,715.85,9.1,4.5
20055,1302.67,1301.97,28.2,10.2
20057,1099.08,1098.27,30.8,10.9
20059,577.14,571.76,45.5,19.5
20061,404.49,384.62,89.3,37.7
20063,1071.76,1071.66,2.5,1.3
20065,898.75,898.52,2.9,1.7
20067,575.14,574.8,13.6,5.1
20069,869.3,868.87,6.9,2.7
20071,778.45,778.45,1.6,0.8
20073,1152.63,1143.3,5.9,3.6
20075,997.63,996.51,2.7,1.2
20077,802.78,801.27,7.5,3.9
20079,540.72,539.75,64.3,26.9
20081,577.87,577.52,7.4,2.9
20083,860.31,859.99,2.2,1.1
20085,658.02,656.22,20.5,8.8
20087,556.68,532.57,35.9,15.3
20089,914.36,909.78,3.4,2.2
20091,479.9,473.37,1149.6,478.6
20093,870.98,870.54,4.6,1.8
20095,866.66,863.36,9.1,4.4
20097,722.87,722.64,3.5,1.7
20099,653.12,645.29,33.5,15.6
20101,717.67,717.46,2.4,1.4
20103,468.97,462.83,164.7,62.0
20105,720.46,719.4,4.5,2.6
20107,606.4,594.06,16.3,9.2
20109,1073.1,1072.99,2.6,1.3
20111,855.42,847.47,39.8,18.0
20113,900.6,898.27,32.5,14.2
20115,953.73,944.29,13.4,6.3
20117,905.11,900.18,11.2,5.4
20119,979.35,978.09,4.7,2.0
20121,590.26,575.66,57.0,22.9
20123,719.16,701.79,9.1,4.7
20125,651.48,643.53,55.1,25.8
20127,702.89,695.28,8.5,4.6
20129,729.93,729.73,4.4,2.0
20131,719.44,717.43,14.2,6.4
20133,577.79,571.47,28.9,13.1
20135,1075.01,1074.75,2.9,1.6
20137,881.3,878.13,6.5,2.9
20139,719.85,705.52,23.1,10.6
20141,894.36,892.5,4.3,2.5
20143,721.34,720.73,8.5,3.9
20145,754.65,754.26,9.2,4.2
20147,894.56,885.88,6.4,3.4
20149,861.91,841.02,25.7,10.3
20151,735.72,735.04,13.1,6.1
20153,1069.58,1069.42,2.4,1.4
20155,1272.11,1255.35,51.4,22.5
20157,720.45,717.37,6.9,4.0
20159,727.96,726.24,13.9,6.3
20161,621.96,609.77,116.6,46.3
20163,895.15,890.53,5.8,3.1
20165,717.97,717.76,4.6,2.6
20167,899.44,886.26,7.9,4.4
20169,721.31,720.22,77.2,33.5
20171,717.66,717.54,6.9,3.1
20173,1009.12,997.51,499.6,212.1
20175,640.49,639.5,35.9,12.6
20177,555.73,544.02,327.1,145.5
20179,896.21,895.96,2.9,1.4
20181,1056.28,1056.07,5.7,3.0
20183,896.96,895.46,4.3,2.5
20185,794.92,792.05,5.6,2.9
20187,680.41,680.35,3.3,1.5
20189,727.47,727.29,7.9,3.2
20191,1184.95,1181.94,20.4,9.2
20193,1074.8,1074.69,7.4,3.3
20195,899.63,889.48,3.4,1.9
20197,799.62,794.3,8.9,4.1
20199,913.71,913.65,1.6,0.9
20201,898.67,894.76,6.5,3.3
20203,718.59,718.57,3.1,1.5
20205,575.07,570.42,16.5,8.2
20207,505.25,497.82,6.6,4.1
20209,156.19,151.6,1039.0,440.3
21001,412.4,405.28,46.0,21.1
21003,351.86,344.34,58.0,27.0
21005,204.27,201.83,106.1,45.2
21007,273.69,246.66,33.4,15.8
21009,500.0,487.54,86.5,39.4
21011,284.0,278.79,41.6,19.4
21013,361.12,359.0,79.9,36.6
21015,256.46,246.36,482.3,187.3
21017,291.59,289.72,69.0,30.8
21019,162.02,159.86,309.9,136.4
21021,182.66,180.17,157.8,68.3
21023,208.95,205.61,41.3,18.7
21025,495.27,492.41,28.2,12.7
21027,585.62,567.17,35.4,18.7
21029,300.26,297.02,250.2,98.7
21031,431.47,426.09,29.8,13.8
21033,348.15,344.79,37.7,18.2
21035,410.7,385.02,96.6,46.9
21037,159.42,151.31,597.0,261.2
21039,198.98,189.43,26.9,12.9
21041,137.31,128.57,84.1,36.5
21043,412.12,409.5,67.7,30.1
21045,445.74,444.23,35.9,16.9
21047,724.04,717.5,103.1,41.1
21049,255.16,252.46,141.1,62.2
21051,471.09,469.25,46.3,18.9
21053,205.42,197.25,52.1,26.9
21055,371.14,359.95,25.9,12.7
21057,310.91,305.18,22.5,12.1
21059,476.57,458.35,210.9,90.4
21061,308.0,302.88,40.2,21.4
21063,235.32,234.32,33.5,14.4
21065,255.61,253.08,58.0,27.1
21067,285.55,283.65,1042.8,476.5
21069,351.32,348.54,41.2,19.0
21071,395.71,393.34,100.3,46.2
21073,212.01,207.75,237.2,111.5
21075,230.62,205.5,33.2,16.4
21077,104.72,101.23,84.8,37.4
21079,233.95,230.08,73.5,32.4
21081,260.77,257.96,95.6,38.5
21083,556.79,551.74,67.3,30.4
21085,511.03,496.7,51.8,27.3
21087,288.79,286.03,39.4,18.6
21089,354.45,344.4,107.2,47.4
21091,198.89,187.65,45.6,19.9
21093,630.14,623.28,169.3,69.4
21095,468.15,465.83,62.9,29.0
21097,309.86,306.36,61.5,26.8
21099,417.85,412.09,44.2,20.8
21101,466.28,436.67,105.9,46.5
21103,291.12,286.28,53.9,23.2
21105,253.04,242.27,20.2,9.7
21107,554.42,542.0,86.6,39.1
21109,346.51,345.2,39.1,18.9
21111,397.68,380.42,1948.1,887.5
21113,174.5,172.12,282.3,112.3
21115,264.14,261.95,89.2,40.6
21117,164.35,160.25,996.7,430.4
21119,352.85,351.52,46.5,21.2
21121,387.75,386.3,82.5,37.5
21123,263.63,261.52,54.3,23.6
21125,443.69,433.95,135.6,58.6
21127,420.07,415.6,38.2,17.5
21129,211.26,208.86,37.8,16.5
21131,404.45,400.84,28.2,13.2
21133,339.03,337.91,72.6,34.3
21135,495.38,482.84,28.7,13.4
21137,336.58,334.09,74.1,32.4
21139,342.33,313.13,30.4,15.4
21141,557.03,552.13,48.6,22.3
21143,256.53,213.84,38.9,22.4
21145,268.17,248.74,263.6,124.9
21147,430.95,426.8,42.9,17.6
21149,256.23,252.47,37.8,16.9
21151,443.26,437.29,189.6,80.1
21153,309.16,308.44,43.2,19.3
21155,346.86,343.01,57.8,23.9
21157,340.17,301.25,104.4,52.3
21159,230.6,229.6,56.3,22.5
21161,246.41,240.13,72.8,33.8
21163,324.5,305.42,93.6,38.5
21165,205.93,203.58,31.0,18.4
21167,253.31,248.8,85.7,40.0
21169,291.19,289.65,34.9,16.2
21171,332.06,329.37,33.3,15.8
21173,198.86,197.37,134.3,59.3
21175,383.79,381.13,36.5,15.3
21177,479.4,467.08,67.4,29.3
21179,424.08,417.51,104.0,43.3
21181,196.83,195.17,36.6,16.7
21183,596.23,587.27,40.6,17.4
21185,196.43,187.22,322.2,110.5
21187,354.25,351.1,30.9,16.0
21189,198.29,197.41,24.1,11.8
21191,281.92,277.16,53.7,22.9
21193,342.61,339.67,84.5,37.7
21195,788.67,786.83,82.6,38.5
21197,180.12,178.98,70.5,31.3
21199,677.15,658.41,95.8,47.8
21201,100.1,99.91,22.8,11.0
21203,318.1,316.54,53.9,24.3
21205,286.27,279.8,83.4,36.1
21207,282.88,253.66,69.2,39.4
21209,285.43,281.77,167.4,68.5
21211,385.67,379.64,110.8,43.7
21213,236.47,234.2,74.0,31.7
21215,191.66,186.68,91.4,35.9
21217,276.82,266.33,92.0,40.8
21219,377.06,374.5,33.3,14.1
21221,481.33,441.43,32.5,17.7
21223,156.22,151.65,58.1,25.9
21225,363.38,342.85,43.8,17.9
21227,547.56,541.6,210.1,87.2
21229,301.2,297.27,39.4,17.0
21231,484.16,458.17,45.4,23.9
21233,335.66,331.94,41.0,17.9
21235,445.12,437.83,81.4,34.6
21237,222.75,222.17,33.1,16.5
21239,192.04,188.78,132.1,56.7
22001,657.45,655.12,94.3,38.8
22003,765.95,761.85,33.8,12.8
22005,302.79,289.98,369.7,140.6
22007,364.53,338.66,69.2,30.6
22009,865.74,832.43,50.5,21.7
22011,1165.84,1157.34,30.8,13.0
22013,822.07,811.27,17.7,9.5
22015,867.22,840.06,139.3,58.7
22017,936.82,878.54,290.2,127.5
22019,1094.27,1063.66,181.2,77.1
22021,540.73,529.42,19.1,9.4
22023,1936.67,1284.89,5.3,2.8
22025,739.42,708.03,14.7,6.9
22027,767.42,754.88,22.8,10.3
22029,747.3,696.92,29.9,13.5
22031,894.59,875.58,30.4,14.0
22033,470.24,455.37,966.6,411.4
22035,442.43,420.7,18.4,6.9
22037,455.78,453.41,44.7,17.7
22039,679.62,662.38,51.3,22.1
22041,635.44,624.59,33.2,14.5
22043,664.65,643.03,34.7,13.8
22045,1030.53,574.11,127.6,51.7
22047,652.86,618.63,54.0,20.5
22049,580.28,569.18,28.6,13.5
22051,665.42,295.63,1463.1,639.8
22053,658.56,651.33,48.5,20.4
22055,269.21,268.72,824.6,348.5
22057,1474.31,1068.21,90.2,36.1
22059,662.39,624.68,23.8,10.5
22061,472.47,471.74,99.1,41.3
22063,702.85,648.17,197.5,77.4
22065,650.9,624.44,19.4,7.7
22067,806.08,794.93,35.2,15.6
22069,1298.99,1252.25,31.6,14.8
22071,350.21,169.42,2029.4,1120.8
22073,631.75,610.41,251.8,105.6
22075,2567.2,779.91,29.5,12.3
22077,590.71,557.35,40.9,20.0
22079,1361.66,1317.96,99.9,42.3
22081,402.34,389.09,23.4,10.6
22083,564.52,559.04,37.1,15.4
22085,1011.62,866.66,28.0,16.3
22087,2158.07,377.52,95.1,44.5
22089,410.63,279.08,189.1,71.3
22091,409.49,408.4,27.4,12.6
22093,257.96,241.54,91.5,35.0
22095,347.64,213.07,215.5,82.2
22097,938.98,923.88,90.3,38.6
22099,816.49,737.65,70.7,29.7
22101,1119.42,555.38,98.4,41.5
22103,1124.19,845.55,276.4,112.8
22105,823.27,791.27,153.0,63.3
22107,641.19,602.78,8.7,5.6
22109,2082.07,1231.81,90.8,35.6
22111,905.4,876.99,25.9,12.9
22113,1542.07,1173.2,49.4,21.5
22115,1341.48,1327.91,39.4,16.1
22117,675.88,669.52,70.4,31.4
22119,614.84,593.03,69.5,32.6
22121,203.82,192.39,123.6,48.5
22123,360.57,359.65,32.3,14.0
22125,426.0,403.21,38.8,12.6
22127,956.82,950.09,16.1,7.6
23001,497.12,467.93,230.2,104.9
23003,6827.57,6671.33,10.8,5.9
23005,1217.46,835.24,337.2,166.0
23007,1743.48,1696.61,18.1,12.8
23009,2344.94,1586.89,34.3,25.3
23011,951.17,867.52,140.8,70.3
23013,1143.95,365.13,108.8,65.0
23015,699.6,455.82,75.6,51.5
23017,2175.72,2076.84,27.8,17.4
23019,3557.08,3397.36,45.3,21.7
23021,4377.97,3960.86,4.4,3.9
23023,370.04,253.69,139.1,72.1
23025,4093.53,3924.4,13.3,7.8
23027,852.76,729.92,53.1,29.5
23029,3257.65,2562.66,12.8,9.0
23031,1269.71,990.71,199.0,106.8
24001,429.93,424.16,177.0,78.5
24003,587.8,414.9,1295.9,512.3
24005,681.76,598.3,1345.5,561.0
24009,345.07,213.15,416.3,158.5
24011,325.9,319.42,103.5,42.2
24013,452.69,447.59,373.4,139.4
24015,417.84,346.27,292.0,118.7
24017,642.97,457.75,320.2,120.1
24019,983.0,540.77,60.3,30.6
24021,667.38,660.22,353.5,136.5
24023,655.74,647.1,46.5,29.1
24025,526.64,437.09,560.1,218.6
24027,253.39,250.74,1144.9,435.8
24029,413.45,277.03,72.9,38.1
24031,506.95,491.25,1978.2,765.2
24033,498.84,482.69,1788.8,679.9
24035,510.69,371.91,128.5,54.2
24037,764.25,357.18,294.4,115.6
24039,610.35,319.72,82.8,34.8
24041,476.81,268.54,140.7,72.9
24043,467.34,457.78,322.1,132.8
24045,400.24,374.44,263.7,110.0
24047,694.86,468.28,109.9,119.1
24510,92.05,80.94,7671.5,3665.3
25001,1305.54,393.72,548.3,407.1
25003,946.43,926.82,141.6,73.9
25005,691.23,553.1,991.3,416.8
25007,490.96,103.25,160.2,166.5
25009,828.47,492.56,1508.8,622.8
25011,724.57,699.32,102.1,48.3
25013,634.25,617.14,751.0,311.4
25015,545.21,527.26,299.8,118.7
25017,847.06,817.82,1837.9,748.3
25019,303.66,44.97,226.2,258.4
25021,444.35,396.11,1693.6,682.5
25023,1093.25,659.08,750.9,303.7
25025,120.22,58.15,12415.6,5425.6
25027,1579.19,1510.77,528.6,216.3
26001,1790.58,674.59,16.2,16.4
26003,5047.74,915.07,10.5,7.2
26005,1833.29,825.23,135.0,59.9
26007,1694.92,571.86,51.8,28.1
26009,601.77,475.7,49.6,37.5
26011,680.69,363.19,43.8,27.0
26013,1068.77,898.26,9.9,5.9
26015,577.04,553.09,107.0,48.8
26017,630.72,442.3,243.7,109.0
26019,859.57,319.7,54.8,38.2
26021,1581.47,567.75,276.2,135.5
26023,519.68,506.37,89.4,41.2
26025,718.35,706.23,192.8,86.4
26027,508.32,490.06,106.7,52.8
26029,1390.46,416.34,62.3,41.4
26031,885.38,715.26,36.6,25.6
26033,2698.39,1558.42,24.7,13.6
26035,575.34,564.32,54.8,41.2
26037,574.56,566.41,133.1,54.2
26039,563.24,556.28,25.3,19.9
26041,1991.32,1171.1,31.7,17.3
26043,777.05,761.4,34.4,18.4
26045,579.43,575.17,187.4,81.8
26047,882.0,467.49,69.9,45.6
26049,649.59,636.98,668.5,301.7
26051,515.93,501.78,51.2,35.2
26053,1476.34,1101.85,14.9,9.8
26055,601.31,464.33,187.3,89.6
26057,571.61,568.46,74.7,28.7
26059,607.01,598.13,78.1,36.4
26061,1501.5,1009.1,36.3,18.5
26063,2136.8,835.71,39.6,25.4
26065,560.71,556.12,505.1,218.1
26067,580.05,571.3,111.9,43.4
26069,1890.06,549.1,47.1,37.2
26071,1211.21,1166.15,10.1,7.9
26073,577.68,572.68,122.8,49.6
26075,723.5,701.67,228.4,99.0
26077,580.3,561.66,445.7,195.9
26079,570.71,559.86,30.6,21.7
26081,871.94,846.95,711.5,291.5
26083,5966.19,540.11,4.0,4.6
26085,574.28,567.37,20.3,26.4
26087,662.84,643.01,137.4,56.5
26089,2532.19,347.17,62.5,43.0
26091,761.41,749.55,133.3,58.0
26093,585.4,565.25,320.2,128.8
26095,1912.49,899.08,7.4,4.8
26097,2100.64,1021.57,10.9,10.8
26099,570.85,479.22,1754.9,744.2
26101,1280.56,542.15,45.6,28.9
26103,3424.54,1808.4,37.1,19.0
26105,1242.44,495.07,58.0,34.9
26107,571.19,555.07,77.1,38.1
26109,1338.21,1044.08,23.0,13.6
26111,528.07,516.25,162.0,69.7
26113,573.83,564.73,26.3,16.1
26115,680.02,549.39,276.7,114.6
26117,720.83,705.4,89.8,40.0
26119,562.65,546.66,17.9,17.6
26121,1460.02,499.25,344.9,147.3
26123,861.69,813.2,59.6,30.8
26125,907.29,867.66,1385.7,607.7
26127,1305.95,512.07,51.9,31.1
26129,574.95,563.49,38.5,28.5
26131,3740.82,1311.22,5.2,4.3
26133,573.1,566.39,41.5,24.1
26135,571.58,565.73,15.3,16.1
26137,526.19,514.97,46.9,28.6
26139,1631.41,563.47,468.2,181.9
26141,2572.76,658.72,20.3,15.8
26143,580.03,519.64,47.1,47.1
26145,815.97,800.11,250.2,108.5
26147,836.51,721.17,226.1,99.6
26149,521.03,500.59,122.4,55.5
26151,1589.94,962.57,44.8,23.6
26153,1883.98,1171.36,7.2,5.4
26155,540.95,530.67,133.1,57.1
26157,913.91,803.13,69.4,30.4
26159,1089.9,607.47,125.5,60.6
26161,722.42,705.97,488.4,209.0
26163,672.68,612.08,2974.4,1342.5
26165,575.47,565.0,57.9,29.6
27001,1995.29,1821.66,8.9,8.8
27003,446.11,423.01,782.1,299.5
27005,1445.18,1315.2,24.7,14.3
27007,3055.76,2504.94,17.7,8.2
27009,413.06,408.3,94.2,39.5
27011,528.12,499.02,10.6,6.2
27013,765.59,747.84,85.6,35.0
27015,618.46,611.09,42.4,18.8
27017,875.28,861.38,41.1,18.2
27019,376.11,354.33,256.9,97.5
27021,2414.11,2021.54,14.1,12.3
27023,587.78,581.12,21.4,9.8
27025,442.41,414.86,129.9,51.0
27027,1052.65,1045.37,56.4,22.9
27029,1029.74,998.94,8.7,4.8
27031,3339.55,1452.28,3.6,4.0
27033,648.56,638.61,18.3,8.5
27035,1156.53,999.09,62.6,40.2
27037,586.87,562.17,709.0,283.9
27039,439.59,439.28,45.7,18.1
27041,720.0,637.3,56.5,31.2
27043,721.9,712.48,20.4,10.0
27045,862.09,861.3,24.2,11.3
27047,722.42,707.09,44.2,20.1
27049,780.4,756.84,61.0,26.9
27051,575.48,548.16,11.0,6.1
27053,606.55,553.59,2081.7,920.3
27055,568.84,552.06,34.5,15.6
27057,999.56,925.67,22.1,15.8
27059,451.66,435.79,86.8,35.2
27061,2927.96,2667.72,16.9,10.1
27063,719.23,702.98,14.6,7.1
27065,533.68,521.59,31.1,15.0
27067,862.35,796.78,53.0,24.4
27069,1103.6,1098.8,4.1,2.4
27071,3154.02,3104.07,4.3,2.5
27073,778.01,765.02,9.5,4.8
27075,2990.63,2109.29,5.2,3.6
27077,1774.67,1297.87,3.1,2.8
27079,473.81,448.76,61.7,27.7
27081,548.43,536.76,11.0,5.8
27083,721.67,714.56,36.2,15.5
27085,505.53,491.47,74.6,32.1
27087,582.91,557.88,9.7,5.0
27089,1812.91,1775.07,5.3,2.7
27091,729.58,712.35,29.3,14.1
27093,644.78,608.18,38.3,17.6
27095,681.58,572.31,45.6,22.3
27097,1153.39,1125.06,29.5,14.0
27099,711.57,711.33,55.1,23.9
27101,719.5,704.7,12.4,6.5
27103,466.74,448.49,73.0,28.7
27105,722.56,715.11,29.9,11.9
27107,876.73,872.79,7.9,3.9
27109,654.8,653.35,220.8,92.6
27111,2224.54,1972.07,29.1,18.0
27113,618.25,616.57,22.6,10.2
27115,1434.56,1411.29,21.1,12.2
27117,465.96,465.05,20.6,9.6
27119,1997.79,1971.13,16.0,7.4
27121,717.1,669.71,16.4,9.6
27123,170.08,152.21,3341.6,1426.9
27125,432.5,432.41,9.5,4.5
27127,881.75,878.57,18.3,8.3
27129,987.1,982.91,16.0,7.5
27131,515.94,495.68,129.4,49.3
27133,482.72,482.45,20.1,8.8
27135,1678.14,1671.6,9.3,4.5
27137,6859.5,6247.4,32.0,16.5
27139,368.38,356.48,364.5,132.2
27141,451.04,432.92,204.4,74.8
27143,600.52,588.78,25.9,11.2
27145,1389.95,1343.13,112.2,46.1
27147,432.34,429.65,85.1,35.7
27149,575.32,563.6,17.3,7.4
27151,752.19,742.08,13.2,6.5
27153,979.5,944.98,26.3,13.7
27155,585.85,573.9,6.2,3.6
27157,549.62,522.98,41.4,19.1
27159,543.23,536.27,25.8,12.9
27161,432.97,423.36,45.2,18.7
27163,422.74,384.28,619.7,240.4
27165,439.73,434.95,25.8,11.6
27167,751.17,750.96,8.8,4.1
27169,641.58,626.21,82.2,33.2
27171,714.27,661.46,188.5,74.1
27173,763.23,759.1,13.8,6.3
28001,487.55,462.41,69.8,31.7
28003,401.36,400.04,92.6,42.7
28005,731.6,730.1,18.0,9.1
28007,736.69,734.98,26.6,12.4
28009,408.65,406.62,21.5,10.3
28011,905.82,876.57,39.0,16.1
28013,587.96,586.57,25.5,11.8
28015,634.59,628.24,16.9,8.0
28017,504.25,501.78,34.7,15.0
28019,419.86,418.18,20.4,9.9
28021,501.2,487.41,19.7,8.7
28023,693.53,691.55,24.2,11.4
28025,416.01,410.08,50.3,22.4
28027,583.15,552.44,47.3,19.5
28029,779.46,777.24,37.9,15.7
28031,414.93,413.79,47.3,20.5
28033,497.01,476.15,338.7,129.4
28035,470.23,466.31,160.7,69.2
28037,566.76,563.78,14.4,7.4
28039,483.65,478.71,47.2,19.5
28041,718.7,712.76,20.2,7.2
28043,449.4,422.11,51.9,24.1
28045,552.5,473.75,92.7,46.1
28047,976.17,573.99,326.0,148.4
28049,877.29,869.74,282.0,118.9
28051,764.62,756.7,25.4,11.1
28053,431.23,418.49,22.4,9.2
28055,441.43,413.05,3.4,1.4
28057,540.45,532.79,43.9,19.0
28059,1043.4,722.75,193.2,83.1
28061,677.47,676.24,25.2,12.1
28063,527.26,519.93,14.9,7.1
28065,409.14,408.44,30.6,14.4
28067,699.71,694.8,97.5,40.9
28069,767.02,766.18,13.6,6.2
28071,679.21,631.71,75.0,36.0
28073,500.43,497.06,112.0,48.4
28075,715.15,703.63,114.1,49.3
28077,435.77,430.67,30.0,14.0
28079,585.48,583.0,40.8,16.1
28081,453.17,449.95,184.3,79.7
28083,606.38,592.54,54.5,22.3
28085,588.17,586.11,59.5,26.0
28087,516.46,505.51,118.3,52.5
28089,741.78,714.51,133.2,54.0
28091,548.62,542.38,49.9,21.8
28093,709.77,706.19,52.6,21.1
28095,772.1,765.09,48.3,21.5
28097,407.89,406.98,26.8,12.8
28099,571.61,570.14,52.1,21.7
28101,579.6,578.1,37.6,16.2
28103,699.98,695.14,16.6,7.4
28105,461.93,458.2,104.0,45.7
28107,705.13,685.14,50.7,21.5
28109,818.91,810.86,68.9,29.6
28111,650.2,647.25,18.9,8.5
28113,410.69,409.01,98.8,43.7
28115,501.02,497.69,60.2,25.0
28117,418.2,414.98,60.9,26.6
28119,406.43,405.01,20.3,8.9
28121,806.09,775.48,182.6,72.8
28123,610.39,609.18,46.4,18.8
28125,435.12,431.72,11.4,4.9
28127,590.47,589.16,46.7,20.3
28129,637.27,636.25,25.9,11.4
28131,448.08,445.48,39.9,16.1
28133,706.93,697.75,42.2,13.9
28135,652.14,645.29,23.8,8.6
28137,410.97,404.76,71.4,27.0
28139,459.95,457.81,48.6,21.2
28141,444.52,424.25,46.2,24.3
28143,480.73,454.67,23.7,10.6
28145,416.91,415.6,65.3,27.7
28147,404.41,403.94,38.2,17.7
28149,618.55,588.5,82.9,37.2
28151,761.23,724.74,70.6,30.0
28153,813.52,810.75,25.6,11.4
28155,423.23,420.94,24.4,11.4
28157,687.77,678.11,14.6,7.4
28159,610.09,607.24,31.6,14.4
28161,495.0,467.13,27.1,13.6
28163,934.27,922.95,30.4,10.9
29001,569.44,567.32,45.1,19.9
29003,436.43,432.7,40.0,16.9
29005,550.13,547.3,10.4,5.5
29007,696.82,692.23,36.9,15.7
29009,790.97,778.25,45.7,22.5
29011,596.72,591.92,21.0,9.5
29013,851.38,836.69,20.4,9.4
29015,752.55,704.06,27.1,20.1
29017,621.2,617.91,20.0,9.5
29019,690.98,685.41,237.3,101.5
29021,414.66,408.03,218.6,94.2
29023,698.99,694.67,61.6,28.4
29025,429.64,426.39,22.1,10.8
29027,847.36,834.57,53.1,22.2
29029,708.64,655.92,67.1,62.8
29031,586.32,578.53,130.8,56.4
29033,701.39,694.62,13.4,6.7
29035,509.02,507.36,12.3,6.4
29037,702.49,696.84,142.8,57.4
29039,498.65,474.48,29.5,15.2
29041,766.76,751.18,10.4,5.5
29043,563.81,562.65,137.6,56.1
29045,511.82,504.69,14.1,6.9
29047,408.67,397.3,558.6,236.4
29049,423.48,418.96,49.5,21.2
29051,401.92,393.75,193.0,82.1
29053,569.18,564.77,31.2,13.2
29055,743.75,742.52,33.3,16.1
29057,506.25,490.01,16.1,8.1
29059,542.85,540.77,31.0,14.2
29061,569.05,563.24,15.0,7.5
29063,425.82,421.36,30.6,10.3
29065,754.51,752.79,20.8,9.7
29067,814.6,813.63,16.8,8.0
29069,547.18,541.07,59.1,26.6
29071,930.69,922.68,110.0,47.1
29073,524.44,517.8,29.4,15.8
29075,491.72,491.42,13.7,6.5
29077,677.88,675.3,407.5,185.7
29079,438.03,435.28,23.6,11.5
29081,726.41,722.5,12.4,6.1
29083,732.33,696.95,32.0,15.6
29085,411.71,399.09,24.1,17.1
29087,470.35,462.69,10.6,6.1
29089,471.53,463.85,21.9,9.9
29091,928.37,927.25,43.6,19.4
29093,552.06,550.26,19.3,9.7
29095,616.25,604.46,1115.3,516.3
29097,641.28,638.49,183.9,79.4
29099,664.28,656.63,333.1,133.4
29101,833.19,829.28,63.4,26.0
29103,506.83,504.01,8.2,4.5
29105,768.01,764.72,46.5,20.6
29107,638.94,628.43,53.1,23.4
29109,613.38,611.74,63.2,27.2
29111,510.8,505.04,20.2,9.0
29113,640.46,626.56,83.9,33.5
29115,621.38,615.56,20.7,10.4
29117,538.57,532.33,28.5,12.6
29119,539.68,539.48,42.8,18.4
29121,812.37,801.23,19.4,9.6
29123,497.6,494.39,24.7,12.1
29125,529.93,526.98,17.4,8.7
29127,444.3,436.92,65.9,29.4
29129,455.11,453.84,8.3,4.7
29131,599.99,592.59,41.8,21.5
29133,428.76,411.58,34.9,13.9
29135,418.87,415.03,37.6,14.9
29137,670.16,647.65,13.6,7.4
29139,542.01,536.25,22.8,11.4
29141,614.02,597.63,34.4,26.0
29143,696.57,674.84,28.1,12.6
29145,626.59,624.76,93.0,38.9
29147,877.88,876.96,26.6,10.9
29149,791.54,789.8,13.8,6.9
29151,610.45,604.35,23.0,10.8
29153,755.23,744.97,13.1,7.6
29155,513.43,492.54,37.1,16.6
29157,484.16,474.35,40.0,18.1
29159,686.27,682.22,61.9,26.7
29161,674.32,671.78,67.2,29.1
29163,684.72,670.44,27.6,11.7
29165,426.8,420.19,212.6,93.3
29167,642.41,635.52,49.0,20.9
29169,551.48,547.1,95.5,32.7
29171,519.61,517.32,9.6,5.8
29173,483.83,469.78,21.6,11.0
29175,487.83,482.68,52.7,22.2
29177,573.94,568.81,41.3,17.6
29179,814.41,808.48,8.3,5.0
29181,631.64,629.54,22.4,10.5
29183,592.61,560.44,643.2,251.6
29185,702.05,669.98,14.6,8.4
29186,506.77,499.15,36.4,17.3
29187,454.67,451.89,144.6,63.0
29189,523.02,507.8,1967.2,862.6
29195,766.92,755.5,30.9,13.4
29197,308.16,307.3,14.4,6.8
29199,439.3,436.67,11.1,5.4
29201,425.86,419.99,93.3,40.4
29203,1004.0,1003.82,8.4,4.1
29205,502.32,500.86,12.7,6.4
29207,829.02,823.22,36.4,16.5
29209,510.78,464.03,69.4,43.9
29211,651.5,647.98,10.4,5.2
29213,651.64,632.44,81.7,46.3
29215,1179.22,1177.27,22.1,9.9
29217,836.83,826.4,25.6,11.5
29219,437.77,428.6,75.9,34.3
29221,762.49,759.91,33.2,14.5
29223,774.06,759.18,17.8,10.6
29225,593.76,592.56,61.1,24.3
29227,266.82,266.61,8.1,4.8
29229,683.14,681.77,27.6,12.8
29510,66.03,61.91,5157.5,2842.9
30001,5571.89,5541.62,1.7,1.0
30003,5014.61,4995.46,2.6,0.9
30005,4238.78,4227.55,1.5,0.7
30007,1238.76,1192.54,4.7,2.3
30009,2062.16,2048.79,4.9,3.1
30011,3348.28,3340.75,0.3,0.2
30013,2711.48,2698.16,30.1,13.8
30015,3996.73,3972.49,1.5,0.7
30017,3793.22,3783.36,3.1,1.5
30019,1426.5,1426.1,1.2,0.8
30021,2383.17,2371.86,3.8,1.8
30023,741.2,736.53,12.6,7.0
30025,1623.06,1620.77,1.8,0.9
30027,4350.41,4339.8,2.7,1.3
30029,5256.44,5087.66,17.9,9.2
30031,2632.07,2602.69,34.4,16.2
30033,4847.47,4675.36,0.3,0.2
30035,3036.92,2995.94,4.5,1.8
30037,1176.34,1175.34,0.8,0.4
30039,1733.05,1727.41,1.8,1.6
30041,2916.02,2898.95,5.6,2.5
30043,1658.84,1656.26,6.9,3.1
30045,1870.62,1869.82,1.1,0.7
30047,1653.72,1490.15,19.3,11.1
30049,3497.72,3458.83,18.3,8.7
30051,1447.18,1430.05,1.6,0.7
30053,3675.13,3612.92,5.4,3.2
30055,2682.82,2643.17,0.7,0.4
30057,3602.79,3587.48,2.1,1.9
30059,2394.76,2391.91,0.8,0.6
30061,1223.26,1219.44,3.5,2.0
30063,2618.32,2593.42,42.1,19.3
30065,1870.91,1868.16,2.4,1.4
30067,2813.49,2803.06,5.6,3.3
30069,1673.8,1654.87,0.3,0.2
30071,5211.88,5140.04,0.8,0.5
30073,1639.84,1622.86,3.8,1.6
30075,3297.9,3297.3,0.5,0.3
30077,2332.65,2326.39,3.0,1.3
30079,1742.57,1736.74,0.7,0.4
30081,2400.2,2390.82,16.8,8.2
30083,2103.29,2084.14,4.7,2.2
30085,2369.42,2354.79,4.4,1.7
30087,5027.01,5010.4,1.8,0.8
30089,2789.98,2760.52,4.1,2.4
30091,1706.09,1677.08,2.0,1.2
30093,719.05,718.48,47.6,23.3
30095,1804.58,1795.35,5.1,2.7
30097,1862.03,1855.2,2.0,1.2
30099,2292.52,2272.37,2.7,1.3
30101,1945.77,1915.65,2.8,1.2
30103,984.02,977.4,0.7,0.4
30105,5061.79,4925.82,1.5,1.0
30107,1428.24,1423.19,1.5,0.8
30109,889.93,889.26,1.1,0.6
30111,2649.03,2633.29,56.2,24.3
31001,564.23,563.27,55.7,23.7
31003,858.59,857.22,7.8,3.8
31005,718.31,715.35,0.6,0.4
31007,746.27,746.11,0.9,0.5
31009,714.52,710.87,0.7,0.5
31011,687.22,686.55,8.0,3.9
31013,1077.84,1075.29,10.5,5.1
31015,544.53,539.94,3.9,2.6
31017,1225.12,1221.33,2.6,1.5
31019,975.4,968.11,47.6,19.7
31021,497.06,491.58,14.0,7.1
31023,590.81,584.91,14.4,6.9
31025,565.89,557.45,45.3,19.9
31027,745.85,740.31,12.0,5.6
31029,897.5,894.42,4.4,2.2
31031,6009.33,5960.42,1.0,0.5
31033,1196.4,1196.29,8.4,4.1
31035,573.54,572.29,11.4,5.2
31037,416.52,411.66,25.5,10.0
31039,574.65,570.62,16.0,7.4
31041,2575.88,2575.52,4.2,2.2
31043,267.42,264.25,79.5,28.9
31045,1401.07,1396.46,6.6,3.0
31047,1019.43,1013.1,24.0,10.0
31049,440.71,439.85,4.4,2.4
31051,482.9,476.23,12.6,5.6
31053,543.0,528.71,69.4,31.4
31055,339.35,328.45,1574.4,668.5
31057,920.85,919.68,2.2,1.2
31059,576.52,575.37,10.2,5.1
31061,576.0,575.82,5.6,3.0
31063,980.08,974.59,2.8,1.6
31065,720.64,719.13,6.9,3.8
31067,859.96,851.49,26.2,12.3
31069,1730.88,1704.28,1.2,0.8
31071,571.38,569.79,3.6,2.1
31073,462.72,458.16,4.5,2.8
31075,783.22,776.22,0.8,0.5
31077,570.66,569.81,4.5,2.3
31079,552.14,546.29,107.3,43.1
31081,547.02,542.88,16.8,7.3
31083,574.06,553.47,6.2,4.3
31085,713.28,713.06,1.4,0.7
31087,718.48,709.94,4.1,2.5
31089,2417.5,2412.4,4.3,2.2
31091,721.46,721.12,1.0,0.6
31093,575.59,569.34,11.0,5.2
31095,575.67,570.18,13.2,6.9
31097,376.73,376.05,13.9,5.8
31099,516.35,516.24,12.6,5.6
31101,1109.74,1061.6,7.9,5.1
31103,773.92,773.07,1.1,0.7
31105,952.41,951.85,4.0,2.1
31107,1139.72,1108.35,7.9,4.3
31109,846.38,837.55,340.8,144.3
31111,2575.13,2564.07,14.2,6.5
31113,571.12,570.66,1.3,0.7
31115,571.1,568.29,1.1,0.7
31117,860.01,858.98,0.6,0.3
31119,575.45,572.74,60.9,26.2
31121,494.5,484.88,16.2,7.6
31123,1429.86,1423.84,3.5,1.7
31125,448.23,441.63,8.5,4.1
31127,409.6,407.38,17.8,8.6
31129,575.82,575.16,7.8,4.3
31131,619.02,615.63,25.6,11.4
31133,432.95,431.07,6.4,3.7
31135,884.43,883.34,3.4,1.6
31137,540.43,539.79,17.0,7.7
31139,574.59,573.25,12.7,5.6
31141,684.59,674.06,47.8,19.8
31143,440.64,438.34,12.3,6.2
31145,718.01,716.99,15.4,7.3
31147,554.57,551.84,15.2,8.0
31149,1011.72,1008.32,1.5,0.9
31151,576.31,574.02,24.7,10.0
31153,247.52,238.99,664.6,259.2
31155,759.82,750.23,27.7,12.3
31157,745.36,739.4,50.0,22.2
31159,575.89,571.43,29.3,12.0
31161,2469.8,2440.86,2.2,1.2
31163,571.64,565.83,5.6,3.4
31165,2067.46,2066.74,0.6,0.4
31167,431.0,427.95,14.3,6.2
31169,574.98,573.81,9.1,4.8
31171,714.02,713.24,0.9,0.6
31173,396.08,393.58,17.6,6.1
31175,570.46,568.05,7.5,4.0
31177,393.2,389.96,51.9,21.3
31179,443.33,442.91,21.7,8.5
31181,575.04,574.91,6.6,3.3
31183,575.59,575.18,1.4,1.0
31185,575.83,572.51,23.9,10.9
32001,5024.06,4930.46,5.0,2.2
32003,8060.81,7891.43,247.3,106.5
32005,737.64,709.72,66.2,33.4
32007,17202.95,17169.83,2.8,1.1
32009,3589.04,3581.88,0.2,0.2
32011,4179.96,4175.68,0.5,0.3
32013,9657.82,9640.76,1.7,0.7
32015,5519.49,5490.1,1.1,0.5
32017,10636.99,10633.2,0.5,0.3
32019,2024.2,2001.19,26.0,11.3
32021,3812.98,3752.84,1.3,0.8
32023,18198.61,18181.92,2.4,1.2
32027,6067.43,6036.56,1.1,0.4
32029,263.64,262.92,15.3,7.6
32031,6542.21,6302.37,66.9,29.3
32033,8896.76,8875.65,1.1,0.5
32510,157.24,144.66,382.1,162.7
33001,468.58,400.23,150.1,93.4
33003,992.43,931.06,51.4,42.8
33005,729.1,706.66,109.1,49.2
33007,1829.73,1794.69,18.4,11.9
33009,1749.55,1708.75,52.2,29.9
33011,892.21,876.14,457.4,189.5
33013,956.45,934.12,156.8,68.0
33015,795.11,694.72,425.0,182.4
33017,384.0,368.97,333.7,140.1
33019,551.99,537.31,81.4,41.6
34001,671.83,555.7,494.1,227.9
34003,246.67,233.01,3884.5,1512.3
34005,819.84,798.58,561.9,219.9
34007,227.29,221.26,2321.5,926.2
34009,620.42,251.42,386.9,391.0
34011,677.62,483.7,324.4,115.4
34013,129.63,126.21,6211.5,2479.6
34015,337.18,322.01,895.3,341.0
34017,62.31,46.19,13731.4,5852.5
34019,437.44,427.82,300.0,115.7
34021,228.89,224.56,1632.2,637.6
34023,322.83,308.91,2621.6,954.3
34025,665.32,468.79,1344.7,551.2
34027,481.62,460.18,1069.8,412.5
34029,915.4,628.78,917.0,442.2
34031,197.11,184.59,2715.3,953.3
34033,372.33,331.9,199.1,82.6
34035,304.86,301.81,1071.7,408.0
34037,535.74,519.01,287.6,119.6
34039,105.4,102.85,5216.1,1939.5
34041,362.86,356.92,304.5,125.9
35001,1167.19,1160.83,570.8,244.9
35003,6929.17,6923.69,0.5,0.5
35005,6075.12,6065.27,10.8,4.4
35006,4541.73,4539.48,6.0,2.4
35007,3768.22,3758.06,3.7,2.7
35009,1407.95,1404.8,34.4,14.3
35011,2333.88,2322.62,0.9,0.6
35013,3814.38,3807.51,55.0,21.4
35015,4197.52,4175.73,12.9,5.4
35017,3967.55,3961.63,7.4,3.7
35019,3031.6,3030.48,1.5,0.8
35021,2125.89,2125.44,0.3,0.2
35023,3445.99,3436.86,1.4,0.7
35025,4394.2,4390.93,14.7,5.7
35027,4831.31,4831.09,4.2,3.6
35028,109.26,109.17,164.4,76.5
35029,2965.36,2965.19,8.5,3.7
35031,5455.28,5449.81,13.1,4.7
35033,1933.62,1931.27,2.5,1.7
35035,6627.5,6613.21,9.6,4.7
35037,2881.58,2874.35,3.1,1.9
35039,5896.15,5860.84,6.9,3.4
35041,2454.65,2447.43,8.1,3.3
35043,3715.94,3710.65,35.5,14.1
35045,5538.42,5513.07,23.6,8.9
35047,4735.66,4715.82,6.2,3.3
35049,1910.87,1909.41,75.5,37.3
35051,4236.22,4178.96,2.9,2.0
35053,6648.75,6646.68,2.7,1.2
35055,2204.42,2203.11,15.0,9.2
35057,3345.73,3344.85,4.9,2.3
35059,3830.87,3823.74,1.2,0.6
35061,1068.29,1066.17,71.8,28.2
36001,533.3,522.8,581.9,263.5
36003,1034.39,1029.31,47.6,25.4
36005,57.48,42.1,32903.3,12160.1
36007,715.51,705.77,284.2,128.3
36009,1322.49,1308.35,61.4,31.4
36011,863.67,691.58,115.7,52.8
36013,1500.18,1060.23,127.2,63.1
36015,410.78,407.35,218.1,94.2
36017,898.63,893.55,56.5,27.7
36019,1117.53,1037.85,79.1,34.6
36021,648.27,634.71,99.4,51.6
36023,501.52,498.76,98.9,41.3
36025,1467.45,1442.44,33.3,21.6
36027,825.35,795.63,373.9,149.1
36029,1226.85,1042.69,881.4,402.8
36031,1916.23,1794.23,21.9,14.3
36033,1697.47,1629.12,31.7,15.5
36035,532.88,495.47,112.1,57.6
36037,495.31,492.94,121.9,51.9
36039,658.05,647.16,76.1,45.1
36041,1807.8,1717.37,2.8,5.1
36043,1457.96,1411.47,45.7,23.6
36045,1857.22,1268.59,91.6,45.7
36047,96.92,70.82,35369.2,14125.3
36049,1289.96,1274.68,21.3,11.9
36051,640.26,631.76,103.5,42.9
36053,661.28,654.84,112.2,48.5
36055,1366.73,657.21,1132.6,487.8
36057,410.36,403.04,124.6,57.2
36059,453.23,284.72,4704.8,1645.0
36061,33.59,22.83,69468.4,37106.4
36063,1139.67,522.36,414.4,189.8
36065,1257.66,1212.43,193.7,85.9
36067,805.62,778.39,600.0,260.0
36069,662.53,644.07,167.6,74.8
36071,838.64,811.69,459.3,168.8
36073,817.42,391.26,109.6,47.1
36075,1312.08,951.65,128.3,56.3
36077,1015.75,1001.7,62.2,30.7
36079,246.25,230.31,432.9,166.0
36081,178.21,108.53,20553.6,7694.7
36083,665.39,652.43,244.4,109.6
36085,102.29,58.37,8030.3,3026.5
36087,199.34,173.55,1795.9,599.6
36089,2821.44,2680.38,41.8,19.4
36091,843.81,809.98,271.1,121.8
36093,209.39,204.52,756.6,333.5
36095,626.33,621.82,52.7,27.7
36097,342.33,328.33,55.9,28.8
36099,390.44,323.71,108.9,49.6
36101,1404.08,1390.56,71.2,35.1
36103,2373.13,912.05,1637.4,624.9
36105,996.72,968.13,80.1,50.8
36107,522.88,518.6,98.6,42.8
36109,491.56,474.65,214.0,87.8
36111,1160.76,1124.24,162.3,74.4
36113,931.6,866.95,75.8,44.7
36115,845.89,831.18,76.1,34.7
36117,1383.05,603.83,155.3,68.0
36119,500.0,430.5,2204.7,861.4
36121,596.29,592.75,71.1,30.3
36123,375.79,338.14,75.0,39.9
37001,434.74,423.94,356.5,157.0
37003,263.65,259.99,143.1,62.3
37005,236.55,235.06,47.5,34.4
37007,537.09,531.45,50.7,21.8
37009,429.27,426.13,64.0,40.7
37011,247.23,247.09,72.0,56.2
37013,958.22,827.19,57.7,29.8
37015,741.25,699.27,30.4,14.0
37017,887.16,874.33,40.2,20.3
37019,1049.82,846.97,126.8,91.5
37021,660.14,656.67,362.9,172.6
37023,515.08,507.1,179.3,80.6
37025,364.46,361.75,492.1,198.9
37027,474.31,471.57,176.1,79.9
37029,310.21,240.56,41.5,17.1
37031,1340.63,506.25,131.3,95.2
37033,428.25,424.92,55.8,25.0
37035,413.42,398.72,387.1,170.3
37037,709.83,682.19,93.1,42.1
37039,466.72,455.43,60.3,38.5
37041,233.3,172.47,85.8,42.3
37043,220.63,214.75,49.3,33.2
37045,468.25,464.25,211.3,93.4
37047,953.64,937.29,62.0,27.8
37049,774.16,708.96,146.0,63.5
37051,658.37,652.31,489.7,207.8
37053,526.59,261.85,89.9,55.2
37055,1562.56,383.42,88.5,87.4
37057,567.02,552.67,294.7,131.5
37059,267.09,264.11,156.1,69.1
37061,821.67,816.22,71.7,31.5
37063,297.87,285.98,935.7,420.4
37065,506.65,505.34,111.9,49.2
37067,412.7,408.15,859.2,384.4
37069,494.5,491.68,123.3,54.1
37071,364.1,356.03,578.8,249.1
37073,345.69,340.44,35.8,15.3
37075,301.67,292.08,30.3,20.3
37077,536.5,531.57,112.7,42.9
37079,266.4,265.93,80.3,30.9
37081,657.63,645.7,756.4,337.6
37083,731.18,724.09,75.5,35.6
37085,601.3,594.99,192.7,78.5
37087,554.62,553.69,106.6,63.1
37089,375.23,373.07,286.1,146.6
37091,360.35,353.06,69.9,30.1
37093,392.3,390.74,120.2,46.6
37095,1424.03,612.7,9.5,5.5
37097,596.9,573.83,277.8,120.3
37099,494.54,490.75,82.1,52.9
37101,795.5,791.3,213.4,85.5
37103,473.22,470.71,21.6,10.3
37105,259.04,254.96,227.0,94.7
37107,402.82,400.59,148.5,68.5
37109,307.04,297.94,262.7,112.9
37111,446.0,440.61,102.1,47.2
37113,519.69,515.56,65.8,49.0
37115,451.44,449.57,46.2,23.6
37117,461.51,461.22,53.1,25.4
37119,545.91,523.84,1755.5,760.7
37121,222.09,221.42,70.4,39.3
37123,501.79,491.76,56.5,32.4
37125,705.85,697.84,126.5,63.0
37127,542.77,540.41,177.3,78.2
37129,328.2,191.53,1058.1,529.6
37131,550.6,536.59,41.2,21.8
37133,905.91,762.74,233.1,89.4
37135,401.43,397.96,336.2,139.7
37137,566.75,336.54,39.1,22.4
37139,289.44,226.88,179.2,74.2
37141,932.79,869.79,60.0,30.7
37143,328.97,247.09,54.4,28.3
37145,404.08,392.32,100.6,46.4
37147,654.82,651.97,257.9,115.0
37149,238.54,237.79,86.3,48.1
37151,789.35,782.52,181.1,78.0
37153,479.92,473.82,98.4,43.8
37155,950.99,949.22,141.3,55.6
37157,572.71,565.55,165.6,77.3
37159,523.72,511.37,270.7,117.7
37161,565.85,564.15,120.2,60.1
37163,946.6,944.74,67.1,28.8
37165,320.32,318.84,113.4,47.7
37167,404.84,395.09,153.3,68.6
37169,455.63,448.86,105.6,48.8
37171,536.3,532.17,138.4,63.3
37173,540.64,528.0,26.5,16.5
37175,380.51,378.53,87.4,50.6
37177,594.22,389.03,11.3,5.3
37179,639.53,631.52,318.7,115.4
37181,269.82,253.52,179.2,79.2
37183,857.32,835.22,1078.8,445.2
37185,443.76,428.46,48.9,27.6
37187,423.85,348.13,38.0,18.6
37189,313.45,312.56,163.4,102.8
37191,556.85,553.09,221.7,95.7
37193,756.92,754.28,91.9,43.8
37195,373.73,368.17,220.6,96.5
37197,337.51,334.83,114.7,51.8
37199,313.16,312.6,57.0,35.3
38001,988.71,987.62,2.4,1.4
38003,1513.4,1491.55,7.4,3.8
38005,1439.5,1388.71,4.8,2.1
38007,1153.48,1148.85,0.7,0.4
38009,1697.35,1668.42,3.9,2.6
38011,1167.05,1161.81,2.7,1.4
38013,1128.92,1103.57,1.8,1.2
38015,1668.3,1632.65,49.8,21.9
38017,1767.9,1764.94,84.9,38.5
38019,1509.96,1488.75,2.7,1.6
38021,1142.13,1131.47,4.7,2.3
38023,1294.23,1260.79,1.6,1.1
38025,2082.04,2008.46,1.8,1.1
38027,644.11,630.17,3.8,2.1
38029,1555.02,1510.43,2.4,1.4
38031,646.82,635.45,5.3,2.8
38033,1002.39,1000.79,1.7,1.0
38035,1439.5,1436.38,46.5,20.4
38037,1665.92,1659.14,1.4,1.0
38039,716.44,708.81,3.4,2.1
38041,1133.78,1132.22,2.2,1.2
38043,1432.91,1351.19,1.8,1.2
38045,1150.89,1145.94,3.6,2.0
38047,1011.24,992.82,2.0,1.2
38049,1911.54,1873.95,2.9,1.6
38051,994.74,974.73,2.9,1.9
38053,2860.78,2760.32,2.3,1.1
38055,2328.02,2110.88,4.2,2.6
38057,1112.49,1042.96,8.1,4.3
38059,1945.45,1926.27,14.3,6.3
38061,1941.57,1825.3,4.2,2.3
38063,1008.82,981.77,3.2,2.0
38065,731.19,722.51,2.6,1.3
38067,1121.4,1118.69,6.6,3.4
38069,1082.33,1018.6,4.3,2.2
38071,1300.91,1186.85,9.6,4.7
38073,863.74,862.36,6.3,3.1
38075,892.75,877.05,2.8,1.6
38077,1445.45,1435.78,11.4,5.2
38079,939.34,903.08,15.4,5.9
38081,866.9,858.51,4.5,2.3
38083,1005.64,972.38,1.4,0.9
38085,1128.25,1094.09,3.8,1.2
38087,1219.16,1214.92,0.6,0.4
38089,1340.19,1334.74,18.1,8.0
38091,715.46,712.22,2.8,1.6
38093,2297.91,2221.72,9.5,4.4
38095,1041.48,1024.56,2.2,1.4
38097,862.51,861.95,9.4,4.4
38099,1294.1,1281.93,8.7,4.3
38101,2055.96,2013.28,30.6,13.3
38103,1290.37,1271.05,3.3,2.0
38105,2147.87,2077.4,10.8,5.0
39001,586.25,583.87,48.9,22.2
39003,406.85,402.5,264.2,111.8
39005,426.8,422.95,125.6,52.3
39007,1367.9,701.93,144.6,65.7
39009,508.44,503.6,128.6,52.4
39011,401.91,401.39,114.5,48.8
39013,541.27,532.13,132.3,61.0
39015,493.45,490.02,91.5,39.4
39017,470.13,467.06,788.2,317.5
39019,398.93,394.61,73.1,34.7
39021,429.83,428.67,93.5,39.1
39023,402.53,397.47,348.0,154.5
39025,459.77,452.1,436.5,178.4
39027,412.29,408.68,102.9,44.4
39029,534.69,531.89,202.7,88.5
39031,567.48,563.91,65.4,29.3
39033,402.7,401.79,109.0,50.2
39035,1245.59,457.19,2800.0,1360.0
39037,599.76,598.1,88.5,38.0
39039,414.19,411.46,94.9,40.7
39041,457.33,443.1,393.2,149.8
39043,625.99,251.56,306.4,150.4
39045,508.56,504.41,289.8,116.3
39047,407.02,406.36,71.4,31.2
39049,543.51,532.19,2186.1,990.6
39051,407.23,405.44,105.3,42.9
39053,471.2,466.53,66.3,29.8
39055,408.29,400.16,233.4,91.4
39057,416.26,413.73,390.5,164.9
39059,528.3,522.25,76.8,36.8
39061,412.63,405.91,1976.7,929.7
39063,533.66,531.36,140.7,62.4
39065,470.65,470.4,68.1,27.8
39067,410.77,402.34,39.4,20.3
39069,419.75,416.01,67.8,28.8
39071,557.79,553.08,78.8,35.0
39073,423.63,421.32,69.7,31.8
39075,423.98,422.53,100.3,32.3
39077,494.82,491.49,121.3,51.3
39079,421.53,420.3,79.0,34.7
39081,410.95,408.33,170.7,80.4
39083,529.63,525.49,115.9,47.8
39085,979.2,227.49,1011.2,444.9
39087,457.27,453.37,137.7,60.9
39089,687.49,682.5,243.9,101.5
39091,466.77,458.43,100.0,50.6
39093,923.33,491.1,613.6,258.7
39095,595.88,340.86,1296.2,594.5
39097,466.63,465.88,93.2,34.2
39099,425.29,411.62,580.2,271.7
39101,404.11,403.76,164.7,68.9
39103,423.02,421.36,409.0,164.2
39105,433.0,430.1,55.3,26.0
39107,473.42,462.45,88.3,38.1
39109,409.66,406.58,252.1,108.8
39111,457.46,455.72,32.1,16.6
39113,464.33,461.55,1159.5,552.0
39115,421.78,416.42,36.2,19.0
39117,407.22,406.08,85.8,34.9
39119,672.58,664.58,129.5,57.3
39121,404.57,398.01,36.8,15.2
39123,585.06,254.92,162.5,109.5
39125,418.85,416.44,47.1,21.0
39127,412.49,407.97,88.4,37.3
39129,506.55,501.32,111.1,42.4
39131,443.98,440.28,65.2,28.3
39133,504.06,487.38,331.2,138.4
39135,426.46,424.12,99.7,42.2
39137,484.3,482.52,71.5,28.5
39139,500.08,495.27,251.3,110.2
39141,693.02,689.19,113.3,46.6
39143,417.71,408.45,149.2,64.6
39145,616.15,610.21,130.3,56.0
39147,552.79,551.02,103.0,43.8
39149,410.69,407.68,121.2,49.5
39151,580.53,575.27,652.9,287.2
39153,420.06,412.75,1312.6,593.8
39155,636.57,618.3,340.1,155.5
39157,571.45,567.64,163.1,70.8
39159,436.87,431.73,121.1,45.0
39161,410.43,409.16,70.3,30.8
39163,414.98,412.36,32.6,15.3
39165,407.31,401.31,530.0,201.2
39167,640.0,631.97,97.8,44.9
39169,556.82,554.93,206.4,82.6
39171,423.09,420.97,89.4,39.6
39173,620.49,617.2,203.3,86.5
39175,407.55,406.86,55.6,24.3
40001,577.05,573.48,39.6,15.9
40003,881.34,866.45,6.5,3.2
40005,989.91,975.52,14.5,6.5
40007,1817.51,1814.67,3.1,1.5
40009,903.94,901.81,24.5,10.7
40011,938.79,928.42,12.9,5.6
40013,943.94,904.47,46.9,21.7
40015,1290.19,1278.29,23.2,10.3
40017,905.6,896.63,128.9,51.1
40019,833.76,822.18,57.8,25.7
40021,776.29,749.41,62.7,28.6
40023,799.57,770.36,19.7,9.8
40025,1840.89,1834.74,1.3,0.9
40027,558.09,538.77,474.7,194.6
40029,521.35,516.68,11.5,5.4
40031,1083.7,1069.29,116.1,47.5
40033,641.96,632.65,9.8,4.8
40035,762.78,761.35,19.7,8.9
40037,969.83,950.14,73.6,31.3
40039,1002.07,988.82,27.8,12.3
40041,792.31,738.18,56.2,33.6
40043,1008.24,999.48,4.8,2.4
40045,1231.88,1231.52,3.4,1.9
40047,1060.06,1058.47,57.2,25.3
40049,813.69,802.12,34.4,16.0
40051,1104.9,1100.5,47.6,20.2
40053,1003.58,1000.87,4.5,2.5
40055,643.63,639.32,9.8,4.3
40057,538.66,537.19,5.4,2.9
40059,1041.05,1039.02,3.5,1.8
40061,625.27,576.52,22.1,10.5
40063,814.88,804.65,17.4,7.7
40065,804.24,802.65,32.9,15.0
40067,774.08,758.83,8.5,4.5
40069,658.24,642.94,17.0,8.0
40071,944.97,919.73,50.6,23.6
40073,906.02,898.16,16.7,7.1
40075,1030.7,1015.23,9.3,5.1
40077,729.11,722.08,15.4,6.9
40079,1608.53,1589.21,31.7,13.5
40081,965.68,952.31,36.0,16.0
40083,748.83,743.83,56.3,23.1
40085,532.39,514.0,18.3,8.8
40087,580.25,570.7,60.5,24.5
40089,1902.38,1850.01,17.9,8.4
40091,712.29,618.5,32.7,21.6
40093,957.94,954.99,7.9,3.8
40095,426.93,371.08,42.7,27.0
40097,683.51,655.39,63.0,29.4
40099,425.09,416.46,32.4,16.2
40101,839.78,810.45,87.6,38.1
40103,742.54,731.9,15.8,7.3
40105,580.78,565.78,18.6,8.5
40107,628.87,618.57,19.7,8.5
40109,718.37,708.82,1013.8,451.2
40111,702.33,697.35,57.5,25.7
40113,2303.97,2246.36,21.1,9.4
40115,484.61,470.82,67.6,29.9
40117,594.76,567.95,29.2,13.6
40119,696.97,684.7,113.0,49.6
40121,1377.83,1305.46,35.1,17.3
40123,725.22,720.44,52.0,23.0
40125,793.4,787.67,88.2,37.0
40127,1422.86,1395.84,8.3,4.4
40129,1146.42,1141.14,3.2,1.7
40131,711.5,675.63,128.6,52.0
40133,640.47,632.84,40.3,18.4
40135,714.15,673.27,63.0,27.7
40137,891.36,870.24,51.8,23.7
40139,2048.68,2041.26,10.1,4.0
40141,879.2,871.13,9.2,4.7
40143,587.02,570.25,1058.1,470.7
40145,590.68,561.56,130.1,52.9
40147,424.27,415.45,122.7,56.4
40149,1008.8,1003.17,11.6,5.5
40151,1289.96,1286.45,6.9,3.5
40153,1246.14,1242.4,16.2,7.1
41001,3088.37,3068.36,5.3,2.9
41003,678.61,675.94,126.6,53.6
41005,1882.61,1870.32,201.0,83.9
41007,1084.38,829.05,44.7,26.0
41009,688.33,657.36,75.1,31.5
41011,1806.36,1596.17,39.5,19.2
41013,2987.27,2979.09,7.0,3.4
41015,1988.34,1627.46,13.7,7.8
41017,3054.77,3018.19,52.3,26.6
41019,5133.77,5036.07,21.4,9.7
41021,1222.84,1204.81,1.6,1.0
41023,4529.27,4528.54,1.6,1.0
41025,10226.41,10133.17,0.7,0.4
41027,533.19,521.95,42.8,17.8
41029,2801.65,2783.55,73.0,32.7
41031,1790.91,1780.78,12.2,5.5
41033,1641.85,1639.67,50.4,23.2
41035,6135.55,5941.05,11.2,5.5
41037,8358.26,8138.98,1.0,0.5
41039,4721.87,4553.12,77.2,34.3
41041,1193.78,979.77,47.0,31.2
41043,2308.96,2290.13,50.9,21.3
41045,9929.7,9887.53,3.2,1.2
41047,1192.5,1182.33,266.7,102.3
41049,2048.51,2031.61,5.5,2.2
41051,465.6,431.3,1704.9,753.2
41053,743.91,740.79,101.8,40.9
41055,831.19,823.69,2.1,1.1
41057,1332.76,1102.58,22.9,16.7
41059,3231.41,3215.51,23.6,9.2
41061,2038.53,2036.61,12.6,5.6
41063,3151.67,3146.19,2.2,1.3
41065,2395.4,2381.52,10.6,4.8
41067,726.42,724.23,731.4,293.3
41069,1715.23,1714.75,0.8,0.5
41071,718.34,715.86,138.6,51.8
42001,521.79,518.67,195.5,78.7
42003,744.52,730.07,1675.6,807.0
42005,663.84,653.2,105.5,49.8
42007,444.04,434.71,392.3,179.9
42009,1016.91,1012.3,49.2,23.7
42011,865.76,856.51,480.4,192.4
42013,527.07,525.8,241.7,107.0
42015,1161.02,1147.4,54.6,26.1
42017,621.87,604.31,1034.7,407.0
42019,794.75,788.6,233.1,99.1
42021,693.63,688.35,208.7,95.4
42023,398.42,396.23,12.8,11.2
42025,387.39,381.46,171.1,89.9
42027,1112.96,1109.92,138.7,57.0
42029,759.23,750.51,664.7,256.4
42031,609.84,600.83,66.6,33.2
42033,1153.96,1144.72,71.3,33.8
42035,896.93,887.98,44.2,21.5
42037,490.16,483.11,139.3,61.1
42039,1037.51,1012.3,87.7,44.1
42041,550.3,545.46,431.6,183.3
42043,558.18,525.05,510.6,229.3
42045,190.6,183.84,3040.5,1212.5
42047,832.31,827.36,38.6,21.3
42049,1558.23,799.15,351.1,149.1
42051,798.31,790.34,172.8,79.4
42053,430.5,427.19,18.1,20.5
42055,772.82,772.22,193.7,81.9
42057,438.06,437.55,33.9,16.3
42059,577.98,575.95,67.2,28.6
42061,889.27,874.64,52.5,25.6
42063,834.29,827.03,107.5,46.2
42065,656.8,652.43,69.3,34.4
42067,393.51,391.35,63.0,28.1
42069,464.91,459.08,467.1,210.9
42071,983.8,943.81,550.4,215.0
42073,362.72,358.18,254.4,114.4
42075,362.5,361.83,369.1,153.6
42077,348.24,345.17,1012.5,413.2
42079,906.26,890.33,360.4,167.1
42081,1243.84,1228.59,94.5,42.7
42083,984.22,979.2,44.4,21.7
42085,682.61,672.57,173.4,76.9
42087,414.72,411.03,113.6,52.4
42089,617.26,608.29,279.2,132.1
42091,487.19,483.04,1655.9,674.3
42093,132.33,130.24,140.3,61.2
42095,377.4,369.67,805.4,325.6
42097,477.52,458.37,206.2,98.4
42099,555.54,551.45,83.4,37.0
42101,142.71,134.1,11379.5,4997.5
42103,566.85,544.96,105.3,70.4
42105,1081.54,1081.32,16.1,12.0
42107,782.81,778.63,190.4,89.0
42109,331.52,328.71,120.8,48.8
42111,1080.93,1074.37,72.4,35.5
42113,452.49,449.94,14.3,14.0
42115,832.14,823.43,52.7,27.9
42117,1136.97,1133.79,37.0,18.8
42119,317.78,315.98,142.2,53.8
42121,682.84,674.28,81.5,40.7
42123,898.56,884.13,47.3,26.6
42125,860.91,856.99,242.5,108.5
42127,750.61,725.6,72.8,43.6
42129,1036.07,1027.55,355.4,163.7
42131,405.05,397.32,71.2,33.4
42133,910.72,904.18,481.1,197.6
44001,44.75,24.16,2064.0,862.8
44003,188.12,168.53,985.9,437.3
44005,313.59,102.39,809.6,408.2
44007,435.66,409.5,1530.3,646.7
44009,562.76,329.23,385.7,188.9
45001,510.99,490.48,51.8,24.6
45003,1080.6,1071.03,149.5,67.5
45005,412.42,408.09,25.5,11.0
45007,757.44,715.43,261.6,118.5
45009,395.56,393.37,40.6,19.6
45011,557.26,548.39,41.2,19.1
45013,923.4,576.28,281.5,161.4
45015,1229.24,1098.86,161.8,66.8
45017,392.48,381.15,39.8,19.3
45019,1358.0,916.09,382.3,185.6
45021,397.18,392.66,140.9,61.1
45023,586.16,580.66,57.1,25.3
45025,805.75,799.08,58.5,26.9
45027,695.65,606.94,57.6,28.8
45029,1133.29,1056.49,36.8,18.8
45031,566.8,561.15,122.4,54.0
45033,406.59,404.87,79.2,33.9
45035,575.81,573.23,238.2,96.3
45037,506.7,500.41,53.9,21.1
45039,709.88,686.28,34.9,17.0
45041,803.73,799.96,171.1,73.3
45043,1034.65,813.55,73.9,41.4
45045,794.87,785.12,574.7,249.0
45047,462.93,454.73,153.2,68.3
45049,562.71,559.9,37.7,16.3
45051,1255.0,1133.9,237.5,164.0
45053,699.36,655.32,37.8,15.7
45055,740.4,726.56,84.9,37.8
45057,555.12,549.16,139.6,59.5
45059,723.84,713.8,93.2,43.0
45061,411.23,410.18,46.9,19.0
45063,757.73,698.91,375.4,163.0
45065,393.87,359.13,28.5,15.2
45067,494.14,489.23,67.6,30.6
45069,485.27,479.67,60.3,25.2
45071,647.29,630.04,59.5,28.4
45073,673.51,626.33,118.6,61.9
45075,1127.9,1106.1,83.6,38.4
45077,512.03,496.41,240.2,103.2
45079,771.71,757.07,507.9,213.6
45081,461.82,452.78,43.9,20.5
45083,819.24,807.93,351.9,151.8
45085,682.08,665.07,161.6,69.2
45087,516.03,514.17,56.3,27.5
45089,937.04,934.16,36.8,16.4
45091,695.81,680.59,332.2,138.4
46003,712.75,708.42,3.8,1.9
46005,1264.81,1258.71,13.8,6.6
46007,1190.5,1184.71,2.9,1.1
46009,581.66,563.7,12.5,5.2
46011,804.94,792.21,40.3,16.6
46013,1730.95,1712.98,21.3,9.8
46015,846.48,817.24,6.4,3.0
46017,487.74,471.38,4.1,1.3
46019,2266.4,2249.9,4.5,2.1
46021,770.84,733.68,2.0,1.3
46023,1150.23,1097.49,8.3,3.5
46025,967.5,957.6,3.9,1.8
46027,417.24,412.19,33.6,13.7
46029,717.16,688.5,39.5,18.0
46031,2529.65,2469.69,1.6,0.6
46033,1559.12,1557.0,5.3,3.0
46035,436.92,435.56,44.8,20.3
46037,1091.09,1027.87,5.6,3.5
46039,636.61,622.69,7.0,3.5
46041,2445.28,2302.49,2.3,0.9
46043,433.67,431.8,7.0,3.3
46045,1151.07,1125.96,3.6,1.7
46047,1749.15,1739.92,4.1,2.4
46049,1005.96,981.75,2.4,1.2
46051,687.54,681.46,10.8,5.2
46053,1053.53,1014.96,4.2,2.5
46055,1826.92,1810.53,1.1,0.6
46057,538.07,507.23,11.6,5.4
46059,1440.18,1436.61,2.4,1.3
46061,435.37,434.51,7.7,2.7
46063,2677.92,2671.37,0.5,0.3
46065,800.73,741.56,23.0,10.3
46067,814.42,812.9,9.0,4.1
46069,866.14,860.52,1.7,0.8
46071,1871.29,1863.91,1.6,0.6
46073,532.67,526.23,3.9,2.0
46075,970.89,969.68,1.0,0.6
46077,863.76,832.24,6.2,3.3
46079,575.16,563.28,19.9,9.9
46081,800.31,800.04,30.1,15.9
46083,577.75,577.28,77.7,31.0
46085,1706.67,1641.94,2.3,1.0
46087,576.87,574.2,9.8,4.3
46089,1151.54,1136.64,2.2,1.2
46091,886.22,838.07,5.6,3.0
46093,3482.85,3470.98,7.3,3.2
46095,1310.87,1307.31,1.6,0.6
46097,571.93,570.31,4.2,2.3
46099,813.86,807.15,210.0,88.7
46101,520.81,519.39,12.5,5.4
46103,2784.26,2776.55,36.4,16.2
46105,2889.99,2870.48,1.0,0.6
46107,898.67,861.14,2.7,1.7
46109,1135.77,1101.04,9.2,4.5
46111,570.48,569.32,4.1,2.1
46113,2096.65,2093.9,6.5,1.7
46115,1509.74,1503.93,4.3,2.1
46117,1517.17,1444.43,2.1,1.0
46119,1070.29,1006.82,1.4,0.8
46121,1390.82,1388.56,6.9,2.3
46123,1617.57,1612.45,3.5,1.9
46125,617.69,617.06,13.5,6.4
46127,467.13,460.54,31.3,13.6
46129,744.62,708.63,7.7,4.2
46135,532.22,521.16,43.1,18.5
46137,1970.62,1961.27,1.4,0.5
47001,344.8,337.16,222.8,103.0
47003,474.79,473.64,95.1,38.8
47005,436.23,394.14,41.8,22.8
47007,406.75,406.42,31.7,14.1
47009,566.55,558.71,220.2,98.9
47011,331.45,328.76,301.0,125.9
47013,498.15,480.19,84.8,41.6
47015,265.7,265.64,52.0,22.7
47017,600.08,599.25,47.6,22.0
47019,347.63,341.2,168.3,81.3
47021,307.06,302.44,129.3,51.8
47023,285.96,285.74,60.0,24.4
47025,441.57,434.58,74.1,34.2
47027,259.34,236.54,33.2,18.1
47029,443.14,434.57,82.1,40.2
47031,434.55,428.96,123.1,54.6
47033,265.74,265.53,54.9,24.2
47035,684.82,681.03,82.3,41.3
47037,525.94,504.03,1243.3,563.4
47039,344.88,333.84,35.2,20.6
47041,328.99,304.35,61.5,30.9
47043,491.32,489.9,101.4,42.5
47045,526.53,512.33,74.8,32.6
47047,706.24,704.79,54.5,22.2
47049,498.93,498.61,36.0,18.0
47051,575.74,554.54,74.0,33.7
47053,603.65,602.74,82.4,36.5
47055,611.17,610.93,48.3,22.7
47057,302.46,280.6,80.7,38.8
47059,624.12,622.16,110.6,51.5
47061,361.12,360.53,38.0,17.7
47063,175.8,161.18,388.0,167.3
47065,575.88,542.43,620.3,278.6
47067,223.49,222.34,30.7,16.3
47069,670.38,667.77,40.8,16.2
47071,596.29,577.32,45.1,24.2
47073,499.6,486.98,116.7,55.2
47075,534.06,533.11,35.2,15.6
47077,525.88,520.07,53.4,24.6
47079,593.42,562.1,57.5,30.3
47081,612.63,612.5,40.3,16.8
47083,206.97,200.29,42.1,20.9
47085,556.7,530.98,34.9,16.7
47087,319.52,308.32,37.7,19.0
47089,314.3,274.08,187.6,85.7
47091,302.72,298.47,61.1,30.0
47093,525.87,508.22,850.5,383.6
47095,193.89,165.78,47.2,15.7
47097,507.58,471.99,58.9,23.8
47099,617.99,617.13,67.8,29.5
47101,282.49,282.09,43.1,19.4
47103,570.72,570.34,58.5,26.7
47105,247.37,229.22,211.8,94.8
47107,432.18,430.12,121.5,54.3
47109,563.61,562.86,46.3,21.2
47111,307.24,307.14,72.4,32.1
47113,558.63,557.12,176.4,75.2
47115,512.25,498.16,56.7,26.0
47117,376.16,375.46,81.5,34.9
47119,615.58,613.14,132.0,57.5
47121,216.75,195.12,60.2,28.8
47123,652.56,635.56,70.0,32.7
47125,543.83,539.18,319.6,130.0
47127,130.42,129.22,49.2,22.6
47129,522.49,522.18,42.1,17.1
47131,555.51,544.73,58.4,26.9
47133,434.83,433.48,50.9,23.7
47135,422.87,414.73,19.1,11.1
47137,174.49,162.98,31.2,21.2
47139,442.33,434.68,38.7,18.4
47141,402.56,401.1,180.3,79.5
47143,336.41,315.38,100.9,45.5
47145,394.98,360.71,150.2,71.3
47147,476.46,476.29,139.2,54.8
47149,624.05,619.36,424.0,166.2
47151,533.23,532.3,41.8,18.6
47153,266.04,265.86,53.1,24.0
47155,597.72,592.5,151.7,94.4
47157,785.02,763.17,1215.5,521.9
47159,325.37,314.29,61.0,27.1
47161,493.01,459.33,29.0,14.8
47163,429.71,413.36,379.4,178.4
47165,543.22,529.45,303.4,124.6
47167,473.31,458.37,133.3,50.6
47169,116.64,114.19,68.9,29.5
47171,186.49,186.17,98.4,47.4
47173,247.14,223.55,85.5,40.1
47175,274.53,273.42,20.3,9.7
47177,434.03,432.68,92.1,41.2
47179,329.8,326.46,376.7,175.4
47181,735.65,734.1,23.2,9.9
47183,581.78,580.36,60.3,26.7
47185,379.43,376.67,68.6,30.6
47187,583.77,582.6,314.4,117.6
47189,583.2,570.83,199.7,79.8
48001,1078.0,1062.6,55.0,18.9
48003,1501.08,1500.71,9.9,3.9
48005,864.71,797.78,108.8,44.6
48007,527.99,252.07,91.9,60.9
48009,925.42,903.11,10.0,4.5
48011,913.83,909.11,2.1,1.0
48013,1221.47,1219.54,36.8,14.5
48015,656.38,646.51,44.0,20.0
48017,827.48,826.8,8.7,3.4
48019,797.64,790.96,25.9,14.6
48021,895.55,888.15,83.5,33.0
48023,901.07,867.48,4.3,3.1
48025,880.33,880.24,36.2,12.1
48027,1087.84,1051.02,295.2,119.4
48029,1256.09,1239.82,1383.1,534.7
48031,713.43,709.25,14.8,7.8
48033,906.05,897.44,0.7,0.4
48035,1002.54,982.98,18.5,9.8
48037,922.97,885.01,104.6,43.5
48039,1608.59,1357.7,230.7,87.2
48041,591.24,585.45,332.8,132.7
48043,6192.25,6183.73,1.5,0.9
48045,901.57,900.0,1.8,1.1
48047,943.65,943.36,7.7,3.4
48049,956.95,944.43,40.3,19.4
48051,676.81,659.03,26.1,13.4
48053,1021.26,994.26,43.0,21.0
48055,547.16,545.26,69.8,25.2
48057,1032.68,506.84,42.2,22.5
48059,901.26,899.37,15.1,7.3
48061,1276.46,890.92,456.0,159.3
48063,203.23,195.83,63.3,28.9
48065,924.11,920.22,6.7,3.0
48067,960.32,936.96,32.5,15.3
48069,899.29,894.43,9.0,3.5
48071,871.18,597.14,58.8,22.3
48073,1062.19,1052.91,48.3,19.8
48075,713.72,696.4,10.1,4.1
48077,1116.75,1088.72,9.9,4.7
48079,775.24,775.15,4.0,1.8
48081,927.99,911.47,3.6,2.9
48083,1281.43,1261.95,7.0,4.4
48085,886.1,841.22,930.0,357.8
48087,919.32,918.44,3.3,1.8
48089,973.69,960.27,21.7,11.0
48091,574.88,559.48,193.9,84.2
48093,947.68,937.75,14.9,7.7
48095,993.69,983.8,4.2,1.7
48097,898.44,874.76,43.9,19.0
48099,1056.76,1052.07,71.7,23.9
48101,901.62,900.56,1.7,1.1
48103,785.72,785.07,5.6,2.1
48105,2807.35,2807.33,1.3,0.7
48107,901.69,900.2,6.7,3.2
48109,3813.01,3812.8,0.6,0.3
48111,1505.26,1503.26,4.5,1.9
48113,908.61,871.28,2718.0,1082.6
48115,902.13,900.31,15.4,5.8
48117,1498.38,1496.87,12.9,4.7
48119,277.93,256.83,20.4,9.6
48121,952.98,878.43,754.3,291.6
48123,910.49,908.98,22.1,10.1
48125,905.22,901.72,2.7,1.4
48127,1334.51,1328.88,7.5,3.3
48129,933.05,926.89,4.0,2.3
48131,1795.6,1793.48,6.6,3.1
48133,931.91,926.49,20.1,11.1
48135,901.78,897.69,152.8,59.1
48137,2119.87,2117.86,0.9,0.8
48139,951.75,935.49,159.9,58.1
48141,1014.96,1012.69,790.6,266.9
48143,1089.81,1083.07,35.0,15.7
48145,773.84,765.48,23.3,10.1
48147,898.88,890.84,38.1,15.9
48149,959.81,950.01,25.8,14.6
48151,901.75,898.94,4.4,2.5
48153,992.52,992.14,6.5,3.0
48155,707.68,704.4,1.9,1.1
48157,885.34,861.48,679.5,228.7
48159,294.77,284.39,37.3,20.3
48161,891.99,877.74,22.6,10.6
48163,1134.35,1133.5,15.2,5.2
48165,1502.86,1502.38,11.7,4.2
48167,873.81,378.36,769.9,350.2
48169,896.2,893.41,7.2,2.5
48171,1061.68,1058.21,23.5,12.1
48173,901.08,900.22,1.4,0.6
48175,859.37,852.01,8.5,4.4
48177,1069.85,1066.69,18.6,8.2
48179,929.33,925.97,24.3,11.0
48181,979.18,932.8,129.6,57.6
48183,275.76,273.3,445.4,181.2
48185,801.6,787.46,33.8,13.9
48187,714.81,711.3,184.9,70.3
48189,1004.78,1004.68,36.1,13.5
48191,904.1,883.49,3.8,2.2
48193,836.39,835.91,10.2,5.5
48195,920.41,919.81,6.1,2.5
48197,696.87,695.11,6.0,3.5
48199,897.55,890.57,61.3,25.4
48201,1777.48,1703.48,2402.4,938.5
48203,915.75,899.95,72.9,30.8
48205,1463.2,1462.03,4.1,1.3
48207,910.26,903.13,6.5,3.8
48209,679.92,677.98,231.7,87.6
48211,912.16,906.29,4.2,1.8
48213,948.33,873.75,89.9,45.3
48215,1582.91,1570.87,493.2,158.1
48217,985.72,958.86,36.6,16.8
48219,908.56,908.39,25.2,10.2
48221,436.83,420.64,121.7,59.3
48223,792.77,767.17,45.8,19.6
48225,1236.57,1230.91,19.3,9.4
48227,904.21,900.79,38.9,14.6
48229,4571.83,4570.98,0.8,0.3
48231,882.02,840.32,102.5,43.7
48233,894.95,887.42,25.0,12.0
48235,1051.63,1051.56,1.5,0.8
48237,920.13,910.66,9.9,4.5
48239,856.87,829.43,17.0,7.9
48241,969.7,938.85,38.0,17.9
48243,2264.63,2264.56,1.0,0.7
48245,1112.65,876.3,287.9,119.2
48247,1136.17,1136.14,4.7,2.1
48249,868.34,864.97,47.2,18.7
48251,734.46,724.69,208.3,78.3
48253,937.14,928.55,21.8,8.0
48255,753.55,747.56,19.8,7.6
48257,807.66,780.7,132.4,49.1
48259,663.03,662.45,50.4,21.2
48261,1945.8,1458.33,0.3,0.2
48263,902.92,902.51,0.9,0.6
48265,1107.28,1103.32,45.0,21.6
48267,1251.18,1250.99,3.7,2.7
48269,913.34,910.87,0.3,0.2
48271,1365.12,1360.05,2.6,1.4
48273,1090.21,881.31,36.4,14.5
48275,855.48,850.62,4.4,2.4
48277,933.1,907.19,54.9,24.8
48279,1017.72,1016.18,13.8,6.0
48281,713.93,712.84,27.6,12.2
48283,1494.23,1486.69,4.6,1.8
48285,970.44,969.71,19.9,10.7
48287,634.1,629.02,26.4,11.9
48289,1080.62,1073.15,15.7,8.9
48291,1176.34,1158.42,65.3,24.8
48293,933.16,905.29,25.8,11.6
48295,932.29,932.18,3.5,1.6
48297,1078.88,1039.7,11.1,5.8
48299,965.86,934.03,20.7,15.3
48301,676.71,668.93,0.1,0.1
48303,900.7,895.6,311.3,128.5
48305,893.48,891.87,6.6,3.0
48307,1073.43,1065.6,7.8,4.0
48309,1060.23,1037.1,226.5,91.7
48311,1156.79,1139.43,0.6,0.4
48313,472.43,466.07,29.3,10.9
48315,420.32,380.88,27.7,16.3
48317,915.69,914.94,5.2,2.0
48319,932.21,928.8,4.3,2.9
48321,1612.51,1100.28,33.4,17.1
48323,1291.78,1279.26,42.4,13.7
48325,1334.53,1325.36,34.7,13.6
48327,902.27,902.03,2.5,1.9
48329,902.05,900.3,152.0,60.4
48331,1021.77,1016.93,24.3,11.1
48333,749.77,748.26,6.6,3.8
48335,915.91,911.09,10.3,4.5
48337,938.28,930.91,21.2,10.9
48339,1076.88,1041.73,437.5,170.5
48341,909.62,899.69,24.3,8.8
48343,258.7,251.98,51.3,23.9
48345,989.81,989.56,1.2,0.8
48347,981.19,946.54,68.2,29.0
48349,1085.94,1009.63,47.3,20.0
48351,939.73,933.68,15.5,7.6
48353,913.95,912.0,16.7,7.8
48355,1165.6,838.48,405.8,168.2
48357,918.14,917.63,11.1,4.4
48359,1501.44,1500.53,1.4,0.6
48361,379.53,333.67,245.3,105.8
48363,985.51,951.79,29.5,16.0
48365,821.3,801.75,29.7,13.6
48367,910.09,903.48,129.4,51.6
48369,885.16,880.78,11.7,4.3
48371,4764.82,4763.85,3.3,1.2
48373,1109.66,1057.09,43.0,21.5
48375,921.99,908.37,133.3,52.0
48377,3855.92,3855.24,2.0,1.0
48379,258.83,229.45,47.6,23.0
48381,922.43,911.54,132.4,56.6
48383,1175.99,1175.3,2.9,1.2
48385,700.1,699.19,4.7,3.7
48387,1056.74,1036.58,12.4,6.6
48389,2642.09,2635.37,5.2,1.8
48391,818.24,770.44,9.6,4.8
48393,924.19,924.06,1.0,0.5
48395,865.35,855.68,19.4,9.9
48397,148.72,127.04,616.7,219.9
48399,1057.1,1050.94,10.0,5.0
48401,938.41,924.03,57.7,22.9
48403,576.65,491.39,22.0,16.3
48405,592.3,530.66,16.7,10.1
48407,627.91,569.24,46.3,23.2
48409,707.94,693.45,93.5,38.2
48411,1138.41,1135.3,5.4,2.8
48413,1310.66,1310.63,2.6,1.1
48415,907.54,905.44,18.7,7.7
48417,915.55,914.29,3.7,1.9
48419,834.62,795.58,32.0,14.9
48421,923.2,923.04,3.3,1.4
48423,949.72,921.45,227.6,94.8
48425,191.95,186.46,45.5,19.7
48427,1229.09,1223.18,49.8,16.0
48429,921.48,896.72,10.7,5.5
48431,923.52,923.45,1.2,0.7
48433,920.24,916.31,1.6,1.0
48435,1454.42,1453.93,2.8,1.4
48437,900.69,890.16,8.8,3.6
48439,902.3,863.61,2094.7,827.7
48441,919.3,915.55,143.6,60.9
48443,2358.07,2358.03,0.4,0.3
48445,890.94,888.84,14.2,5.4
48447,915.48,912.55,1.8,1.2
48449,425.64,406.05,79.6,29.7
48451,1540.55,1521.97,72.4,30.6
48453,1023.01,990.2,1034.4,445.6
48455,713.97,693.61,21.0,12.6
48457,935.62,924.5,23.5,11.4
48459,592.6,582.95,67.4,28.5
48461,1241.5,1241.32,2.7,1.2
48463,1558.63,1551.95,17.0,7.0
48465,3232.67,3144.75,15.5,5.9
48467,859.61,842.56,62.4,27.1
48469,888.84,882.14,98.4,40.1
48471,801.5,784.17,86.5,30.7
48473,517.82,513.43,84.1,30.8
48475,835.84,835.6,12.8,5.6
48477,621.75,603.95,55.8,25.7
48479,3375.59,3361.48,74.5,21.9
48481,1094.37,1086.15,38.0,15.8
48483,915.48,914.52,5.9,3.0
48485,633.12,627.78,209.5,88.5
48487,977.89,970.84,13.9,6.5
48489,784.27,590.55,37.5,11.9
48491,1134.44,1118.3,378.0,145.6
48493,808.41,803.73,53.4,20.9
48495,841.27,841.11,8.5,3.6
48497,922.58,904.42,65.4,26.3
48499,695.72,645.23,65.0,32.3
48501,799.72,799.71,9.9,3.7
48503,930.86,914.47,20.3,9.4
48505,1058.02,998.41,14.0,6.2
48507,1301.73,1297.41,9.0,3.3
49001,2591.94,2589.88,2.6,1.1
49003,6729.32,5745.55,8.7,3.0
49005,1173.02,1164.81,96.7,31.8
49007,1484.58,1478.49,14.5,6.5
49009,720.71,696.98,1.5,1.6
49011,633.96,298.78,1025.8,326.6
49013,3255.92,3240.94,5.7,2.9
49015,4471.81,4462.31,2.5,1.0
49017,5208.25,5175.12,1.0,0.7
49019,3683.68,3671.54,2.5,1.3
49021,3301.08,3296.68,14.0,6.0
49023,3406.4,3392.28,3.0,1.0
49025,4108.52,3990.23,1.8,1.5
49027,6827.89,6572.42,1.9,0.8
49029,610.91,609.2,15.5,4.9
49031,765.72,757.79,2.1,1.2
49033,1086.36,1028.77,2.2,2.8
49035,807.37,742.28,1387.1,490.4
49037,7933.15,7819.99,1.9,0.7
49039,1602.54,1590.15,17.5,6.5
49041,1918.4,1910.58,10.9,4.4
49043,1881.97,1871.71,19.4,14.2
49045,7286.08,6941.35,8.4,2.8
49047,4501.39,4479.69,7.3,2.7
49049,2144.11,2003.45,257.8,74.0
49051,1205.99,1175.5,20.0,9.0
49053,2429.95,2426.36,56.9,23.8
49055,2466.49,2460.68,1.1,0.6
49057,659.39,576.08,401.4,149.6
50001,807.76,766.33,48.0,21.9
50003,677.66,674.98,55.0,31.0
50005,657.54,648.86,48.1,24.6
50007,619.3,536.58,291.7,122.5
50009,675.29,663.6,9.5,7.6
50011,691.98,633.71,75.3,34.1
50013,194.67,81.81,85.2,61.7
50015,463.69,458.8,53.3,28.3
50017,692.27,687.03,42.1,21.6
50019,721.16,693.27,39.3,23.3
50021,944.78,929.82,66.3,36.3
50023,695.42,687.23,86.6,43.6
50025,798.07,785.31,56.7,37.9
50027,976.78,969.34,58.5,35.2
51001,1310.04,449.5,73.8,46.7
51003,726.12,720.7,137.3,58.4
51005,448.75,445.46,36.5,18.1
51007,358.52,355.27,35.7,15.1
51009,478.85,473.93,68.3,29.5
51011,334.73,333.49,44.9,20.8
51013,26.07,25.97,7993.5,4058.0
51015,970.86,967.0,76.3,32.3
51017,534.58,529.16,8.9,6.2
51019,769.25,753.02,91.2,42.4
51021,358.73,357.72,19.1,9.1
51023,545.91,541.2,61.2,26.9
51025,569.38,566.17,30.8,14.4
51027,503.84,502.76,47.9,23.0
51029,583.56,579.66,29.6,12.5
51031,507.33,503.87,108.8,49.2
51033,536.87,527.51,54.1,22.2
51035,477.64,474.69,63.3,34.9
51036,204.24,182.82,39.7,17.7
51037,477.52,475.27,26.5,13.2
51041,436.95,423.3,747.1,289.5
51043,178.36,176.18,79.7,35.4
51045,330.61,329.53,15.7,8.5
51047,382.54,379.23,123.1,46.6
51049,299.75,297.46,33.8,15.6
51051,333.66,330.53,48.1,22.9
51053,507.19,503.72,55.6,22.7
51057,286.0,257.12,43.4,22.4
51059,406.25,390.97,2766.8,1043.6
51061,651.23,647.45,100.7,39.5
51063,381.29,380.42,40.2,20.5
51065,290.15,286.01,89.8,36.3
51067,711.55,690.43,81.3,42.5
51069,415.51,413.5,189.4,75.8
51071,360.42,355.78,48.6,23.4
51073,287.98,217.81,169.2,72.8
51075,289.9,281.42,77.2,30.6
51077,445.96,442.17,35.1,20.7
51079,156.91,156.25,117.8,48.1
51081,296.81,295.23,41.5,13.9
51083,829.63,817.84,44.3,22.0
51085,473.81,468.54,213.1,81.9
51087,244.91,233.7,1313.4,568.2
51089,384.38,382.33,141.6,68.7
51091,415.85,415.16,5.6,4.4
51093,362.83,315.61,111.8,46.4
51095,179.24,142.44,470.4,209.2
51097,326.29,315.14,22.0,10.8
51099,187.76,179.64,131.3,52.8
51101,285.63,273.94,58.2,23.8
51103,231.4,133.25,85.5,55.5
51105,437.41,435.52,58.8,27.0
51107,521.14,515.56,605.8,212.3
51109,510.87,496.3,66.8,32.9
51111,432.38,431.68,29.9,13.7
51113,321.87,320.68,41.5,18.5
51115,251.96,85.93,104.5,66.0
51117,679.23,625.49,52.3,29.7
51119,210.76,130.31,84.1,54.7
51121,389.26,387.01,243.9,99.7
51125,474.31,470.86,31.9,21.1
51127,223.47,209.73,87.9,34.8
51131,795.25,211.61,58.5,34.5
51133,285.62,191.3,64.5,47.0
51135,316.05,314.39,50.4,21.2
51137,343.26,340.78,98.2,42.9
51139,314.08,310.86,77.3,37.3
51141,485.86,483.1,38.3,20.9
51143,978.18,968.94,65.5,32.3
51145,262.35,260.22,107.8,38.6
51147,353.84,349.96,66.8,26.1
51149,281.84,265.16,134.7,45.5
51153,348.47,336.4,1195.0,407.6
51155,329.59,319.86,109.0,53.9
51157,267.03,266.23,27.7,14.4
51159,216.36,191.49,48.3,20.1
51161,251.25,250.52,368.7,159.7
51163,600.97,597.56,37.3,18.7
51165,853.36,849.09,89.9,39.6
51167,476.75,473.82,61.0,28.5
51169,538.64,535.53,43.3,22.3
51171,512.17,508.78,82.5,41.0
51173,452.29,450.93,71.4,34.2
51175,602.33,599.14,31.0,12.5
51177,414.26,401.5,304.9,112.5
51179,279.93,268.96,479.5,163.5
51181,310.31,278.95,25.3,12.3
51183,492.83,490.22,24.7,9.6
51185,519.97,518.85,86.9,40.1
51187,216.74,213.47,176.0,75.1
51191,565.99,560.97,97.8,45.6
51193,252.97,229.37,76.1,46.3
51195,405.23,403.19,102.8,44.5
51197,464.65,461.82,63.3,30.5
51199,214.96,104.78,624.8,256.2
51510,15.47,15.03,9314.3,4816.4
51515,6.9,6.88,904.6,424.5
51520,13.15,13.01,1370.6,678.6
51530,6.79,6.7,992.0,438.0
51540,10.26,10.24,4246.3,1874.2
51550,350.86,340.8,652.0,244.1
51570,7.81,7.52,2315.3,1041.4
51580,5.67,5.47,1090.1,560.8
51590,43.95,42.93,1002.8,522.6
51595,6.97,6.89,859.8,372.1
51600,6.28,6.24,3616.6,1391.2
51610,2.0,2.0,6169.8,2746.2
51620,8.35,8.21,1045.8,475.4
51630,10.51,10.44,2326.2,1002.6
51640,8.28,8.24,854.7,394.7
51650,136.3,51.41,2673.2,1158.6
51660,17.48,17.42,2808.2,1001.5
51670,10.8,10.28,2197.9,984.7
51678,2.52,2.5,2820.3,1019.7
51680,49.65,49.13,1538.2,651.2
51683,9.94,9.88,3827.8,1328.1
51685,2.53,2.53,5633.1,1935.5
51690,11.01,10.96,1261.5,657.6
51700,119.48,68.71,2630.0,1108.9
51710,96.35,54.12,4486.3,1755.7
51720,7.52,7.48,529.1,260.0
51730,23.18,22.93,1413.8,711.9
51735,78.43,15.32,793.3,308.6
51740,46.73,33.65,2838.9,1212.6
51750,10.21,9.87,1662.2,651.1
51760,62.46,59.81,3414.7,1644.5
51770,42.9,42.56,2279.8,1114.9
51775,14.54,14.44,1718.0,750.3
51790,20.04,19.98,1188.8,587.6
51800,429.09,400.17,211.4,82.6
51810,497.34,249.02,1758.9,714.3
51820,15.2,15.04,1396.8,646.1
51830,9.18,9.02,1559.3,573.7
51840,9.25,9.23,2838.1,1285.9
53001,1929.85,1924.98,9.7,3.2
53003,640.64,636.21,34.0,15.5
53005,1760.0,1700.38,103.0,40.4
53007,2993.88,2920.52,24.8,12.1
53009,2670.64,1738.33,41.1,20.5
53011,656.23,629.0,676.2,266.2
53013,873.48,868.63,4.7,2.5
53015,1166.21,1140.13,89.8,38.1
53017,1848.66,1819.26,21.1,8.8
53019,2257.32,2203.16,3.4,2.0
53021,1265.41,1242.17,62.9,19.7
53023,718.21,710.69,3.2,1.7
53025,2791.32,2679.51,33.3,13.1
53027,2224.41,1902.03,38.3,18.5
53029,517.37,208.45,376.6,193.0
53031,2183.14,1803.7,16.6,9.9
53033,2306.87,2115.57,912.9,402.4
53035,565.92,394.94,635.9,271.9
53037,2332.94,2297.27,17.8,9.5
53039,1904.16,1871.31,10.9,5.2
53041,2436.25,2402.8,31.4,14.2
53043,2339.35,2310.49,4.6,2.5
53045,1051.02,959.42,63.3,33.9
53047,5314.79,5267.98,7.8,4.2
53049,1223.38,932.66,22.4,16.7
53051,1425.24,1399.99,9.3,5.7
53053,1806.44,1669.51,476.3,194.9
53055,621.06,173.91,90.7,76.5
53057,1920.13,1731.2,67.5,29.7
53059,1683.81,1655.68,6.7,3.4
53061,2196.3,2087.27,341.8,137.3
53063,1780.7,1763.79,267.2,114.2
53065,2540.75,2477.76,17.6,8.5
53067,773.5,721.96,349.4,149.8
53069,287.18,263.38,15.1,7.8
53071,1299.02,1270.13,46.3,18.5
53073,2503.47,2106.86,95.5,43.0
53075,2177.6,2159.09,20.7,8.9
53077,4311.28,4295.4,56.6,19.9
54001,342.85,341.06,48.6,23.0
54003,321.56,321.14,324.4,139.4
54005,503.2,501.54,49.1,22.1
54007,516.27,510.81,28.4,14.5
54009,92.57,89.2,269.8,122.9
54011,288.02,281.02,342.8,164.3
54013,280.68,279.25,27.3,14.2
54015,343.82,341.9,27.5,13.4
54017,320.48,319.72,25.7,12.3
54019,668.35,661.55,69.6,32.7
54021,340.08,338.5,25.7,10.2
54023,480.29,477.37,25.0,13.3
54025,1024.51,1019.57,34.8,18.6
54027,644.63,640.25,37.4,21.4
54029,87.97,82.61,371.3,176.0
54031,584.48,582.31,24.1,13.9
54033,416.52,416.01,166.1,75.6
54035,471.63,464.35,62.9,28.7
54037,211.67,209.63,255.2,105.1
54039,910.92,901.59,214.1,102.7
54041,389.65,384.9,42.5,20.7
54043,438.59,437.04,49.7,22.6
54045,455.62,453.74,81.0,36.9
54047,534.9,533.46,41.5,21.2
54049,311.52,308.74,182.7,85.7
54051,312.15,305.43,108.4,52.1
54053,444.72,430.75,63.4,30.2
54055,420.72,418.99,148.6,71.9
54057,329.22,327.83,86.1,39.8
54059,423.97,423.11,63.4,30.0
54061,365.88,360.06,267.1,120.1
54063,473.64,472.75,28.6,16.1
54065,229.61,229.07,76.6,42.6
54067,654.41,646.82,40.6,20.2
54069,109.02,105.82,420.0,200.1
54071,698.15,696.05,11.1,7.4
54073,134.55,130.1,58.5,26.1
54075,941.82,940.28,9.3,9.4
54077,651.39,648.8,51.7,23.3
54079,350.4,345.67,160.5,67.8
54081,609.35,605.35,130.3,59.4
54083,1039.95,1039.68,28.3,13.6
54085,453.7,451.99,23.1,12.9
54087,483.72,483.56,30.9,15.2
54089,367.73,360.46,38.6,21.3
54091,175.68,172.77,97.8,43.6
54093,421.06,418.92,17.0,12.8
54095,260.7,256.29,35.9,19.5
54097,354.75,354.64,68.4,31.3
54099,512.11,505.98,84.0,38.0
54101,556.23,553.47,16.5,9.8
54103,361.33,358.06,46.3,22.8
54105,234.77,232.51,24.6,13.9
54107,376.77,366.26,237.4,109.8
54109,501.82,499.45,47.6,21.9
55001,688.55,645.65,32.3,27.0
55003,2292.38,1045.04,15.5,9.2
55005,889.76,862.71,53.2,27.4
55007,2041.67,1477.86,10.2,8.8
55009,615.71,529.71,468.2,197.0
55011,709.59,671.64,20.2,9.9
55013,880.23,821.85,18.8,18.6
55015,397.08,318.24,153.9,61.9
55017,1041.28,1008.37,61.9,27.0
55019,1218.79,1209.82,28.7,12.5
55021,795.97,765.53,74.2,34.1
55023,599.21,570.66,29.2,15.4
55025,1238.25,1197.24,407.7,180.4
55027,907.05,875.62,101.4,42.3
55029,2370.25,481.98,57.6,49.7
55031,1479.68,1304.14,33.9,17.5
55033,863.87,850.11,51.6,21.1
55035,645.25,637.98,154.8,66.1
55037,497.52,488.2,9.1,9.8
55039,765.84,719.55,141.2,61.0
55041,1046.33,1014.07,9.2,8.8
55043,1183.34,1146.85,44.7,18.8
55045,584.46,583.96,63.1,27.2
55047,380.3,349.44,54.5,30.4
55049,767.93,762.58,31.1,14.1
55051,919.16,758.17,7.8,7.9
55053,1000.28,987.72,20.7,9.8
55055,582.74,556.47,150.4,63.2
55057,804.03,766.93,34.8,19.1
55059,754.02,271.99,611.9,254.7
55061,1084.3,342.52,60.1,27.2
55063,479.93,451.69,253.8,107.2
55065,634.57,633.59,26.6,11.4
55067,887.88,870.64,22.9,14.2
55069,907.0,878.97,32.7,19.1
55071,1494.08,589.08,138.3,63.1
55073,1576.31,1544.98,86.8,37.4
55075,1550.01,1399.35,29.8,21.7
55077,464.3,455.6,33.8,21.7
55078,364.96,357.61,11.8,6.3
55079,1189.54,241.4,3926.0,1731.8
55081,908.22,900.78,49.6,21.3
55083,1148.79,997.99,37.7,23.6
55085,1235.99,1112.97,32.3,27.1
55087,644.59,637.52,277.2,114.7
55089,1116.2,233.08,370.7,155.6
55091,248.69,231.98,32.2,15.4
55093,591.87,573.75,71.5,28.1
55095,956.41,913.96,48.4,26.5
55097,822.66,800.68,87.4,37.5
55099,1278.42,1254.38,11.3,8.9
55101,792.12,332.5,587.7,247.1
55103,589.3,586.15,30.7,15.1
55105,726.11,718.14,223.3,95.3
55107,930.88,913.59,16.2,9.7
55109,735.68,722.33,116.8,47.0
55111,848.62,830.9,74.6,35.8
55113,1350.27,1257.3,13.2,12.7
55115,909.47,893.06,47.0,23.2
55117,1271.22,511.27,225.9,99.3
55119,984.42,974.88,21.2,10.9
55121,741.99,732.96,39.3,17.2
55123,816.41,791.58,37.6,17.3
55125,1017.84,856.6,25.0,29.3
55127,576.56,555.13,184.2,92.8
55129,853.32,797.11,20.0,16.3
55131,435.72,430.7,306.2,127.0
55133,580.6,549.57,709.4,292.7
55135,765.2,747.71,70.1,34.0
55137,637.41,626.15,39.1,23.7
55139,578.57,434.49,384.3,168.8
55141,809.44,793.12,94.2,43.0
56001,4308.79,4273.84,8.5,4.2
56003,3158.89,3137.1,3.7,1.7
56005,4806.71,4802.71,9.6,3.9
56007,7963.99,7897.58,2.0,1.1
56009,4265.07,4254.88,3.3,1.5
56011,2865.3,2854.41,2.5,1.3
56013,9265.72,9183.81,4.4,1.9
56015,2232.18,2225.39,6.0,2.7
56017,2006.41,2004.09,2.4,1.3
56019,4174.6,4154.15,2.1,1.1
56021,2687.56,2685.91,34.2,15.1
56023,4095.41,4076.13,4.4,2.2
56025,5375.66,5340.35,14.1,6.3
56027,2627.96,2626.04,0.9,0.5
56029,6967.42,6942.08,4.1,2.0
56031,2110.86,2084.21,4.2,2.2
56033,2527.08,2523.99,11.5,5.5
56035,4935.71,4886.54,2.1,1.2
56037,10491.09,10426.65,4.2,1.8
56039,4216.33,3995.38,5.3,3.2
56041,2087.57,2081.26,10.1,4.2
56043,2242.7,2238.55,3.8,1.7
56045,2400.02,2398.09,3.0,1.5
72001,67.1,66.69,292.1,121.8
72003,45.54,30.85,1360.0,591.8
72005,75.58,36.53,1668.5,778.3
72007,30.1,30.08,952.6,381.9
72009,31.34,31.31,827.2,332.4
72011,44.93,39.29,744.8,324.7
72013,171.19,125.95,765.7,343.4
72015,35.65,15.01,1304.3,591.4
72017,30.92,18.69,1327.6,572.0
72019,34.28,34.25,885.1,332.9
72021,44.51,44.32,4695.3,1941.6
72023,177.41,70.37,723.5,429.2
72025,59.07,58.6,2438.6,1030.3
72027,61.96,46.35,758.5,311.3
72029,33.01,32.87,1449.8,592.5
72031,60.32,45.32,3900.3,1761.7
72033,7.04,4.84,5808.6,2312.5
72035,51.96,51.93,926.5,403.1
72037,158.83,29.04,469.5,267.1
72039,66.71,66.53,282.3,116.3
72041,36.46,36.02,1207.1,474.8
72043,78.03,78.01,519.3,214.3
72045,28.52,28.4,731.6,284.9
72047,42.58,42.57,872.4,328.8
72049,168.83,11.62,156.4,137.9
72051,53.71,23.09,1653.0,722.7
72053,105.33,29.86,1238.7,649.3
72054,15.22,15.21,833.7,337.8
72055,79.46,37.05,524.3,260.9
72057,106.82,64.99,698.0,303.3
72059,64.24,42.27,510.5,206.4
72061,27.76,27.58,3550.7,1523.4
72063,28.31,27.89,1626.9,649.3
72065,58.76,41.78,1004.1,415.6
72067,11.34,11.34,1520.6,686.1
72069,71.4,44.75,1306.4,627.9
72071,91.85,55.3,825.1,384.5
72073,44.53,44.53,373.7,146.9
72075,107.12,60.28,841.9,332.1
72077,26.62,26.49,1521.0,631.1
72079,101.13,59.95,429.6,206.8
72081,61.64,61.45,500.5,210.8
72083,46.51,46.36,213.1,86.0
72085,33.89,33.88,1141.5,479.6
72087,65.6,19.37,1552.2,655.2
72089,46.53,25.81,777.5,424.9
72091,70.69,45.13,977.5,426.8
72093,36.63,36.62,171.4,74.8
72095,38.27,21.07,580.3,263.3
72097,274.08,77.65,1147.3,551.5
72099,50.37,50.34,796.7,333.7
72101,38.93,38.87,838.9,318.5
72103,72.26,51.66,517.2,232.8
72105,27.75,27.4,1109.5,411.7
72107,63.78,63.62,368.2,145.5
72109,75.3,46.7,412.8,200.4
72111,67.86,44.62,544.2,206.6
72113,193.61,114.76,1449.3,606.7
72115,34.35,22.68,1142.7,474.1
72117,54.41,14.29,1063.8,678.5
72119,89.53,60.62,895.8,400.8
72121,35.84,35.83,705.1,305.8
72123,114.12,69.37,448.0,207.3
72125,54.51,54.5,651.9,292.1
72127,76.96,47.85,8262.3,4178.2
72129,53.21,53.11,773.1,324.4
72131,71.22,70.42,602.5,265.5
72133,76.94,34.02,684.1,281.4
72135,27.56,27.02,2741.5,999.6
72137,41.81,23.24,3855.7,1572.5
72139,21.38,20.76,3604.4,1459.0
72141,115.07,113.53,292.0,125.0
72143,37.5,27.73,1440.8,613.2
72145,68.18,45.86,1301.1,553.9
72147,263.99,50.77,183.2,109.1
72149,37.04,35.64,731.6,272.5
72151,83.24,55.21,687.2,286.1
72153,68.82,68.19,616.5,264.3
