,Parks,Parks,Parks
Date,2020-03-29,2020-04-05,2020-04-11
FIPS,,,
1001,-14.0,-14.0,-14.0
1003,-27.0,-44.0,-42.0
1005,,,
1007,,,
1009,,,
1011,,,
1013,,,
1015,-22.0,-22.0,-22.0
1017,,,
1019,,,
1021,,,
1023,,,
1025,,,
1027,,,
1029,,,
1031,,,
1033,-14.0,-23.0,-37.0
1035,,,
1037,,,
1039,,,
1041,,,
1043,86.0,65.0,38.0
1045,,,
1047,,,
1049,9.0,-4.0,-4.0
1051,50.0,30.0,49.0
1053,,,
1055,19.0,-23.0,-23.0
1057,,,
1059,,,
1061,,,
1063,,,
1065,,,
1067,,,
1069,23.0,2.0,14.0
1071,,,
1073,7.0,-20.0,20.0
1075,,,
1077,-15.0,-15.0,-15.0
1079,,,
1081,-14.0,-14.0,-14.0
1083,38.0,32.0,-1.0
1085,,,
1087,,,
1089,35.0,8.0,55.0
1091,,,
1093,,,
1095,107.0,63.0,94.0
1097,-21.0,-30.0,-33.0
1099,,,
1101,-9.0,-16.0,0.0
1103,18.0,-1.0,49.0
1105,,,
1107,,,
1109,,,
1111,,,
1113,,,
1115,,,
1117,44.0,8.0,56.0
1119,,,
1121,17.0,0.0,16.0
1123,,,
1125,-1.0,-13.0,-10.0
1127,,,
1129,,,
1131,,,
1133,,,
2122,,,
4001,-35.0,-23.0,-59.0
4003,-14.0,-18.0,-44.0
4005,-25.0,-34.0,-46.0
4007,95.0,72.0,41.0
4009,-63.0,-63.0,
4011,,,
4012,-54.0,-65.0,-67.0
4013,-6.0,-26.0,-41.0
4015,-13.0,-27.0,-27.0
4017,11.0,5.0,5.0
4019,-16.0,-27.0,-52.0
4021,1.0,-21.0,-45.0
4023,-29.0,-40.0,-62.0
4025,6.0,-10.0,-32.0
4027,-17.0,-41.0,-53.0
5001,,,
5003,,,
5005,,,
5007,56.0,-16.0,21.0
5009,,,
5011,,,
5015,,,
5017,,,
5019,,,
5021,,,
5023,,,
5025,,,
5027,,,
5029,,,
5031,-59.0,-59.0,-59.0
5033,,,
5035,,,
5037,,,
5039,,,
5041,,,
5043,,,
5045,-21.0,-23.0,-2.0
5047,,,
5049,,,
5051,17.0,-14.0,-43.0
5053,,,
5055,,,
5057,,,
5059,,,
5061,,,
5063,,,
5065,,,
5067,,,
5069,,,
5071,-28.0,-12.0,-12.0
5075,,,
5079,,,
5081,,,
5083,,,
5085,,,
5087,,,
5089,,,
5091,-35.0,-37.0,-33.0
5093,,,
5095,,,
5097,,,
5099,,,
5101,,,
5103,,,
5105,,,
5107,,,
5109,,,
5111,,,
5113,,,
5115,,,
5117,,,
5119,73.0,34.0,-18.0
5121,,,
5123,,,
5125,-52.0,-65.0,-44.0
5127,,,
5129,,,
5131,45.0,-10.0,0.0
5133,,,
5135,,,
5137,,,
5139,,,
5141,,,
5143,37.0,-21.0,13.0
5145,-19.0,-23.0,-9.0
5149,16.0,-27.0,18.0
6001,-14.0,-61.0,-30.0
6005,-50.0,-64.0,-64.0
6007,-23.0,-63.0,-22.0
6009,-28.0,-75.0,-54.0
6011,,,
6013,-15.0,-53.0,-17.0
6015,-26.0,-32.0,20.0
6017,-35.0,-83.0,-45.0
6019,-27.0,-66.0,-46.0
6021,-11.0,-36.0,-36.0
6023,-10.0,-29.0,-18.0
6025,-65.0,-74.0,-77.0
6027,-35.0,-54.0,-52.0
6029,-16.0,-27.0,-24.0
6031,-12.0,-52.0,-39.0
6033,-42.0,-49.0,-40.0
6035,,,
6037,-48.0,-59.0,-54.0
6039,-20.0,-59.0,-29.0
6041,-59.0,-70.0,-63.0
6043,-72.0,-87.0,-83.0
6045,-39.0,-51.0,-51.0
6047,-1.0,-60.0,-25.0
6049,,,
6051,-57.0,-61.0,-46.0
6053,-48.0,-79.0,-56.0
6055,-24.0,-52.0,-14.0
6057,-48.0,-70.0,-48.0
6059,-31.0,-53.0,-42.0
6061,-2.0,-69.0,-15.0
6063,,,
6065,-44.0,-60.0,-59.0
6067,-1.0,-58.0,-23.0
6069,-36.0,-76.0,-54.0
6071,-36.0,-49.0,-44.0
6073,-51.0,-70.0,-68.0
6075,-55.0,-65.0,-59.0
6077,-16.0,-58.0,-14.0
6079,-27.0,-77.0,-37.0
6081,-35.0,-63.0,-38.0
6083,-30.0,-67.0,-33.0
6085,-22.0,-70.0,-17.0
6087,-40.0,-75.0,-63.0
6089,-21.0,-41.0,33.0
6093,-6.0,-20.0,37.0
6095,-18.0,-52.0,-18.0
6097,-58.0,-61.0,-59.0
6099,-12.0,-62.0,-15.0
6101,-28.0,-47.0,-19.0
6103,-9.0,-31.0,-5.0
6105,,,
6107,-27.0,-50.0,-47.0
6109,-67.0,-83.0,-72.0
6111,-24.0,-56.0,-38.0
6113,2.0,-48.0,-9.0
6115,24.0,-37.0,37.0
8001,-12.0,10.0,0.0
8003,,,
8005,14.0,41.0,22.0
8007,,,
8011,,,
8013,-7.0,23.0,11.0
8015,-36.0,-27.0,-16.0
8019,-42.0,-18.0,-16.0
8021,,,
8029,-40.0,-6.0,2.0
8031,-17.0,6.0,-10.0
8035,10.0,42.0,18.0
8037,-46.0,-46.0,-45.0
8039,,,
8041,-1.0,20.0,4.0
8043,-7.0,7.0,-5.0
8045,4.0,25.0,16.0
8047,,,
8049,-84.0,-83.0,-84.0
8051,-50.0,-35.0,-43.0
8055,,,
8059,-3.0,24.0,5.0
8061,,,
8063,,,
8065,,,
8067,4.0,21.0,21.0
8069,1.0,15.0,13.0
8071,,,
8073,,,
8075,,,
8077,11.0,46.0,97.0
8081,,,
8083,,,
8085,,,
8087,0.0,-4.0,-4.0
8089,,,
8091,,,
8093,3.0,46.0,46.0
8095,,,
8097,,,
8099,,,
8101,-45.0,-24.0,-50.0
8103,,,
8105,,,
8107,-48.0,-58.0,-69.0
8109,,,
8113,,,
8117,-74.0,-72.0,-77.0
8119,,,
8121,,,
8123,-4.0,23.0,24.0
8125,,,
9001,-60.0,6.0,53.0
9003,-48.0,31.0,88.0
9005,-40.0,86.0,26.0
9007,-49.0,85.0,42.0
9009,-52.0,7.0,43.0
9011,-45.0,22.0,83.0
9013,-38.0,96.0,4.0
9015,-58.0,24.0,22.0
10001,2.0,37.0,9.0
10003,5.0,76.0,32.0
10005,-5.0,3.0,-9.0
12001,-32.0,-53.0,-39.0
12003,,,
12005,-2.0,-20.0,-18.0
12007,,,
12009,-26.0,-67.0,-32.0
12011,-62.0,-69.0,-69.0
12013,,,
12015,-35.0,-61.0,-49.0
12017,-35.0,-78.0,-43.0
12019,1.0,-46.0,-22.0
12021,-62.0,-76.0,-70.0
12023,-41.0,-57.0,-42.0
12027,-28.0,-57.0,-37.0
12029,,,
12031,-26.0,-60.0,-45.0
12033,-11.0,-16.0,-11.0
12035,-34.0,-72.0,-55.0
12037,-14.0,-23.0,-45.0
12039,,,
12041,,-36.0,-44.0
12043,-65.0,-65.0,-65.0
12045,,,
12047,,,
12049,-30.0,-52.0,-34.0
12051,-42.0,-64.0,-52.0
12053,-10.0,-64.0,-41.0
12055,-49.0,-66.0,-57.0
12057,-53.0,-75.0,-57.0
12059,,,
12061,-30.0,-65.0,-48.0
12063,,-24.0,-24.0
12065,,,
12067,,,
12069,-24.0,-66.0,-35.0
12071,-60.0,-76.0,-69.0
12073,0.0,-20.0,-23.0
12075,-20.0,-48.0,-36.0
12077,,,
12079,,,
12081,-28.0,-73.0,-44.0
12083,-40.0,-65.0,-49.0
12085,-28.0,-55.0,-44.0
12086,-77.0,-80.0,-81.0
12087,-76.0,-79.0,-77.0
12089,-24.0,-60.0,-42.0
12091,-7.0,-27.0,-28.0
12093,-23.0,-56.0,-29.0
12095,-59.0,-81.0,-53.0
12097,-49.0,-67.0,-47.0
12099,-65.0,-76.0,-70.0
12101,-10.0,-65.0,-47.0
12103,-16.0,-62.0,-35.0
12105,-28.0,-55.0,-43.0
12107,-20.0,-44.0,-37.0
12109,-53.0,-79.0,-63.0
12111,-22.0,-53.0,-24.0
12113,17.0,-3.0,0.0
12115,-59.0,-76.0,-66.0
12117,-19.0,-71.0,-33.0
12119,-31.0,-69.0,-41.0
12121,0.0,-20.0,-23.0
12123,,,
12125,,,
12127,-10.0,-73.0,-32.0
12129,20.0,4.0,-10.0
12131,-29.0,-44.0,-49.0
12133,,,
13001,,,
13003,,,
13005,,,
13009,,,
13011,,,
13013,-37.0,,
13015,40.0,74.0,126.0
13017,,,
13019,,,
13021,36.0,-3.0,-6.0
13023,,,
13025,,,
13027,,,
13029,-9.0,-32.0,-19.0
13031,,-31.0,-31.0
13033,-23.0,-2.0,-2.0
13035,,,
13039,7.0,-40.0,-17.0
13043,,,
13045,12.0,-8.0,0.0
13047,14.0,-35.0,-21.0
13049,,,
13051,-32.0,-51.0,-28.0
13053,,,
13055,,,
13057,59.0,60.0,134.0
13059,-21.0,-45.0,-25.0
13063,15.0,-10.0,-10.0
13065,,,
13067,-47.0,-54.0,-34.0
13069,,,
13071,,,
13073,-20.0,-19.0,4.0
13075,,,
13077,-56.0,,
13079,,,
13081,,,
13083,,,
13085,17.0,6.0,6.0
13087,,,
13089,-15.0,-12.0,26.0
13091,,,
13093,,,
13095,-37.0,-44.0,-33.0
13097,-2.0,-3.0,8.0
13099,,,
13103,,,
13105,,,
13107,,,
13109,,,
13111,38.0,16.0,66.0
13113,25.0,20.0,70.0
13115,28.0,28.0,28.0
13117,3.0,4.0,68.0
13119,-22.0,-29.0,-17.0
13121,-44.0,-49.0,-38.0
13123,,,
13127,-32.0,-39.0,-9.0
13129,,,
13131,,,
13133,,,
13135,-9.0,-8.0,36.0
13137,,,
13139,51.0,59.0,85.0
13141,,,
13143,-29.0,-37.0,-35.0
13145,,0.0,0.0
13147,,,
13149,,,
13151,22.0,-34.0,-6.0
13153,-6.0,-23.0,-8.0
13155,,,
13157,,,
13159,,,
13161,,,
13163,,,
13165,,,
13167,,,
13169,,,
13171,,,
13173,,,
13175,,,
13177,,,
13179,-17.0,-57.0,-22.0
13181,,,
13183,,,
13185,-13.0,-42.0,-33.0
13187,,,
13189,,,
13191,,,
13193,,,
13195,,,
13197,,,
13199,,,
13201,,,
13205,,,
13207,11.0,-2.0,-2.0
13209,,,
13211,,,
13213,,,
13215,19.0,-8.0,12.0
13217,-13.0,-21.0,-8.0
13219,,,
13221,,,
13223,-55.0,-47.0,-47.0
13225,,,
13227,,,
13229,,,
13231,,,
13233,,,
13235,,,
13237,,,
13241,37.0,11.0,11.0
13243,,,
13245,26.0,3.0,-4.0
13247,-18.0,-4.0,-4.0
13249,,,
13251,,,
13253,,,
13255,,,
13257,,,
13261,,,
13263,-9.0,-9.0,-9.0
13267,,,
13269,,,
13271,,,
13273,,,
13275,,,
13277,,,
13279,,,
13281,,,
13283,,,
13285,,,
13287,,,
13289,,,
13291,22.0,-10.0,-10.0
13293,,,
13295,-28.0,-57.0,-33.0
13297,,,
13299,,,
13301,,,
13303,,,
13305,,,
13311,-16.0,-42.0,-28.0
13313,-45.0,4.0,6.0
13315,,,
13317,,,
13319,,,
13321,,,
15001,-77.0,-79.0,-72.0
15003,-58.0,-61.0,-62.0
15007,-74.0,-69.0,-73.0
15009,-73.0,-77.0,-76.0
16001,33.0,42.0,24.0
16005,-6.0,-10.0,-40.0
16007,,,
16009,,,
16011,,,
16013,,,
16015,-50.0,-12.0,-12.0
16017,-22.0,-22.0,-22.0
16019,59.0,34.0,16.0
16021,,,
16027,35.0,42.0,24.0
16029,,,
16031,,,
16035,,,
16039,,,
16041,,,
16043,-33.0,-33.0,-38.0
16045,,,
16047,,,
16049,,,
16051,-56.0,-63.0,-62.0
16053,,,
16055,26.0,15.0,82.0
16057,,,
16059,,,
16063,,,
16065,,,
16067,,,
16069,-24.0,-24.0,-24.0
16071,,,
16073,,,
16075,,,
16077,,,
16079,,,
16081,,,
16083,-6.0,7.0,-16.0
16085,-57.0,-60.0,-64.0
16087,,,
17001,,,
17003,,,
17005,,,
17007,,,
17011,,,
17015,,,
17017,,,
17019,44.0,112.0,63.0
17021,,,
17023,,,
17025,,,
17027,,,
17029,,,
17031,-45.0,0.0,-6.0
17033,,,
17035,,,
17037,,,
17039,,,
17041,,,
17045,,,
17047,,,
17049,,,
17051,,,
17053,,,
17055,,,
17057,,,
17059,,,
17061,,,
17063,,,
17065,,,
17067,,,
17071,,,
17073,,,
17075,,,
17077,22.0,-9.0,8.0
17079,,,
17081,,,
17083,,,
17085,,,
17087,-20.0,-20.0,-20.0
17089,-20.0,104.0,74.0
17091,,,
17093,-25.0,6.0,6.0
17095,,,
17097,-36.0,58.0,47.0
17101,,,
17103,,,
17105,,,
17107,,,
17109,,,
17111,-26.0,89.0,70.0
17113,1.0,73.0,59.0
17115,,,
17117,,,
17119,58.0,4.0,30.0
17121,,,
17123,,,
17125,,,
17127,,,
17129,,,
17131,,,
17133,,,
17135,,,
17137,,,
17139,,,
17141,,,
17143,-16.0,57.0,23.0
17145,,,
17147,,,
17149,,,
17153,,,
17155,,,
17157,,,
17159,,,
17161,-55.0,-23.0,-31.0
17163,52.0,-15.0,31.0
17165,,,
17167,31.0,49.0,46.0
17169,,,
17173,,,
17175,,,
17177,,,
17179,-15.0,4.0,-4.0
17181,,,
17183,,,
17185,,,
17187,,,
17189,,,
17191,,,
17193,,,
17195,,,
17197,-36.0,51.0,39.0
17199,-45.0,-45.0,-45.0
17201,-40.0,60.0,20.0
17203,,,
18001,,,
18003,13.0,121.0,76.0
18005,10.0,-12.0,23.0
18007,,,
18009,,,
18011,,,
18013,,,
18015,,,
18017,,,
18019,64.0,60.0,101.0
18021,,,
18023,,,
18025,,,
18027,,,
18029,,,
18031,,,
18033,,,
18035,,,
18037,,,
18039,18.0,17.0,23.0
18041,,,
18043,,,
18045,,,
18047,,,
18049,,,
18051,,,
18053,,,
18055,,,
18057,38.0,59.0,111.0
18059,,,
18061,,,
18063,-13.0,-13.0,-13.0
18065,,,
18067,,,
18069,,,
18071,,,
18073,,,
18075,,,
18077,,,
18079,,,
18081,-5.0,-11.0,0.0
18083,,,
18085,,,
18089,-18.0,-5.0,18.0
18093,,,
18095,,,
18097,17.0,15.0,50.0
18099,,,
18101,,,
18103,,,
18105,39.0,35.0,35.0
18107,,,
18109,,,
18111,,,
18113,,,
18115,,,
18117,,,
18119,,,
18121,,,
18123,,,
18125,,,
18127,20.0,120.0,160.0
18129,,,
18131,,,
18133,,,
18135,,,
18137,,,
18139,,,
18141,-17.0,142.0,104.0
18143,,,
18145,,,
18147,,,
18149,,,
18151,,,
18153,,,
18155,,,
18157,5.0,82.0,39.0
18159,,,
18161,,,
18163,-16.0,29.0,29.0
18165,,,
18167,-12.0,-7.0,-7.0
18169,,,
18171,,,
18173,,,
18175,,,
18177,,,
18179,,,
18181,,,
18183,,,
19001,,,
19005,,,
19007,,,
19009,,,
19011,,,
19013,11.0,-25.0,-15.0
19015,,,
19017,,,
19019,,,
19021,,,
19023,,,
19025,,,
19027,,,
19029,,,
19031,,,
19033,,,
19035,,,
19037,,,
19039,,,
19041,,,
19043,,,
19045,,,
19047,,,
19049,,,
19051,,,
19053,,,
19055,,,
19057,,,
19059,-50.0,0.0,12.0
19061,-25.0,1.0,-12.0
19063,,,
19065,,,
19067,,,
19069,,,
19071,,,
19073,,,
19075,,,
19077,,,
19079,,,
19081,,,
19083,,,
19085,,,
19087,,,
19089,,,
19091,,,
19093,,,
19095,,,
19097,,,
19099,,,
19101,,,
19103,-6.0,-26.0,35.0
19105,,,
19107,,,
19109,,,
19111,,,
19113,2.0,172.0,37.0
19115,,,
19117,,,
19119,,,
19121,,,
19123,,,
19125,,,
19127,,,
19129,,,
19131,,,
19133,,,
19135,,,
19137,,,
19139,,,
19141,,,
19143,,,
19145,,,
19147,,,
19149,,,
19151,,,
19153,66.0,150.0,27.0
19155,14.0,93.0,53.0
19157,,,
19161,,,
19163,-1.0,137.0,30.0
19165,,,
19167,,,
19169,,,
19171,,,
19173,,,
19175,,,
19177,,,
19179,,,
19181,,,
19183,,,
19185,,,
19187,,,
19189,,,
19191,,,
19193,,,
19195,,,
19197,,,
20001,,,
20003,,,
20005,,,
20009,,,
20011,,,
20013,,,
20015,-46.0,-46.0,
20021,,,
20027,,,
20029,,,
20031,,,
20035,,,
20037,,,
20041,,,
20043,,,
20045,88.0,57.0,110.0
20051,,,
20053,,,
20055,,,
20057,,,
20059,,,
20061,,,
20067,,,
20073,,,
20077,,,
20079,,,
20085,,,
20087,,,
20091,192.0,142.0,148.0
20095,,,
20099,,,
20103,,,
20107,,,
20111,,,
20113,,,
20115,,,
20117,,,
20121,,,
20123,,,
20125,,,
20127,,,
20131,,,
20133,,,
20139,,,
20143,,,
20145,,,
20149,,,
20151,,,
20155,,,
20159,,,
20161,-50.0,-50.0,-50.0
20167,,,
20169,-7.0,-7.0,-7.0
20171,,,
20173,76.0,5.0,40.0
20175,,,
20177,55.0,25.0,104.0
20181,,,
20189,,,
20191,,,
20193,,,
20195,,,
20197,,,
20201,,,
20205,,,
20209,53.0,68.0,49.0
21001,,,
21003,,,
21005,,,
21007,,,
21009,,,
21011,,,
21013,,,
21015,53.0,47.0,31.0
21017,,,
21019,,,
21021,,,
21023,,,
21025,,,
21027,,,
21029,,,
21031,,,
21033,,,
21035,,,
21037,,,
21039,,,
21041,,,
21043,,,
21045,,,
21047,,,
21049,,,
21051,,,
21053,,,
21055,,,
21059,39.0,34.0,26.0
21061,,,
21065,,,
21067,57.0,21.0,5.0
21069,,,
21071,,,
21073,,,
21075,,,
21077,,,
21079,,,
21081,,,
21083,,,
21085,,,
21087,,,
21089,,,
21091,,,
21093,,,
21095,,,
21097,,,
21099,,,
21101,,,
21103,,,
21107,,,
21109,,,
21111,83.0,71.0,104.0
21113,,,
21115,,,
21117,108.0,49.0,37.0
21119,,,
21121,,,
21123,,,
21125,61.0,71.0,57.0
21127,,,
21133,,,
21135,,,
21137,,,
21139,,,
21141,,,
21143,,,
21145,-24.0,-22.0,-25.0
21147,,,
21149,,,
21151,,,
21155,,,
21157,,,
21161,,,
21163,,,
21165,,,
21167,,,
21169,,,
21171,,,
21173,,,
21175,,,
21177,,,
21179,,,
21181,,,
21183,,,
21185,,,
21187,,,
21191,,,
21193,,,
21195,,,
21197,,,
21199,,,
21203,,,
21205,,,
21207,,,
21209,,,
21211,,,
21213,,,
21215,,,
21217,,,
21219,,,
21221,,,
21223,,,
21225,,,
21227,-26.0,-14.0,-43.0
21229,,,
21231,,,
21233,,,
21235,,,
21237,,,
21239,,,
22001,,,
22003,,,
22005,,,
22007,,,
22009,,,
22011,,,
22013,,,
22015,4.0,-8.0,-13.0
22017,-14.0,-29.0,-43.0
22019,-6.0,-18.0,-31.0
22021,,,
22023,,,
22025,,,
22027,,,
22029,,,
22031,,,
22033,-26.0,-20.0,-28.0
22037,,,
22039,,,
22041,,,
22043,,,
22045,-30.0,-34.0,-28.0
22047,,,
22049,,,
22051,-1.0,-12.0,-35.0
22053,,,
22055,15.0,14.0,-21.0
22057,,,
22059,,,
22061,,,
22063,-13.0,6.0,-32.0
22065,,,
22067,,,
22069,,,
22071,-55.0,-52.0,-62.0
22073,-24.0,-66.0,-7.0
22075,-31.0,-31.0,-33.0
22077,,,
22079,-2.0,-21.0,-39.0
22081,,,
22083,,,
22085,,,
22087,-21.0,-16.0,-19.0
22089,,,
22091,,,
22093,,,
22095,-67.0,-62.0,-62.0
22097,,,
22099,-10.0,-10.0,-16.0
22101,,,
22103,3.0,-7.0,-15.0
22105,-20.0,-34.0,-20.0
22109,25.0,21.0,-8.0
22111,,,
22113,,,
22115,,,
22117,,,
22119,,,
22121,,,
22123,,,
22125,,,
22127,,,
23001,-26.0,24.0,-33.0
23003,-4.0,-33.0,-37.0
23005,-38.0,28.0,30.0
23007,,-42.0,-50.0
23009,15.0,-26.0,0.0
23011,-37.0,12.0,-47.0
23013,,,
23015,,,
23017,-55.0,30.0,-19.0
23019,4.0,15.0,-27.0
23021,,,
23023,,,
23025,-9.0,0.0,-31.0
23027,,,
23029,,,
23031,-48.0,10.0,20.0
24001,-8.0,-33.0,-55.0
24003,33.0,41.0,25.0
24005,10.0,61.0,63.0
24009,33.0,2.0,16.0
24011,,,
24013,10.0,57.0,66.0
24015,-34.0,22.0,66.0
24017,-42.0,-42.0,-42.0
24019,,,
24021,19.0,33.0,36.0
24023,,,
24025,50.0,107.0,99.0
24027,7.0,38.0,28.0
24029,,,
24031,44.0,42.0,32.0
24033,37.0,23.0,14.0
24035,-36.0,-7.0,-28.0
24037,32.0,-6.0,-1.0
24039,,,
24041,,,
24043,28.0,34.0,64.0
24045,,,
24047,-24.0,-35.0,-37.0
25001,-38.0,61.0,93.0
25003,-36.0,60.0,-24.0
25005,-44.0,43.0,49.0
25007,,,
25009,-53.0,32.0,59.0
25011,-37.0,-37.0,-37.0
25013,-46.0,37.0,39.0
25015,-45.0,78.0,22.0
25017,-62.0,16.0,25.0
25019,,,
25021,-57.0,53.0,87.0
25023,-34.0,95.0,101.0
25025,-68.0,-28.0,-26.0
25027,-60.0,33.0,46.0
26001,,,
26003,-54.0,-49.0,-14.0
26005,-21.0,-21.0,
26007,,,
26009,,,
26011,,,
26013,,,
26015,,,
26017,-23.0,-23.0,-23.0
26019,,,
26021,31.0,108.0,123.0
26023,,,
26025,-13.0,56.0,30.0
26027,,,
26029,-34.0,-51.0,25.0
26031,,,
26033,-47.0,-50.0,-50.0
26035,,,
26037,,,
26039,,,
26041,,,
26043,,,
26045,,,
26047,,,
26049,6.0,66.0,94.0
26051,,,
26053,,,
26055,-8.0,86.0,80.0
26057,,,
26059,,,
26061,-59.0,-24.0,-29.0
26063,,,
26065,13.0,115.0,104.0
26067,,,
26069,,,
26071,,,
26073,,,
26075,-7.0,-7.0,-7.0
26077,15.0,180.0,100.0
26079,,,
26081,-26.0,122.0,61.0
26085,,,
26087,-38.0,-22.0,-32.0
26089,,,
26091,,,
26093,11.0,34.0,19.0
26095,,,
26097,,,
26099,106.0,137.0,125.0
26101,,,
26103,-40.0,24.0,1.0
26105,,,
26107,,,
26109,,,
26111,-15.0,12.0,-14.0
26113,,,
26115,52.0,71.0,58.0
26117,,,
26119,,,
26121,15.0,30.0,136.0
26123,40.0,44.0,88.0
26125,31.0,83.0,63.0
26127,-26.0,13.0,9.0
26129,,,
26131,,,
26133,,,
26135,,,
26137,,,
26139,33.0,176.0,176.0
26141,,,
26143,-38.0,-33.0,-33.0
26145,-10.0,0.0,-14.0
26147,38.0,-2.0,27.0
26149,,,
26151,,,
26153,-51.0,-49.0,-22.0
26155,,,
26157,,,
26159,-9.0,,
26161,53.0,130.0,115.0
26163,24.0,69.0,36.0
26165,,,
27001,-65.0,-50.0,-58.0
27003,12.0,187.0,118.0
27005,,,
27007,4.0,11.0,-38.0
27009,,,
27011,,,
27013,-40.0,-26.0,-26.0
27015,,,
27017,,,
27019,-41.0,68.0,46.0
27021,-18.0,-16.0,-11.0
27023,,,
27025,-33.0,-33.0,-33.0
27027,,,
27029,,,
27031,,,
27033,,,
27035,-33.0,-17.0,14.0
27037,-16.0,139.0,90.0
27039,,,
27041,-47.0,-47.0,-47.0
27043,,,
27045,,,
27047,,,
27049,-20.0,-20.0,-20.0
27051,,,
27053,-17.0,105.0,65.0
27055,,,
27057,,,
27059,-36.0,-36.0,-36.0
27061,,,
27063,,,
27065,,,
27067,,,
27071,,,
27073,,,
27075,-50.0,-11.0,25.0
27077,,,
27079,,,
27081,,,
27083,,,
27085,,,
27087,,,
27089,,,
27091,,,
27093,,,
27095,,,
27097,-61.0,-61.0,-61.0
27099,,,
27101,,,
27103,,,
27105,,,
27107,,,
27109,-13.0,29.0,107.0
27111,-2.0,-9.0,-9.0
27113,,,
27115,-47.0,-47.0,-47.0
27117,,,
27119,,,
27121,,,
27123,-29.0,92.0,26.0
27125,,,
27127,,,
27129,,,
27131,-48.0,2.0,2.0
27133,,,
27135,,,
27137,-35.0,58.0,32.0
27139,-19.0,107.0,83.0
27141,-42.0,-42.0,-42.0
27143,,,
27145,-53.0,6.0,-19.0
27147,-60.0,-37.0,-37.0
27149,,,
27151,,,
27153,,,
27157,,,
27159,,,
27161,,,
27163,-8.0,223.0,136.0
27165,,,
27167,,,
27169,,,
27171,-25.0,25.0,79.0
27173,,,
28001,,,
28003,,,
28005,,,
28007,,,
28009,,,
28011,,,
28013,,,
28015,,,
28017,,,
28021,,,
28023,,,
28025,,,
28027,,,
28029,,,
28031,,,
28035,,,
28039,,,
28041,,,
28043,,,
28045,,,
28047,51.0,4.0,-3.0
28049,10.0,-6.0,-24.0
28051,,,
28053,,,
28057,,,
28059,19.0,-25.0,-27.0
28061,,,
28063,,,
28065,,,
28067,,,
28069,,,
28071,,,
28073,,,
28075,8.0,-20.0,-10.0
28077,,,
28079,,,
28081,,,
28083,,,
28085,,,
28087,,,
28089,45.0,-36.0,-53.0
28091,,,
28093,,,
28095,,,
28097,,,
28099,,,
28101,,,
28103,,,
28105,,,
28107,,,
28109,,,
28111,-22.0,-43.0,-25.0
28113,,,
28115,,,
28117,,,
28119,,,
28121,-9.0,-59.0,-63.0
28123,,,
28127,,,
28129,,,
28131,,,
28133,,,
28135,,,
28137,,,
28139,,,
28141,,,
28143,,,
28145,,,
28147,,,
28149,-20.0,-34.0,-42.0
28151,,,
28153,,,
28155,,,
28157,,,
28159,,,
28161,,,
28163,,,
29001,,,
29003,,,
29007,,,
29009,,,
29011,,,
29013,,,
29015,,,
29017,,,
29019,65.0,22.0,-13.0
29021,,,
29023,,,
29025,,,
29027,,,
29029,,,
29031,0.0,-3.0,0.0
29033,,,
29037,29.0,20.0,6.0
29039,,,
29041,,,
29043,-19.0,-62.0,-34.0
29045,,,
29047,214.0,118.0,146.0
29049,,,
29051,,,
29053,,,
29055,,,
29057,,,
29059,,,
29061,,,
29063,,,
29065,,,
29067,,,
29069,,,
29071,61.0,-14.0,22.0
29073,,,
29075,,,
29077,43.0,-13.0,-25.0
29079,,,
29081,,,
29083,,,
29085,,,
29089,,,
29091,,,
29093,104.0,46.0,44.0
29095,28.0,-8.0,-6.0
29097,42.0,-7.0,1.0
29099,94.0,6.0,6.0
29101,,,
29105,,,
29107,,,
29109,,,
29111,,,
29113,,,
29115,,,
29117,,,
29119,,,
29121,,,
29123,,,
29125,,,
29127,,,
29131,-32.0,-32.0,-32.0
29133,,,
29135,,,
29137,,,
29139,,,
29141,,,
29143,,,
29145,7.0,40.0,52.0
29147,,,
29149,,,
29151,,,
29153,,,
29155,,,
29157,,,
29159,,,
29161,,,
29163,,,
29165,-19.0,8.0,8.0
29167,-46.0,-63.0,-46.0
29169,,,
29171,,,
29173,,,
29175,,,
29177,,,
29181,,,
29183,63.0,-9.0,24.0
29185,,,
29186,,,
29187,-29.0,-29.0,-29.0
29189,87.0,-42.0,-5.0
29195,,,
29197,,,
29201,,,
29203,,,
29205,,,
29207,,,
29209,,,
29211,,,
29213,41.0,-12.0,-27.0
29215,,,
29217,,,
29219,,,
29221,,,
29223,,,
29225,,,
29229,,,
30001,,,
30003,,,
30005,,,
30007,,,
30009,,,
30013,-22.0,-28.0,-60.0
30017,,,
30021,,,
30023,,,
30027,,,
30029,-35.0,-44.0,-56.0
30031,61.0,39.0,-61.0
30035,,,
30041,,,
30043,,,
30047,,,
30049,19.0,23.0,-56.0
30053,,,
30057,-42.0,-47.0,-62.0
30061,,,
30063,31.0,59.0,-44.0
30067,,,
30073,,,
30077,,,
30081,,,
30083,,,
30085,,,
30087,,,
30089,,,
30093,,,
30095,,,
30099,,,
30105,,,
30111,114.0,100.0,-43.0
31001,,,
31003,,,
31013,,,
31019,,,
31021,,,
31023,,,
31025,-63.0,-63.0,-63.0
31027,,,
31031,,,
31033,,,
31035,,,
31037,,,
31039,,,
31041,,,
31043,,,
31045,,,
31047,,,
31049,,,
31051,,,
31053,,,
31055,55.0,20.0,-4.0
31059,,,
31067,,,
31079,,,
31081,,,
31089,,,
31093,,,
31095,,,
31097,,,
31099,,,
31101,,,
31105,,,
31107,,,
31109,156.0,83.0,117.0
31111,,,
31119,,,
31121,,,
31123,,,
31127,,,
31131,,,
31137,,,
31139,,,
31141,,,
31143,,,
31145,,,
31147,,,
31151,,,
31153,191.0,112.0,115.0
31155,,,
31157,,,
31159,,,
31167,,,
31169,,,
31173,,,
31177,,,
31179,,,
31185,,,
32001,,,
32003,-47.0,-50.0,-50.0
32005,-35.0,-78.0,-32.0
32007,7.0,7.0,7.0
32013,,,
32015,,,
32019,,,
32021,,,
32023,-52.0,-64.0,-61.0
32027,,,
32029,,,
32031,6.0,-28.0,19.0
32033,,,
32510,-3.0,-26.0,34.0
33001,-53.0,-53.0,-53.0
33003,-66.0,10.0,-15.0
33005,-46.0,-22.0,-22.0
33007,-68.0,-23.0,-56.0
33009,-71.0,-20.0,-63.0
33011,-55.0,55.0,97.0
33013,-59.0,17.0,-4.0
33015,-63.0,14.0,63.0
33017,-53.0,47.0,-20.0
33019,,,
34001,11.0,53.0,56.0
34003,-64.0,-20.0,-21.0
34005,7.0,87.0,3.0
34007,-29.0,22.0,-33.0
34009,-14.0,29.0,25.0
34011,-35.0,16.0,-12.0
34013,-50.0,-21.0,-30.0
34015,-3.0,70.0,-8.0
34017,-69.0,-40.0,-51.0
34019,21.0,21.0,
34021,-27.0,9.0,-2.0
34023,-31.0,78.0,-6.0
34025,-32.0,77.0,24.0
34027,-43.0,58.0,15.0
34029,-25.0,5.0,0.0
34031,-53.0,20.0,0.0
34033,-22.0,45.0,-18.0
34035,-31.0,64.0,-12.0
34037,-39.0,100.0,42.0
34039,-40.0,38.0,-40.0
34041,-35.0,51.0,32.0
35001,8.0,9.0,-2.0
35005,-41.0,-38.0,-38.0
35006,,,
35007,,,
35009,-32.0,-6.0,-33.0
35015,-39.0,-35.0,-36.0
35017,,,
35019,,,
35023,,,
35025,-24.0,-7.0,-22.0
35027,-72.0,-73.0,-76.0
35028,,,
35029,-45.0,-37.0,-55.0
35031,,,
35035,-58.0,-50.0,-55.0
35037,,,
35039,,,
35041,,,
35043,3.0,14.0,18.0
35045,2.0,9.0,-9.0
35047,,,
35049,-23.0,-14.0,-30.0
35051,,,
35053,,,
35055,-36.0,-12.0,-7.0
35057,,,
35059,,,
35061,-10.0,15.0,-25.0
36001,-15.0,91.0,66.0
36003,,,
36005,-51.0,-27.0,-20.0
36007,5.0,74.0,40.0
36009,-37.0,8.0,7.0
36011,,,
36013,-22.0,-22.0,-22.0
36015,,,
36017,,,
36019,,,
36021,,,
36023,,,
36025,,,
36027,-34.0,61.0,102.0
36029,64.0,58.0,20.0
36031,-70.0,-28.0,-37.0
36033,,,
36035,,,
36037,,,
36039,-48.0,4.0,-33.0
36043,,,
36045,,,
36047,-55.0,-23.0,-9.0
36049,,,
36051,,,
36053,,,
36055,115.0,97.0,97.0
36057,,,
36059,-60.0,-7.0,39.0
36061,-79.0,-67.0,-61.0
36063,14.0,18.0,-24.0
36065,-6.0,91.0,36.0
36067,38.0,72.0,57.0
36069,-26.0,74.0,79.0
36071,-24.0,101.0,149.0
36073,,,
36075,15.0,-6.0,-15.0
36077,,,
36079,-36.0,-36.0,-36.0
36081,-52.0,-11.0,11.0
36083,-25.0,5.0,-7.0
36085,-48.0,-9.0,-9.0
36087,-49.0,62.0,146.0
36089,-47.0,0.0,-6.0
36091,-48.0,47.0,15.0
36093,-20.0,-2.0,2.0
36095,,,
36097,,,
36099,,,
36101,-12.0,0.0,-29.0
36103,-42.0,35.0,109.0
36105,,,
36107,,,
36109,28.0,-15.0,-34.0
36111,-41.0,79.0,151.0
36113,-46.0,33.0,51.0
36115,,,
36117,,,
36119,-47.0,41.0,116.0
36121,,,
36123,,,
37001,34.0,39.0,57.0
37003,,,
37005,,,
37007,,,
37009,,,
37011,,,
37013,58.0,15.0,25.0
37015,,,
37017,-27.0,-27.0,-27.0
37019,26.0,12.0,-12.0
37021,-9.0,-15.0,7.0
37023,30.0,11.0,43.0
37025,6.0,8.0,38.0
37027,-2.0,-2.0,-2.0
37029,,,
37031,-2.0,-13.0,-16.0
37033,,,
37035,49.0,39.0,39.0
37037,0.0,,
37039,,,
37041,,,
37043,,,
37045,8.0,16.0,16.0
37047,,,
37049,35.0,10.0,12.0
37051,18.0,7.0,6.0
37053,,,
37055,3.0,-19.0,-39.0
37057,60.0,81.0,81.0
37059,,,
37061,,,
37063,-7.0,-3.0,-6.0
37065,,,
37067,57.0,44.0,95.0
37069,,,
37071,-7.0,0.0,7.0
37073,,,
37075,,,
37077,,,
37079,-14.0,-17.0,-17.0
37081,20.0,20.0,50.0
37083,,,
37085,0.0,-19.0,-15.0
37087,24.0,15.0,12.0
37089,25.0,19.0,81.0
37091,,,
37093,,,
37097,38.0,7.0,55.0
37099,17.0,9.0,9.0
37101,21.0,30.0,30.0
37103,,,
37105,,,
37107,,,
37109,-31.0,,
37111,35.0,19.0,9.0
37113,-7.0,-15.0,-15.0
37115,,,
37117,,,
37119,1.0,-4.0,-17.0
37121,,,
37123,9.0,9.0,9.0
37125,21.0,12.0,12.0
37127,-39.0,-39.0,
37129,12.0,-17.0,-25.0
37131,,,
37133,25.0,2.0,10.0
37135,-20.0,-11.0,-4.0
37137,,,
37139,,,
37141,,,
37143,,,
37145,,,
37147,6.0,1.0,-2.0
37149,,,
37151,-13.0,-30.0,-20.0
37153,,,
37155,,,
37157,-12.0,,
37159,66.0,40.0,35.0
37161,-10.0,-14.0,9.0
37163,,,
37165,,,
37167,,,
37169,-25.0,-22.0,-22.0
37171,-20.0,-18.0,-11.0
37173,-31.0,-26.0,-25.0
37175,14.0,-8.0,-8.0
37179,4.0,-18.0,-14.0
37181,,,
37183,-1.0,5.0,26.0
37185,,,
37187,,,
37189,56.0,6.0,28.0
37191,22.0,-16.0,-37.0
37193,-49.0,-59.0,-26.0
37195,-11.0,-11.0,-11.0
37197,,,
37199,,,
38003,,,
38009,,,
38015,26.0,-23.0,-15.0
38017,69.0,4.0,8.0
38025,-26.0,-28.0,-54.0
38035,-48.0,-62.0,-53.0
38053,,,
38055,,,
38057,,,
38059,,,
38061,,,
38067,,,
38071,,,
38073,,,
38077,,,
38079,,,
38081,,,
38089,,,
38093,,,
38097,,,
38099,,,
38101,,,
38105,,,
39001,,,
39003,13.0,11.0,11.0
39005,,,
39007,-1.0,125.0,81.0
39009,,,
39011,,,
39013,,,
39015,,,
39017,136.0,48.0,136.0
39019,,,
39021,,,
39023,,,
39025,126.0,54.0,68.0
39027,,,
39029,,,
39031,,,
39033,,,
39035,137.0,21.0,67.0
39037,,,
39039,,,
39041,171.0,20.0,137.0
39043,2.0,2.0,2.0
39045,61.0,28.0,58.0
39047,,,
39049,106.0,-8.0,43.0
39051,,,
39053,,,
39055,10.0,10.0,10.0
39057,113.0,20.0,144.0
39059,,,
39061,139.0,35.0,94.0
39063,,,
39065,,,
39067,,,
39069,,,
39071,,,
39073,25.0,12.0,-35.0
39075,,,
39077,,,
39079,,,
39081,,,
39083,,,
39085,146.0,54.0,120.0
39087,,,
39089,39.0,-12.0,9.0
39091,,,
39093,-8.0,57.0,114.0
39095,78.0,111.0,61.0
39097,,,
39099,-25.0,116.0,97.0
39101,,,
39103,,,
39105,,,
39107,,,
39109,-7.0,-4.0,-4.0
39111,,,
39113,104.0,12.0,87.0
39115,,,
39117,,,
39119,,,
39121,,,
39123,,,
39125,,,
39127,,,
39129,,,
39131,,,
39133,26.0,13.0,22.0
39135,,,
39137,,,
39139,,,
39141,-28.0,-28.0,
39143,,,
39145,,,
39147,,,
39149,,,
39151,167.0,65.0,89.0
39153,139.0,40.0,59.0
39155,80.0,51.0,87.0
39157,,,
39159,,,
39161,,,
39163,,,
39165,23.0,83.0,75.0
39167,,,
39169,,,
39171,,,
39173,-7.0,-7.0,-7.0
39175,,,
40001,,,
40005,,,
40009,,,
40011,,,
40013,,,
40015,,,
40017,85.0,49.0,26.0
40019,,,
40021,-38.0,-38.0,
40023,,,
40027,26.0,-4.0,-28.0
40029,,,
40031,66.0,13.0,-18.0
40033,,,
40035,,,
40037,-18.0,-37.0,-37.0
40039,,,
40041,,,
40047,-36.0,-21.0,-54.0
40049,-27.0,-60.0,-56.0
40051,,,
40055,,,
40061,,,
40063,,,
40065,,,
40067,,,
40069,,,
40071,,,
40073,,,
40075,,,
40077,,,
40079,,,
40081,,,
40083,,,
40085,,,
40087,,,
40089,-11.0,-42.0,2.0
40091,,,
40093,,,
40095,,,
40097,,,
40099,-22.0,-27.0,-19.0
40101,1.0,10.0,19.0
40103,,,
40105,,,
40107,,,
40109,24.0,0.0,-17.0
40111,,,
40113,-38.0,-38.0,
40115,,,
40117,,,
40119,22.0,-33.0,10.0
40121,,-38.0,-38.0
40123,,,
40125,-35.0,-52.0,-56.0
40127,,,
40131,-10.0,16.0,16.0
40133,,,
40135,,,
40137,,,
40139,,,
40141,,,
40143,-22.0,-35.0,-31.0
40145,,,
40147,,,
40149,,,
40151,24.0,4.0,4.0
40153,,,
41001,,,
41003,-5.0,18.0,44.0
41005,-15.0,12.0,6.0
41007,-58.0,-24.0,-25.0
41009,2.0,58.0,58.0
41011,-48.0,-24.0,-11.0
41013,,,
41015,-24.0,-29.0,16.0
41017,-10.0,-26.0,-14.0
41019,-10.0,-9.0,17.0
41023,,,
41025,,,
41027,-12.0,4.0,-3.0
41029,12.0,4.0,44.0
41031,,,
41033,27.0,9.0,64.0
41035,21.0,-4.0,18.0
41037,,,
41039,-29.0,-11.0,29.0
41041,-53.0,-34.0,-43.0
41043,-9.0,23.0,38.0
41045,,,
41047,-26.0,0.0,37.0
41049,,,
41051,-23.0,9.0,5.0
41053,-5.0,41.0,41.0
41055,,,
41057,-50.0,-13.0,-10.0
41059,-13.0,4.0,13.0
41061,,,
41063,,,
41065,-9.0,-9.0,12.0
41067,-6.0,34.0,47.0
41071,11.0,39.0,66.0
42001,0.0,35.0,16.0
42003,83.0,36.0,8.0
42005,,,
42007,-59.0,53.0,14.0
42009,,,
42011,-21.0,99.0,53.0
42013,-36.0,-36.0,-36.0
42015,,,
42017,-8.0,102.0,54.0
42019,-4.0,36.0,0.0
42021,,,
42025,-31.0,-18.0,-13.0
42027,-24.0,-24.0,-5.0
42029,-44.0,25.0,12.0
42031,,,
42033,-34.0,-34.0,-34.0
42035,,,
42037,,,
42039,,,
42041,-15.0,66.0,83.0
42043,-18.0,60.0,28.0
42045,13.0,99.0,57.0
42047,,,
42049,127.0,55.0,80.0
42051,-34.0,-34.0,-34.0
42055,-40.0,25.0,-15.0
42057,,,
42059,,,
42061,,,
42063,,,
42065,,,
42067,,,
42069,-9.0,94.0,64.0
42071,-11.0,103.0,36.0
42073,-50.0,-50.0,-50.0
42075,-42.0,-42.0,-42.0
42077,-28.0,70.0,46.0
42079,-5.0,80.0,51.0
42081,-44.0,-10.0,-28.0
42083,,,
42085,,,
42087,,,
42089,-49.0,-13.0,-6.0
42091,-4.0,85.0,62.0
42093,,,
42095,-6.0,123.0,73.0
42097,,,
42099,,,
42101,-47.0,-18.0,-37.0
42103,,,
42105,,,
42107,-43.0,-43.0,-43.0
42109,,,
42111,-20.0,40.0,40.0
42113,,,
42115,,-42.0,-42.0
42117,,,
42119,,,
42121,,,
42123,-38.0,-38.0,-38.0
42125,45.0,15.0,27.0
42127,,,
42129,103.0,80.0,43.0
42131,,,
42133,-11.0,68.0,42.0
44001,,,
44003,-44.0,2.0,72.0
44005,-60.0,-34.0,-1.0
44007,-50.0,15.0,52.0
44009,-59.0,-3.0,91.0
45001,,,
45003,-1.0,-11.0,-19.0
45005,,,
45007,-1.0,7.0,8.0
45009,,,
45011,,,
45013,1.0,-45.0,-40.0
45015,47.0,13.0,7.0
45017,,,
45019,-35.0,-46.0,-58.0
45021,-7.0,-13.0,-13.0
45023,,,
45025,,,
45027,,,
45029,,,
45031,-36.0,-28.0,-28.0
45033,-41.0,-54.0,-64.0
45035,1.0,-23.0,-30.0
45037,,,
45039,,,
45041,-30.0,-2.0,4.0
45043,58.0,2.0,-23.0
45045,-35.0,-48.0,-41.0
45047,,,
45049,,,
45051,17.0,-31.0,-45.0
45053,-25.0,-54.0,-54.0
45055,,,
45057,,,
45059,,,
45061,,,
45063,24.0,10.0,7.0
45065,,,
45067,,,
45069,,,
45071,,,
45073,2.0,-7.0,-10.0
45075,,,
45077,3.0,-10.0,-17.0
45079,-37.0,-33.0,-37.0
45081,,,
45083,10.0,-6.0,21.0
45085,,,
45087,,,
45089,,,
45091,31.0,-12.0,-12.0
46005,,,
46009,,,
46011,,,
46013,,,
46015,,,
46019,,,
46023,,,
46027,,,
46029,,,
46033,,,
46035,,,
46041,,,
46047,,,
46051,,,
46057,,,
46065,,,
46067,,,
46077,,,
46079,,,
46081,-41.0,-26.0,-26.0
46083,,,
46087,,,
46093,,,
46099,141.0,67.0,13.0
46101,,,
46103,90.0,71.0,-58.0
46109,,,
46113,,,
46115,,,
46121,,,
46123,,,
46125,,,
46127,,,
46129,,,
46135,,,
47001,65.0,27.0,12.0
47003,,,
47005,,,
47007,,,
47009,35.0,22.0,65.0
47011,,,
47013,30.0,-4.0,4.0
47015,,,
47017,,,
47019,16.0,16.0,16.0
47021,,,
47023,,,
47025,,,
47027,,,
47029,-3.0,5.0,2.0
47031,,,
47033,,,
47035,,,
47037,-6.0,-34.0,-44.0
47039,,,
47041,,,
47043,,,
47045,,,
47047,,,
47049,,,
47051,,,
47053,,,
47055,,,
47057,,,
47059,,,
47061,,,
47063,,,
47065,17.0,-44.0,-25.0
47067,,,
47069,,,
47071,,,
47073,,,
47075,,,
47077,,,
47079,,,
47081,,,
47083,,,
47085,,,
47087,,,
47089,,,
47091,,,
47093,35.0,8.0,11.0
47097,,,
47099,,,
47101,,,
47103,,,
47105,,,
47107,,,
47109,,,
47111,,,
47113,-14.0,-22.0,-51.0
47115,29.0,-11.0,10.0
47117,,,
47119,-33.0,-33.0,-33.0
47121,,,
47123,,,
47125,91.0,23.0,58.0
47127,,,
47129,,,
47131,,,
47133,,,
47135,,,
47139,,,
47141,,,
47143,,,
47145,-19.0,-24.0,-24.0
47147,,,
47149,74.0,52.0,72.0
47151,,,
47153,,,
47155,-55.0,-65.0,-70.0
47157,0.0,-32.0,-45.0
47159,,,
47161,,,
47163,-22.0,101.0,41.0
47165,112.0,57.0,91.0
47167,,,
47169,,,
47171,,,
47173,,,
47175,,,
47177,,,
47179,-25.0,40.0,38.0
47181,,,
47183,,,
47185,,,
47187,76.0,27.0,47.0
47189,51.0,55.0,22.0
48001,,,
48003,,,
48005,-45.0,-52.0,-20.0
48007,-67.0,-59.0,-57.0
48009,,,
48013,,,
48015,,,
48017,,,
48019,-36.0,-49.0,-71.0
48021,-14.0,-55.0,-66.0
48025,,,
48027,8.0,-30.0,-25.0
48029,-46.0,-61.0,-73.0
48031,-50.0,-56.0,-71.0
48035,,,
48037,-11.0,-26.0,-29.0
48039,9.0,-12.0,-23.0
48041,-37.0,-49.0,-30.0
48043,,,
48047,,,
48049,,,
48051,,,
48053,8.0,-42.0,-62.0
48055,,,
48057,,-36.0,-38.0
48059,,,
48061,-70.0,-78.0,-74.0
48063,,,
48065,,,
48067,,,
48069,,,
48071,,-55.0,-55.0
48073,,,
48075,,,
48077,,,
48081,,,
48083,,,
48085,-11.0,-33.0,-44.0
48089,,,
48091,-30.0,-62.0,-70.0
48093,,,
48097,-8.0,-42.0,-38.0
48099,35.0,-5.0,-14.0
48103,,,
48105,,,
48107,,,
48109,,,
48111,,,
48113,-24.0,-46.0,-56.0
48115,,,
48117,,,
48119,,,
48121,1.0,-31.0,-40.0
48123,,,
48127,,,
48129,,,
48131,,,
48133,,,
48135,,,
48139,4.0,-20.0,-42.0
48141,-65.0,-78.0,-78.0
48143,,,
48145,,,
48147,,,
48149,,,
48153,,,
48157,-2.0,-22.0,-27.0
48159,,,
48161,,,
48163,,,
48165,,,
48167,-29.0,-48.0,-53.0
48169,,,
48171,-38.0,-68.0,-78.0
48175,,,
48177,-19.0,-57.0,-50.0
48179,,,
48181,47.0,-8.0,-35.0
48183,2.0,-25.0,-30.0
48185,,,
48187,-1.0,-31.0,-42.0
48189,,,
48191,,,
48193,,,
48197,,,
48199,,,
48201,-22.0,-38.0,-62.0
48203,-16.0,-36.0,-46.0
48205,,,
48207,,,
48209,-23.0,-45.0,-44.0
48213,-22.0,-41.0,-29.0
48215,-74.0,-78.0,-73.0
48217,,-42.0,-42.0
48219,,,
48221,-36.0,-53.0,-60.0
48223,,,
48225,,,
48227,,,
48231,-5.0,-52.0,-36.0
48233,,,
48237,,,
48239,,,
48241,25.0,13.0,15.0
48245,4.0,-13.0,-20.0
48247,,,
48249,,,
48251,19.0,-24.0,-28.0
48253,,,
48255,,,
48257,-26.0,-34.0,-49.0
48259,-61.0,-61.0,-56.0
48265,19.0,-30.0,-45.0
48267,,,
48273,-71.0,-70.0,-73.0
48277,,,
48279,,,
48281,,,
48283,,,
48285,,,
48287,,,
48289,,-33.0,-33.0
48291,,,
48293,,,
48297,,,
48299,10.0,-10.0,-24.0
48301,,,
48303,17.0,-14.0,34.0
48305,,,
48307,,,
48309,-12.0,-33.0,-31.0
48311,,,
48313,,,
48315,,,
48317,,,
48321,,-57.0,-57.0
48323,-82.0,-86.0,-90.0
48325,-54.0,-41.0,-59.0
48329,-45.0,-41.0,-43.0
48331,,,
48335,-70.0,-70.0,-70.0
48337,,,
48339,0.0,-33.0,-33.0
48341,,,
48343,,,
48347,-17.0,-8.0,-3.0
48349,-7.0,-47.0,-36.0
48351,,,
48353,,,
48355,-40.0,-38.0,-37.0
48357,,,
48359,,,
48361,-38.0,-36.0,-52.0
48363,,,
48365,,,
48367,2.0,-30.0,-41.0
48369,,,
48371,,,
48373,-7.0,-38.0,-24.0
48375,2.0,-23.0,-4.0
48377,,,
48379,,,
48381,-24.0,-44.0,-37.0
48383,,,
48385,,,
48387,,,
48389,,,
48391,,,
48395,,,
48397,,,
48399,,,
48401,,,
48403,,,
48405,,,
48407,-42.0,-40.0,-40.0
48409,-30.0,-33.0,-44.0
48411,,,
48415,,,
48419,,,
48421,,,
48423,-21.0,-40.0,-45.0
48425,,,
48427,-57.0,-60.0,-68.0
48429,,,
48435,,,
48437,,,
48439,-16.0,-42.0,-40.0
48441,,-54.0,-35.0
48445,,,
48449,,,
48451,18.0,-29.0,-50.0
48453,-19.0,-44.0,-63.0
48455,,,
48457,,,
48459,,,
48461,,,
48463,,-63.0,-63.0
48465,-53.0,-65.0,-35.0
48467,7.0,-9.0,-29.0
48469,-39.0,-63.0,-63.0
48471,-1.0,-33.0,-39.0
48473,,,
48475,,,
48477,,,
48479,-78.0,-72.0,-78.0
48481,,,
48483,,,
48485,-11.0,-23.0,-17.0
48487,,,
48489,,,
48491,-14.0,-36.0,-52.0
48493,-20.0,-49.0,-40.0
48495,,,
48497,8.0,-46.0,-37.0
48499,,,
48501,,,
48503,,,
48505,,,
48507,,,
49001,,,
49003,13.0,13.0,13.0
49005,66.0,63.0,47.0
49007,,,
49011,48.0,23.0,24.0
49013,,,
49015,,,
49017,13.0,11.0,-4.0
49019,-18.0,-34.0,-20.0
49021,,,
49023,,,
49025,21.0,13.0,-10.0
49027,,,
49029,,,
49035,16.0,6.0,14.0
49037,-7.0,-20.0,-30.0
49039,,,
49041,,,
49043,-47.0,-58.0,-48.0
49045,,,
49047,-20.0,0.0,0.0
49049,54.0,49.0,94.0
49051,-6.0,10.0,20.0
49053,-2.0,-13.0,-9.0
49057,76.0,49.0,57.0
50001,,,
50003,-23.0,-19.0,-35.0
50005,,,
50007,-50.0,7.0,1.0
50009,,,
50011,,,
50013,,,
50015,,,
50017,,,
50019,-46.0,-46.0,-46.0
50021,,,
50023,,,
50025,-38.0,-34.0,-36.0
50027,-63.0,-19.0,-24.0
51001,,,
51003,36.0,21.0,-2.0
51005,,,
51007,,,
51009,,,
51011,,,
51013,8.0,-1.0,-21.0
51015,-22.0,-22.0,-22.0
51017,-70.0,-69.0,-73.0
51019,,,
51021,,,
51023,,,
51025,,,
51027,,,
51029,,,
51031,,,
51033,-70.0,-72.0,-68.0
51035,,,
51036,,,
51037,,,
51041,27.0,19.0,34.0
51043,,,
51045,,,
51047,,,
51049,,,
51051,,,
51053,,,
51057,,,
51059,15.0,5.0,14.0
51061,,,
51063,,,
51065,,,
51067,,,
51069,-7.0,4.0,-13.0
51071,,,
51073,,,
51075,,,
51077,,,
51079,,,
51081,,,
51083,,,
51085,,,
51087,28.0,7.0,36.0
51089,,,
51093,,,
51095,-2.0,-2.0,-2.0
51097,,,
51099,,,
51101,,,
51103,,,
51105,,,
51107,-11.0,-6.0,-16.0
51109,,,
51111,,,
51113,,,
51115,,,
51117,2.0,2.0,4.0
51119,,,
51121,,,
51125,,,
51127,,,
51131,,,
51133,,,
51135,,,
51137,,,
51139,-17.0,-21.0,-29.0
51141,,,
51143,,,
51145,,,
51147,,,
51149,,,
51153,30.0,1.0,35.0
51155,,,
51157,,,
51159,,,
51161,,,
51163,,,
51165,-7.0,-7.0,25.0
51167,,,
51169,,,
51171,,,
51173,,,
51175,,,
51177,,,
51179,99.0,72.0,54.0
51181,,,
51183,,,
51185,,,
51187,,,
51191,,,
51193,,,
51195,,,
51197,,,
51199,31.0,-19.0,-15.0
53001,,,
53003,,,
53005,3.0,14.0,24.0
53007,-15.0,-20.0,-21.0
53009,-20.0,-19.0,3.0
53011,-3.0,46.0,53.0
53015,-23.0,6.0,28.0
53017,,,
53019,,,
53021,-16.0,-16.0,-16.0
53025,10.0,17.0,-1.0
53027,-16.0,-5.0,-9.0
53029,-12.0,-17.0,9.0
53031,-9.0,-13.0,-8.0
53033,0.0,-10.0,-5.0
53035,12.0,2.0,-10.0
53037,-43.0,-41.0,-26.0
53039,,,
53041,-37.0,-10.0,-11.0
53043,,,
53045,1.0,-3.0,15.0
53047,,,
53049,-27.0,-11.0,-26.0
53051,,,
53053,-17.0,-11.0,-2.0
53055,,,
53057,0.0,4.0,28.0
53059,-57.0,-43.0,-38.0
53061,-2.0,-8.0,18.0
53063,9.0,0.0,25.0
53065,0.0,-2.0,18.0
53067,-32.0,-19.0,-17.0
53071,,,
53073,-11.0,-18.0,-9.0
53075,,,
53077,0.0,-5.0,-4.0
54001,,,
54003,-9.0,-9.0,-18.0
54005,,,
54007,,,
54009,,,
54011,,,
54019,,,
54023,,,
54025,,,
54027,,,
54029,,,
54031,,,
54033,-24.0,-20.0,-43.0
54035,,,
54037,17.0,-9.0,-6.0
54039,-2.0,-16.0,-38.0
54041,,,
54043,,,
54045,,,
54047,,,
54049,,,
54051,,,
54053,,,
54055,-36.0,2.0,-42.0
54057,,,
54059,,,
54061,60.0,-3.0,-14.0
54063,,,
54065,,,
54067,,,
54069,-34.0,-43.0,-36.0
54073,,,
54075,4.0,-6.0,-33.0
54077,,,
54079,,,
54081,,,
54083,,,
54085,,,
54087,,,
54089,,,
54091,,,
54093,,,
54095,,,
54097,,,
54099,,,
54101,,,
54103,,,
54105,,,
54107,-21.0,-21.0,-6.0
54109,,,
55001,,,
55003,,,
55005,,,
55007,,,
55009,-26.0,123.0,106.0
55011,,,
55013,,,
55015,193.0,193.0,193.0
55017,,,
55019,,,
55021,,,
55023,,,
55025,-25.0,113.0,42.0
55027,-9.0,-9.0,-9.0
55029,,,
55031,,,
55033,,,
55035,-22.0,18.0,18.0
55037,,,
55039,-13.0,90.0,72.0
55041,,,
55043,,,
55045,,,
55047,,,
55049,,,
55051,,,
55053,,,
55055,-11.0,-11.0,-11.0
55057,,,
55059,-23.0,45.0,41.0
55061,,,
55063,-4.0,34.0,72.0
55065,,,
55067,,,
55069,,,
55071,11.0,37.0,81.0
55073,-50.0,24.0,11.0
55075,-15.0,-15.0,-15.0
55077,,,
55079,-9.0,79.0,49.0
55081,,,
55083,-58.0,-58.0,-58.0
55085,-50.0,-40.0,-22.0
55087,-41.0,52.0,80.0
55089,11.0,95.0,131.0
55091,,,
55093,,,
55095,-33.0,13.0,86.0
55097,-18.0,7.0,29.0
55099,,,
55101,-11.0,93.0,68.0
55103,,,
55105,-15.0,85.0,84.0
55107,,,
55109,-21.0,-38.0,-38.0
55111,-30.0,190.0,1.0
55113,,,
55115,,,
55117,4.0,122.0,85.0
55119,,,
55121,,,
55123,,,
55125,-46.0,-59.0,-46.0
55127,-33.0,51.0,54.0
55129,,,
55131,-22.0,143.0,92.0
55133,-23.0,141.0,89.0
55135,-25.0,-25.0,-25.0
55137,,,
55139,-11.0,139.0,141.0
55141,,,
56001,-4.0,-4.0,-4.0
56003,,,
56005,,,
56007,,,
56009,,,
56011,,,
56013,,,
56015,,,
56017,-56.0,-62.0,-62.0
56019,,,
56021,26.0,65.0,23.0
56023,,,
56025,64.0,39.0,22.0
56029,,,
56031,,,
56033,,,
56035,,,
56037,,,
56039,-57.0,-69.0,-63.0
56041,,,
56043,,,
56045,,,
