,Grocery & pharmacy,Grocery & pharmacy,Grocery & pharmacy
Date,2020-03-29,2020-04-05,2020-04-11
FIPS,,,
1001,-8.0,-8.0,16.0
1003,-19.0,-27.0,-10.0
1005,-20.0,-20.0,-20.0
1007,-10.0,-15.0,-15.0
1009,-2.0,-17.0,18.0
1011,-13.0,-27.0,-27.0
1013,-5.0,-9.0,-9.0
1015,-17.0,-22.0,1.0
1017,1.0,-12.0,-3.0
1019,6.0,-5.0,-5.0
1021,-11.0,-14.0,11.0
1023,-16.0,-19.0,-19.0
1025,-24.0,-29.0,-29.0
1027,-14.0,-20.0,-20.0
1029,-3.0,-13.0,-13.0
1031,-15.0,-19.0,-2.0
1033,-6.0,-16.0,11.0
1035,-10.0,-10.0,-10.0
1037,,,
1039,-15.0,-17.0,6.0
1041,-17.0,-10.0,-10.0
1043,-2.0,-10.0,13.0
1045,-9.0,-22.0,0.0
1047,-2.0,-16.0,7.0
1049,-7.0,-21.0,2.0
1051,-13.0,-11.0,6.0
1053,-20.0,-7.0,-7.0
1055,-13.0,-22.0,1.0
1057,,,
1059,-4.0,-15.0,-15.0
1061,-4.0,-7.0,14.0
1063,-22.0,-29.0,-29.0
1065,-29.0,-36.0,-36.0
1067,-8.0,-19.0,-19.0
1069,-18.0,-25.0,-5.0
1071,-4.0,-10.0,14.0
1073,-16.0,-17.0,3.0
1075,2.0,0.0,0.0
1077,-14.0,-16.0,6.0
1079,-6.0,-16.0,-16.0
1081,-23.0,-27.0,-9.0
1083,-12.0,-18.0,5.0
1085,,,
1087,-12.0,-5.0,-5.0
1089,-17.0,-28.0,-5.0
1091,-4.0,5.0,5.0
1093,-4.0,-13.0,-13.0
1095,-4.0,-12.0,7.0
1097,-11.0,-10.0,6.0
1099,-7.0,36.0,36.0
1101,-14.0,-17.0,-2.0
1103,-4.0,-14.0,11.0
1105,4.0,-16.0,-16.0
1107,-4.0,9.0,9.0
1109,-36.0,-34.0,-20.0
1111,-14.0,-7.0,-7.0
1113,-5.0,19.0,48.0
1115,-15.0,-15.0,8.0
1117,-20.0,-27.0,-4.0
1119,-6.0,-11.0,-11.0
1121,-10.0,-13.0,11.0
1123,-9.0,-9.0,6.0
1125,-14.0,-18.0,5.0
1127,-10.0,-14.0,7.0
1129,-13.0,-16.0,-16.0
1131,-17.0,-17.0,
1133,1.0,-12.0,-12.0
2122,-28.0,-15.0,-8.0
4001,-13.0,-8.0,-54.0
4003,-21.0,-22.0,-18.0
4005,-24.0,-27.0,-32.0
4007,16.0,9.0,16.0
4009,14.0,17.0,12.0
4011,-10.0,-13.0,-13.0
4012,-35.0,-42.0,-39.0
4013,-18.0,-21.0,-13.0
4015,-13.0,-11.0,-5.0
4017,-9.0,-15.0,-23.0
4019,-16.0,-16.0,-14.0
4021,-23.0,-22.0,-16.0
4023,-47.0,-49.0,-43.0
4025,-15.0,-15.0,-6.0
4027,-21.0,-24.0,-23.0
5001,-7.0,8.0,8.0
5003,-4.0,6.0,6.0
5005,-2.0,18.0,18.0
5007,-16.0,-21.0,-7.0
5009,-17.0,-12.0,5.0
5011,-17.0,-7.0,-7.0
5015,14.0,-3.0,-3.0
5017,6.0,4.0,4.0
5019,2.0,-4.0,-4.0
5021,-2.0,-2.0,-2.0
5023,0.0,43.0,43.0
5025,,,
5027,-20.0,-11.0,-11.0
5029,4.0,2.0,2.0
5031,-3.0,0.0,-6.0
5033,-1.0,4.0,6.0
5035,-11.0,6.0,10.0
5037,90.0,93.0,93.0
5039,,,
5041,0.0,11.0,11.0
5043,-10.0,5.0,5.0
5045,-15.0,-14.0,-11.0
5047,12.0,-3.0,-3.0
5049,,,
5051,-12.0,-1.0,0.0
5053,-17.0,6.0,6.0
5055,-4.0,-2.0,5.0
5057,-13.0,-3.0,-3.0
5059,9.0,21.0,21.0
5061,-7.0,4.0,4.0
5063,9.0,50.0,50.0
5065,-15.0,8.0,8.0
5067,-12.0,24.0,24.0
5069,4.0,13.0,21.0
5071,12.0,4.0,4.0
5075,-6.0,-1.0,-1.0
5079,-16.0,-4.0,-4.0
5081,5.0,-4.0,-4.0
5083,13.0,9.0,9.0
5085,-5.0,4.0,12.0
5087,17.0,-13.0,-13.0
5089,5.0,3.0,3.0
5091,-10.0,-9.0,-2.0
5093,-1.0,18.0,18.0
5095,-8.0,-8.0,-8.0
5097,,,
5099,,,
5101,,,
5103,-21.0,-20.0,-20.0
5105,,,
5107,-6.0,16.0,16.0
5109,13.0,-8.0,-8.0
5111,-5.0,7.0,7.0
5113,3.0,31.0,31.0
5115,-9.0,-4.0,-6.0
5117,,,
5119,-9.0,-5.0,-5.0
5121,12.0,12.0,12.0
5123,10.0,28.0,28.0
5125,-13.0,-7.0,-3.0
5127,,,
5129,,,
5131,-11.0,-7.0,-3.0
5133,-11.0,-8.0,-8.0
5135,-7.0,0.0,0.0
5137,-29.0,8.0,8.0
5139,-8.0,-2.0,-9.0
5141,,,
5143,-16.0,-18.0,-9.0
5145,-12.0,5.0,1.0
5149,13.0,10.0,10.0
6001,-27.0,-36.0,-23.0
6005,-20.0,-44.0,-26.0
6007,-16.0,-23.0,-1.0
6009,-12.0,-18.0,-18.0
6011,-1.0,-6.0,-6.0
6013,-21.0,-25.0,-7.0
6015,-11.0,-11.0,-11.0
6017,-37.0,-45.0,-27.0
6019,-14.0,-16.0,-3.0
6021,-14.0,25.0,25.0
6023,-23.0,-25.0,-14.0
6025,-31.0,-29.0,-30.0
6027,-37.0,-37.0,-37.0
6029,-17.0,-13.0,-2.0
6031,-14.0,-12.0,3.0
6033,-13.0,-2.0,5.0
6035,-8.0,-3.0,-3.0
6037,-27.0,-27.0,-19.0
6039,-25.0,-30.0,-10.0
6041,-30.0,-38.0,-29.0
6043,-23.0,-54.0,-54.0
6045,-29.0,-26.0,-12.0
6047,-18.0,-24.0,-8.0
6049,-9.0,4.0,4.0
6051,-60.0,-67.0,-67.0
6053,-19.0,-29.0,-10.0
6055,-34.0,-37.0,-28.0
6057,-26.0,-38.0,-24.0
6059,-24.0,-26.0,-13.0
6061,-27.0,-42.0,-13.0
6063,-8.0,-18.0,-18.0
6065,-20.0,-21.0,-12.0
6067,-21.0,-27.0,-3.0
6069,-25.0,-33.0,-9.0
6071,-23.0,-21.0,-11.0
6073,-26.0,-28.0,-17.0
6075,-37.0,-41.0,-33.0
6077,-16.0,-21.0,-1.0
6079,-29.0,-39.0,-19.0
6081,-26.0,-32.0,-20.0
6083,-17.0,-26.0,-12.0
6085,-33.0,-45.0,-26.0
6087,-27.0,-37.0,-16.0
6089,-15.0,-11.0,3.0
6093,-20.0,-17.0,2.0
6095,-21.0,-23.0,-4.0
6097,-22.0,-24.0,-14.0
6099,-19.0,-25.0,-4.0
6101,-18.0,-21.0,-4.0
6103,-9.0,-5.0,11.0
6105,-20.0,0.0,0.0
6107,-13.0,-12.0,-2.0
6109,-17.0,-31.0,1.0
6111,-24.0,-29.0,-18.0
6113,-23.0,-28.0,-9.0
6115,-12.0,-15.0,9.0
8001,-25.0,-15.0,-4.0
8003,-28.0,-15.0,-15.0
8005,-30.0,-25.0,-12.0
8007,-28.0,-20.0,-20.0
8011,,,
8013,-32.0,-30.0,-15.0
8015,-31.0,-34.0,-34.0
8019,-55.0,-53.0,-53.0
8021,,,
8029,-20.0,-11.0,-11.0
8031,-25.0,-20.0,-8.0
8035,-36.0,-34.0,-19.0
8037,-47.0,-42.0,-33.0
8039,-16.0,-25.0,-25.0
8041,-22.0,-17.0,-8.0
8043,-13.0,2.0,2.0
8045,-35.0,-30.0,-17.0
8047,,,
8049,-49.0,-50.0,-43.0
8051,-43.0,-38.0,-38.0
8055,-43.0,-10.0,-10.0
8059,-41.0,-34.0,-17.0
8061,,,
8063,-20.0,-20.0,-20.0
8065,-33.0,-34.0,-34.0
8067,-28.0,-15.0,-7.0
8069,-27.0,-20.0,-6.0
8071,-23.0,-27.0,-27.0
8073,-31.0,-12.0,-12.0
8075,-15.0,-13.0,-13.0
8077,-21.0,-15.0,-7.0
8081,-22.0,-24.0,-24.0
8083,-14.0,2.0,2.0
8085,-31.0,-21.0,-10.0
8087,-33.0,-27.0,-17.0
8089,-28.0,-17.0,-17.0
8091,,,
8093,-44.0,-41.0,-41.0
8095,,,
8097,-56.0,-53.0,-53.0
8099,-25.0,-4.0,-4.0
8101,-21.0,-10.0,-1.0
8103,,,
8105,-24.0,-20.0,-20.0
8107,-49.0,-52.0,-48.0
8109,,,
8113,,,
8117,-73.0,-73.0,-71.0
8119,-23.0,-19.0,-19.0
8121,,,
8123,-26.0,-17.0,-6.0
8125,-22.0,-26.0,-26.0
9001,-35.0,-30.0,-17.0
9003,-31.0,-25.0,-9.0
9005,-27.0,-27.0,-6.0
9007,-28.0,-27.0,0.0
9009,-31.0,-23.0,-8.0
9011,-28.0,-20.0,-3.0
9013,-33.0,-29.0,-3.0
9015,-27.0,-22.0,4.0
10001,-32.0,-29.0,-16.0
10003,-31.0,-30.0,-19.0
10005,-23.0,-26.0,-9.0
12001,-26.0,-30.0,-19.0
12003,-8.0,-6.0,-6.0
12005,-16.0,-24.0,-13.0
12007,0.0,-3.0,21.0
12009,-22.0,-36.0,-17.0
12011,-28.0,-30.0,-23.0
12013,-5.0,-14.0,-14.0
12015,-25.0,-35.0,-21.0
12017,-15.0,-28.0,3.0
12019,-15.0,-27.0,-1.0
12021,-29.0,-37.0,-25.0
12023,-8.0,-14.0,12.0
12027,-21.0,-20.0,-5.0
12029,-4.0,-6.0,-6.0
12031,-13.0,-24.0,-8.0
12033,-10.0,-15.0,-5.0
12035,-16.0,-27.0,1.0
12037,-12.0,-23.0,-23.0
12039,-10.0,-11.0,5.0
12041,-1.0,-12.0,-12.0
12043,,,
12045,-1.0,-17.0,-17.0
12047,-4.0,-3.0,-3.0
12049,-29.0,-32.0,-17.0
12051,-10.0,-16.0,-4.0
12053,-16.0,-30.0,-10.0
12055,-21.0,-31.0,-15.0
12057,-30.0,-34.0,-19.0
12059,-12.0,-19.0,-19.0
12061,-29.0,-33.0,-24.0
12063,-11.0,-14.0,-4.0
12065,-10.0,-13.0,-13.0
12067,,,
12069,-24.0,-35.0,-16.0
12071,-28.0,-38.0,-25.0
12073,-22.0,-24.0,-15.0
12075,-12.0,-19.0,-4.0
12077,-5.0,-14.0,-14.0
12079,-2.0,-14.0,-14.0
12081,-22.0,-36.0,-18.0
12083,-21.0,-29.0,-11.0
12085,-28.0,-39.0,-17.0
12086,-35.0,-36.0,-33.0
12087,-47.0,-54.0,-46.0
12089,-18.0,-24.0,-6.0
12091,-14.0,-23.0,-9.0
12093,-10.0,-22.0,-7.0
12095,-42.0,-47.0,-30.0
12097,-40.0,-45.0,-29.0
12099,-23.0,-33.0,-21.0
12101,-24.0,-33.0,-15.0
12103,-25.0,-32.0,-18.0
12105,-22.0,-31.0,-15.0
12107,-15.0,-14.0,4.0
12109,-13.0,-21.0,-2.0
12111,-14.0,-24.0,-9.0
12113,-13.0,-24.0,-2.0
12115,-28.0,-40.0,-28.0
12117,-21.0,-37.0,-17.0
12119,-21.0,-36.0,-16.0
12121,-14.0,-14.0,0.0
12123,-7.0,2.0,2.0
12125,-5.0,-11.0,-11.0
12127,-19.0,-34.0,-13.0
12129,-20.0,-17.0,-17.0
12131,-23.0,-32.0,-23.0
12133,5.0,8.0,8.0
13001,-16.0,-20.0,-20.0
13003,12.0,8.0,8.0
13005,-15.0,-27.0,-27.0
13009,-20.0,-26.0,-11.0
13011,,,
13013,-12.0,-15.0,2.0
13015,-5.0,-9.0,7.0
13017,9.0,1.0,1.0
13019,5.0,-13.0,-13.0
13021,-16.0,-22.0,-3.0
13023,-8.0,8.0,8.0
13025,-4.0,-7.0,-7.0
13027,-5.0,-16.0,-16.0
13029,-19.0,-24.0,-2.0
13031,-12.0,-26.0,-14.0
13033,-7.0,-17.0,-17.0
13035,-6.0,-9.0,-9.0
13039,3.0,-4.0,12.0
13043,-20.0,-28.0,-28.0
13045,-18.0,-18.0,5.0
13047,-8.0,-20.0,3.0
13049,7.0,-9.0,-9.0
13051,-24.0,-29.0,-19.0
13053,-39.0,-45.0,-38.0
13055,-2.0,-5.0,-5.0
13057,-20.0,-28.0,-7.0
13059,-24.0,-27.0,-14.0
13063,-18.0,-20.0,-4.0
13065,-2.0,-2.0,-2.0
13067,-22.0,-28.0,-8.0
13069,-8.0,-16.0,-1.0
13071,-6.0,-13.0,1.0
13073,-7.0,-19.0,3.0
13075,2.0,-2.0,-2.0
13077,-16.0,-22.0,1.0
13079,,,
13081,-22.0,-21.0,-21.0
13083,-9.0,-23.0,-23.0
13085,-25.0,-37.0,-11.0
13087,-10.0,-12.0,-12.0
13089,-26.0,-25.0,-7.0
13091,-5.0,-18.0,-18.0
13093,-25.0,-28.0,-28.0
13095,-24.0,-29.0,-16.0
13097,-26.0,-24.0,-6.0
13099,-23.0,-29.0,-29.0
13103,-7.0,-17.0,9.0
13105,3.0,-21.0,-21.0
13107,17.0,5.0,5.0
13109,4.0,-22.0,-22.0
13111,-21.0,-29.0,-29.0
13113,-29.0,-32.0,-6.0
13115,-8.0,-12.0,7.0
13117,-32.0,-45.0,-22.0
13119,-15.0,-13.0,-13.0
13121,-26.0,-29.0,-15.0
13123,-31.0,-28.0,-28.0
13127,-22.0,-29.0,-15.0
13129,-8.0,-14.0,2.0
13131,-6.0,-13.0,-13.0
13133,-13.0,-27.0,-27.0
13135,-24.0,-26.0,-8.0
13137,-10.0,-24.0,11.0
13139,-19.0,-26.0,-8.0
13141,6.0,-17.0,-17.0
13143,-6.0,26.0,26.0
13145,9.0,0.0,0.0
13147,-6.0,-11.0,-11.0
13149,2.0,-15.0,-15.0
13151,-13.0,-21.0,4.0
13153,-15.0,-29.0,-9.0
13155,-2.0,-14.0,-14.0
13157,-38.0,-39.0,-16.0
13159,-2.0,-13.0,-13.0
13161,-12.0,-18.0,-18.0
13163,-3.0,-13.0,-13.0
13165,2.0,-17.0,-17.0
13167,-9.0,-13.0,-13.0
13169,4.0,-14.0,-14.0
13171,-6.0,-14.0,-14.0
13173,-6.0,-15.0,-15.0
13175,-15.0,-25.0,-10.0
13177,-21.0,-24.0,-24.0
13179,-17.0,-23.0,-5.0
13181,,,
13183,,,
13185,-17.0,-24.0,-10.0
13187,19.0,16.0,16.0
13189,4.0,-2.0,-2.0
13191,0.0,-9.0,-9.0
13193,-4.0,-16.0,-16.0
13195,-17.0,-6.0,4.0
13197,12.0,-9.0,-9.0
13199,-4.0,-7.0,-7.0
13201,,,
13205,-25.0,-28.0,-28.0
13207,3.0,-3.0,-3.0
13209,-7.0,-5.0,-5.0
13211,-14.0,-18.0,-18.0
13213,1.0,-6.0,3.0
13215,-8.0,-14.0,-1.0
13217,-14.0,-9.0,10.0
13219,-7.0,-27.0,-27.0
13221,0.0,-12.0,-12.0
13223,-25.0,-30.0,-10.0
13225,-16.0,-28.0,-7.0
13227,-16.0,-22.0,8.0
13229,-14.0,-23.0,-23.0
13231,3.0,-11.0,-11.0
13233,-4.0,-3.0,-3.0
13235,-12.0,-26.0,-26.0
13237,2.0,-9.0,-9.0
13241,-2.0,-20.0,-20.0
13243,,,
13245,-5.0,-16.0,-4.0
13247,-11.0,-12.0,13.0
13249,,,
13251,0.0,-21.0,-21.0
13253,-18.0,-16.0,-16.0
13255,-13.0,-20.0,1.0
13257,-9.0,-6.0,-6.0
13261,-25.0,-35.0,-25.0
13263,,,
13267,3.0,-11.0,-11.0
13269,4.0,-7.0,-7.0
13271,0.0,-15.0,-15.0
13273,-17.0,-23.0,-23.0
13275,-9.0,-14.0,-3.0
13277,-26.0,-32.0,-17.0
13279,-12.0,-18.0,-6.0
13281,-3.0,-15.0,-15.0
13283,-4.0,-17.0,-17.0
13285,-10.0,-15.0,6.0
13287,23.0,8.0,8.0
13289,,,
13291,11.0,-8.0,-8.0
13293,-8.0,-10.0,-10.0
13295,7.0,-9.0,20.0
13297,7.0,4.0,22.0
13299,-18.0,-20.0,-13.0
13301,,,
13303,-31.0,-34.0,-34.0
13305,-8.0,-15.0,-15.0
13311,-2.0,-17.0,-17.0
13313,-7.0,-19.0,0.0
13315,13.0,-6.0,-6.0
13317,-14.0,-11.0,-11.0
13319,0.0,-3.0,-3.0
13321,-9.0,-20.0,-20.0
15001,-47.0,-33.0,-34.0
15003,-32.0,-22.0,-24.0
15007,-53.0,-42.0,-50.0
15009,-40.0,-32.0,-37.0
16001,-23.0,-20.0,-6.0
16005,-24.0,-21.0,-2.0
16007,,-17.0,-17.0
16009,4.0,-6.0,-6.0
16011,-13.0,-5.0,2.0
16013,-48.0,-50.0,-50.0
16015,,,
16017,-34.0,-32.0,-32.0
16019,-11.0,-7.0,-2.0
16021,-9.0,-4.0,-4.0
16027,-15.0,-8.0,4.0
16029,-2.0,-6.0,-6.0
16031,-10.0,2.0,2.0
16035,0.0,-14.0,-14.0
16039,-9.0,1.0,1.0
16041,-4.0,-10.0,-10.0
16043,-5.0,2.0,2.0
16045,-25.0,1.0,1.0
16047,-10.0,-4.0,-4.0
16049,-12.0,-15.0,-15.0
16051,-10.0,-12.0,-12.0
16053,-44.0,-44.0,-44.0
16055,-20.0,-15.0,4.0
16057,-33.0,-22.0,-22.0
16059,-20.0,-27.0,-27.0
16063,,,
16065,-19.0,-28.0,-28.0
16067,10.0,27.0,27.0
16069,-14.0,-5.0,17.0
16071,,,
16073,13.0,12.0,12.0
16075,-10.0,-5.0,-5.0
16077,-7.0,-9.0,-9.0
16079,4.0,-4.0,-4.0
16081,-20.0,-19.0,-19.0
16083,-13.0,-7.0,2.0
16085,-58.0,-54.0,-54.0
16087,-15.0,2.0,2.0
17001,-15.0,-15.0,-7.0
17003,,,
17005,-2.0,2.0,2.0
17007,-23.0,-6.0,-6.0
17011,-9.0,14.0,14.0
17015,-9.0,14.0,14.0
17017,-10.0,10.0,10.0
17019,-29.0,-25.0,-10.0
17021,-30.0,-20.0,-20.0
17023,,,
17025,,,
17027,-4.0,-2.0,-2.0
17029,-11.0,-5.0,4.0
17031,-26.0,-20.0,-9.0
17033,2.0,22.0,22.0
17035,,,
17037,-20.0,-6.0,21.0
17039,-29.0,-23.0,-23.0
17041,-3.0,14.0,14.0
17045,-20.0,10.0,10.0
17047,,,
17049,-2.0,2.0,2.0
17051,-16.0,-10.0,-10.0
17053,-18.0,-11.0,-11.0
17055,9.0,1.0,1.0
17057,-19.0,-12.0,-12.0
17059,,,
17061,-2.0,2.0,2.0
17063,-24.0,-7.0,16.0
17065,,,
17067,-16.0,17.0,17.0
17071,,,
17073,-18.0,2.0,2.0
17075,-2.0,16.0,16.0
17077,-14.0,-17.0,-4.0
17079,,,
17081,-21.0,-22.0,-6.0
17083,10.0,-24.0,-24.0
17085,-13.0,-2.0,-2.0
17087,,,
17089,-27.0,-19.0,-3.0
17091,-20.0,-6.0,12.0
17093,-28.0,-30.0,-7.0
17095,3.0,23.0,28.0
17097,-25.0,-17.0,0.0
17101,,,
17103,-18.0,23.0,23.0
17105,-1.0,22.0,22.0
17107,-31.0,-21.0,-21.0
17109,-13.0,-9.0,-9.0
17111,-23.0,-15.0,3.0
17113,-28.0,-20.0,-1.0
17115,-14.0,-2.0,10.0
17117,1.0,7.0,7.0
17119,-17.0,-15.0,9.0
17121,-5.0,5.0,5.0
17123,,,
17125,4.0,35.0,35.0
17127,-18.0,-10.0,-10.0
17129,,,
17131,,,
17133,-12.0,-31.0,-31.0
17135,-13.0,-6.0,-6.0
17137,-3.0,7.0,7.0
17139,,,
17141,-9.0,4.0,4.0
17143,-19.0,-6.0,17.0
17145,-4.0,-5.0,-5.0
17147,,,
17149,-11.0,-6.0,-6.0
17153,,,
17155,,,
17157,9.0,4.0,4.0
17159,-11.0,-2.0,-2.0
17161,0.0,10.0,25.0
17163,-13.0,-13.0,3.0
17165,1.0,2.0,2.0
17167,-18.0,-11.0,1.0
17169,,,
17173,,,
17175,,,
17177,-27.0,4.0,4.0
17179,-9.0,4.0,18.0
17181,-5.0,-10.0,-10.0
17183,-15.0,-7.0,15.0
17185,-17.0,-19.0,-19.0
17187,0.0,10.0,10.0
17189,0.0,-6.0,-6.0
17191,-8.0,9.0,9.0
17193,-7.0,-7.0,-7.0
17195,-24.0,-12.0,12.0
17197,-27.0,-15.0,1.0
17199,-15.0,-19.0,-4.0
17201,-30.0,-19.0,14.0
17203,-5.0,10.0,10.0
18001,-25.0,-29.0,-29.0
18003,-36.0,-23.0,-12.0
18005,-30.0,-28.0,-10.0
18007,,,
18009,-17.0,-7.0,-7.0
18011,-28.0,-24.0,-6.0
18013,-4.0,-20.0,-20.0
18015,-14.0,5.0,5.0
18017,-17.0,1.0,-3.0
18019,-10.0,-8.0,4.0
18021,-35.0,-29.0,-29.0
18023,-30.0,-9.0,-9.0
18025,-16.0,-16.0,-16.0
18027,-5.0,5.0,5.0
18029,-11.0,-14.0,-14.0
18031,-26.0,-46.0,-46.0
18033,-18.0,-5.0,-5.0
18035,-28.0,-24.0,-7.0
18037,-19.0,-14.0,-14.0
18039,-35.0,-21.0,-5.0
18041,-21.0,-16.0,-16.0
18043,-21.0,-23.0,-4.0
18045,-10.0,0.0,0.0
18047,-28.0,-32.0,-32.0
18049,-19.0,-10.0,-10.0
18051,-19.0,-4.0,-4.0
18053,-17.0,-1.0,8.0
18055,-23.0,-15.0,-15.0
18057,-31.0,-28.0,-8.0
18059,9.0,9.0,33.0
18061,-8.0,1.0,0.0
18063,-26.0,-26.0,-1.0
18065,-19.0,-7.0,-1.0
18067,-36.0,-22.0,-3.0
18069,-29.0,-18.0,-18.0
18071,-55.0,-54.0,-45.0
18073,-24.0,-8.0,-3.0
18075,-35.0,-20.0,-20.0
18077,-1.0,1.0,-7.0
18079,-11.0,-14.0,-14.0
18081,-22.0,-20.0,3.0
18083,-15.0,-5.0,-5.0
18085,-24.0,-10.0,-2.0
18089,-27.0,-15.0,4.0
18093,-23.0,-24.0,-2.0
18095,-12.0,-7.0,10.0
18097,-27.0,-22.0,-5.0
18099,-19.0,-2.0,7.0
18101,-4.0,-8.0,-8.0
18103,-27.0,-9.0,-9.0
18105,-33.0,-29.0,-12.0
18107,-25.0,-7.0,-9.0
18109,-12.0,-2.0,8.0
18111,,,
18113,-26.0,1.0,1.0
18115,,,
18117,-19.0,-20.0,-20.0
18119,-21.0,-7.0,-7.0
18121,-2.0,10.0,10.0
18123,-4.0,85.0,85.0
18125,-7.0,8.0,8.0
18127,-28.0,-21.0,1.0
18129,6.0,0.0,0.0
18131,-23.0,-20.0,-20.0
18133,-31.0,-14.0,-14.0
18135,-14.0,-12.0,-12.0
18137,-18.0,-15.0,-15.0
18139,-11.0,-9.0,-9.0
18141,-26.0,-15.0,-4.0
18143,-8.0,1.0,1.0
18145,-18.0,-14.0,-4.0
18147,15.0,19.0,19.0
18149,-10.0,11.0,11.0
18151,-32.0,-17.0,1.0
18153,-17.0,-5.0,-5.0
18155,-34.0,-20.0,-20.0
18157,-37.0,-28.0,-12.0
18159,-22.0,-2.0,-2.0
18161,,,
18163,-16.0,-17.0,-3.0
18165,4.0,0.0,0.0
18167,-24.0,-20.0,-8.0
18169,-36.0,-9.0,-9.0
18171,,,
18173,-1.0,-13.0,-13.0
18175,-22.0,-18.0,-18.0
18177,-30.0,-24.0,-9.0
18179,-12.0,6.0,6.0
18181,-12.0,-8.0,-8.0
18183,-34.0,-12.0,-12.0
19001,-3.0,2.0,2.0
19005,-27.0,-5.0,-5.0
19007,26.0,52.0,52.0
19009,,,
19011,-10.0,25.0,25.0
19013,-23.0,-9.0,-3.0
19015,-21.0,-21.0,-21.0
19017,-24.0,-12.0,-12.0
19019,-13.0,0.0,0.0
19021,-6.0,-15.0,-15.0
19023,-15.0,2.0,2.0
19025,-12.0,-12.0,-12.0
19027,-4.0,13.0,13.0
19029,-6.0,13.0,13.0
19031,-23.0,0.0,0.0
19033,-13.0,6.0,19.0
19035,,,
19037,-28.0,-18.0,-18.0
19039,,,
19041,-18.0,-12.0,-12.0
19043,-12.0,7.0,7.0
19045,18.0,48.0,12.0
19047,,,
19049,-40.0,-39.0,-28.0
19051,,,
19053,,,
19055,-20.0,19.0,19.0
19057,-7.0,14.0,14.0
19059,-2.0,12.0,12.0
19061,-9.0,4.0,9.0
19063,11.0,11.0,11.0
19065,-11.0,7.0,7.0
19067,-21.0,-12.0,-12.0
19069,-16.0,7.0,7.0
19071,-9.0,-9.0,
19073,2.0,4.0,4.0
19075,-33.0,-25.0,-25.0
19077,,,
19079,-6.0,-3.0,-3.0
19081,-22.0,-2.0,-2.0
19083,15.0,26.0,26.0
19085,0.0,3.0,3.0
19087,-17.0,12.0,12.0
19089,-5.0,4.0,4.0
19091,-7.0,-7.0,-7.0
19093,,,
19095,-9.0,4.0,4.0
19097,-10.0,16.0,16.0
19099,60.0,97.0,97.0
19101,,,
19103,-36.0,-30.0,-24.0
19105,4.0,14.0,14.0
19107,,,
19109,47.0,60.0,60.0
19111,-13.0,-4.0,-1.0
19113,-7.0,11.0,10.0
19115,,,
19117,6.0,8.0,8.0
19119,,,
19121,33.0,26.0,26.0
19123,,,
19125,26.0,43.0,43.0
19127,-15.0,-4.0,7.0
19129,,,
19131,,,
19133,,,
19135,,,
19137,2.0,-3.0,-3.0
19139,33.0,51.0,51.0
19141,-6.0,-9.0,-9.0
19143,,,
19145,,,
19147,-55.0,-18.0,-18.0
19149,6.0,16.0,16.0
19151,,,
19153,-9.0,-2.0,5.0
19155,2.0,7.0,17.0
19157,-15.0,-5.0,-5.0
19161,,,
19163,-22.0,-8.0,-2.0
19165,-5.0,-14.0,-14.0
19167,4.0,11.0,11.0
19169,-29.0,-26.0,-9.0
19171,-18.0,-7.0,-7.0
19173,,,
19175,,,
19177,-7.0,-7.0,
19179,8.0,19.0,19.0
19181,-13.0,-10.0,7.0
19183,-19.0,-9.0,-9.0
19185,,,
19187,22.0,44.0,44.0
19189,-18.0,-16.0,-16.0
19191,-33.0,-17.0,-17.0
19193,-3.0,9.0,4.0
19195,-42.0,-31.0,-31.0
19197,-4.0,4.0,4.0
20001,-2.0,-2.0,-2.0
20003,,,
20005,,,
20009,3.0,-16.0,-16.0
20011,-21.0,-15.0,-15.0
20013,0.0,-13.0,-13.0
20015,-11.0,-21.0,-3.0
20021,16.0,5.0,5.0
20027,-22.0,-22.0,-22.0
20029,,,
20031,-24.0,-49.0,-49.0
20035,5.0,-20.0,-20.0
20037,-29.0,-28.0,-14.0
20041,-4.0,-14.0,-14.0
20043,,,
20045,-20.0,-21.0,-16.0
20051,-19.0,-23.0,-23.0
20053,,-31.0,-31.0
20055,2.0,-29.0,-18.0
20057,-1.0,-22.0,-22.0
20059,-27.0,-19.0,-19.0
20061,-18.0,-24.0,-12.0
20067,,,
20073,,,
20077,,,
20079,-1.0,27.0,27.0
20085,-33.0,-26.0,-26.0
20087,13.0,5.0,5.0
20091,-24.0,-24.0,-9.0
20095,,,
20099,0.0,-15.0,-15.0
20103,-19.0,-8.0,-2.0
20107,,,
20111,-27.0,-28.0,-28.0
20113,-9.0,-20.0,-20.0
20115,,,
20117,,,
20121,-16.0,-13.0,-13.0
20123,,,
20125,13.0,-7.0,-7.0
20127,,,
20131,,,
20133,15.0,-8.0,-8.0
20139,-7.0,7.0,7.0
20143,,,
20145,2.0,-21.0,-21.0
20149,-26.0,-31.0,-9.0
20151,-2.0,-13.0,-13.0
20155,-11.0,-21.0,-7.0
20159,10.0,-25.0,-25.0
20161,-34.0,-32.0,-32.0
20167,-2.0,-24.0,-24.0
20169,-16.0,-32.0,-21.0
20171,,,
20173,-16.0,-16.0,-3.0
20175,-1.0,-21.0,-21.0
20177,-16.0,-16.0,-2.0
20181,,,
20189,,,
20191,10.0,17.0,17.0
20193,,-22.0,-22.0
20195,-14.0,-27.0,-27.0
20197,,,
20201,,,
20205,2.0,-9.0,-9.0
20209,-10.0,-9.0,-8.0
21001,-16.0,6.0,6.0
21003,0.0,7.0,7.0
21005,-5.0,-3.0,-3.0
21007,,,
21009,-9.0,11.0,12.0
21011,-9.0,-11.0,-11.0
21013,-12.0,-3.0,-3.0
21015,-16.0,-20.0,-5.0
21017,-25.0,-13.0,-13.0
21019,-11.0,-8.0,1.0
21021,-15.0,-11.0,-11.0
21023,,,
21025,,,
21027,7.0,19.0,19.0
21029,-10.0,-6.0,8.0
21031,4.0,15.0,15.0
21033,10.0,-2.0,-2.0
21035,-10.0,-11.0,-11.0
21037,-4.0,-11.0,4.0
21039,,,
21041,-18.0,-10.0,-10.0
21043,-6.0,-1.0,-1.0
21045,5.0,15.0,15.0
21047,-11.0,-1.0,4.0
21049,-8.0,-4.0,-16.0
21051,-12.0,2.0,2.0
21053,,,
21055,-2.0,6.0,6.0
21059,-16.0,-6.0,0.0
21061,,,
21065,-11.0,-4.0,-4.0
21067,-12.0,-7.0,-1.0
21069,0.0,13.0,13.0
21071,-6.0,-5.0,-5.0
21073,-15.0,-7.0,-3.0
21075,-12.0,6.0,6.0
21077,58.0,58.0,58.0
21079,9.0,19.0,19.0
21081,-10.0,-7.0,-7.0
21083,-6.0,4.0,4.0
21085,8.0,24.0,24.0
21087,,,
21089,-5.0,7.0,7.0
21091,,,
21093,-16.0,-11.0,-2.0
21095,3.0,15.0,15.0
21097,-49.0,-14.0,-14.0
21099,3.0,14.0,14.0
21101,23.0,65.0,55.0
21103,1.0,23.0,23.0
21107,-18.0,-20.0,-3.0
21109,,,
21111,-10.0,-6.0,5.0
21113,-24.0,-19.0,-9.0
21115,-17.0,62.0,62.0
21117,-8.0,-9.0,3.0
21119,,,
21121,-15.0,13.0,13.0
21123,-5.0,12.0,12.0
21125,-14.0,-1.0,3.0
21127,-33.0,-28.0,-28.0
21133,-11.0,0.0,0.0
21135,-14.0,-14.0,-14.0
21137,16.0,38.0,38.0
21139,4.0,17.0,17.0
21141,-5.0,12.0,12.0
21143,,,
21145,-13.0,-9.0,-8.0
21147,5.0,15.0,15.0
21149,,,
21151,-15.0,-6.0,-3.0
21155,-4.0,3.0,3.0
21157,7.0,5.0,5.0
21161,,,
21163,4.0,8.0,8.0
21165,,,
21167,-9.0,-9.0,-9.0
21169,-16.0,-16.0,-16.0
21171,,,
21173,-3.0,10.0,10.0
21175,,,
21177,-2.0,15.0,15.0
21179,-15.0,-8.0,5.0
21181,,,
21183,8.0,29.0,29.0
21185,-6.0,19.0,19.0
21187,,,
21191,-19.0,-12.0,-12.0
21193,-12.0,-5.0,-5.0
21195,-12.0,-3.0,-22.0
21197,-4.0,-2.0,-2.0
21199,-22.0,-11.0,-9.0
21203,-21.0,-4.0,-4.0
21205,1.0,8.0,8.0
21207,10.0,23.0,23.0
21209,-23.0,-22.0,-13.0
21211,-4.0,-2.0,11.0
21213,-8.0,-2.0,-2.0
21215,6.0,6.0,6.0
21217,-5.0,28.0,28.0
21219,0.0,15.0,15.0
21221,-2.0,17.0,17.0
21223,,,
21225,-10.0,6.0,6.0
21227,-23.0,-19.0,-13.0
21229,,,
21231,-21.0,-11.0,-11.0
21233,-8.0,10.0,10.0
21235,3.0,6.0,6.0
21237,,,
21239,-17.0,-21.0,-13.0
22001,-5.0,11.0,23.0
22003,-19.0,-10.0,-10.0
22005,-21.0,-7.0,4.0
22007,-8.0,-3.0,-3.0
22009,-8.0,-1.0,5.0
22011,-10.0,-7.0,-7.0
22013,-15.0,-8.0,-8.0
22015,-19.0,-15.0,-8.0
22017,-9.0,-7.0,0.0
22019,-19.0,-16.0,-9.0
22021,,,
22023,10.0,10.0,10.0
22025,-20.0,-24.0,-24.0
22027,-18.0,-14.0,-14.0
22029,-16.0,-16.0,-16.0
22031,-16.0,-12.0,-12.0
22033,-16.0,-8.0,3.0
22037,-9.0,-3.0,-3.0
22039,-4.0,1.0,1.0
22041,-8.0,3.0,3.0
22043,-13.0,17.0,17.0
22045,-11.0,0.0,7.0
22047,-4.0,0.0,0.0
22049,-8.0,-5.0,-5.0
22051,-20.0,-12.0,-5.0
22053,-12.0,-7.0,-7.0
22055,-22.0,-16.0,-4.0
22057,-13.0,-10.0,2.0
22059,-9.0,2.0,2.0
22061,-26.0,-15.0,2.0
22063,-12.0,-3.0,9.0
22065,-8.0,6.0,6.0
22067,-8.0,-9.0,-9.0
22069,-24.0,-16.0,-16.0
22071,-35.0,-30.0,-26.0
22073,-15.0,-10.0,-1.0
22075,-21.0,-14.0,-14.0
22077,-12.0,-3.0,-3.0
22079,-15.0,-8.0,0.0
22081,,,
22083,-10.0,1.0,1.0
22085,-6.0,-15.0,-15.0
22087,1.0,19.0,23.0
22089,-13.0,-9.0,20.0
22091,-20.0,-20.0,-20.0
22093,-11.0,-4.0,-4.0
22095,-3.0,-1.0,-1.0
22097,-16.0,1.0,20.0
22099,-14.0,-4.0,14.0
22101,-11.0,-3.0,-8.0
22103,-19.0,-13.0,2.0
22105,-6.0,-4.0,5.0
22109,-12.0,-6.0,0.0
22111,6.0,13.0,13.0
22113,-3.0,7.0,12.0
22115,-21.0,-9.0,-10.0
22117,-1.0,13.0,18.0
22119,-19.0,-5.0,-9.0
22121,1.0,15.0,15.0
22123,-29.0,-2.0,-2.0
22125,-19.0,-19.0,-19.0
22127,0.0,0.0,0.0
23001,-21.0,-18.0,4.0
23003,9.0,-3.0,9.0
23005,-36.0,-35.0,-22.0
23007,-21.0,-32.0,-13.0
23009,-1.0,-9.0,-25.0
23011,-19.0,-20.0,2.0
23013,-24.0,-24.0,-24.0
23015,-15.0,-20.0,-20.0
23017,-27.0,-21.0,2.0
23019,-14.0,-20.0,-3.0
23021,-8.0,-17.0,-17.0
23023,-11.0,-8.0,-8.0
23025,-15.0,-12.0,7.0
23027,-20.0,-22.0,-28.0
23029,-8.0,-19.0,-19.0
23031,-23.0,-19.0,1.0
24001,-17.0,-22.0,-6.0
24003,-31.0,-33.0,-19.0
24005,-21.0,-17.0,0.0
24009,-33.0,-37.0,-10.0
24011,-21.0,-16.0,-8.0
24013,-35.0,-35.0,-15.0
24015,-32.0,-29.0,-17.0
24017,-18.0,-19.0,-7.0
24019,-6.0,-5.0,-5.0
24021,-30.0,-31.0,-19.0
24023,-20.0,-6.0,-6.0
24025,-30.0,-32.0,-10.0
24027,-45.0,-48.0,-35.0
24029,-14.0,-18.0,-18.0
24031,-30.0,-35.0,-28.0
24033,-26.0,-27.0,-19.0
24035,-33.0,-42.0,-24.0
24037,-19.0,-24.0,3.0
24039,-7.0,-5.0,-5.0
24041,-23.0,-25.0,-9.0
24043,-20.0,-21.0,-6.0
24045,-23.0,-24.0,-16.0
24047,-21.0,-24.0,-8.0
25001,-28.0,-26.0,-7.0
25003,-31.0,-26.0,-6.0
25005,-32.0,-23.0,0.0
25007,-41.0,-36.0,-36.0
25009,-39.0,-28.0,-15.0
25011,-40.0,-31.0,-7.0
25013,-28.0,-18.0,1.0
25015,-39.0,-30.0,-9.0
25017,-41.0,-32.0,-19.0
25019,-38.0,-35.0,-35.0
25021,-37.0,-28.0,-11.0
25023,-32.0,-22.0,-3.0
25025,-41.0,-29.0,-19.0
25027,-36.0,-29.0,-12.0
26001,,,
26003,-57.0,-45.0,-45.0
26005,-17.0,-10.0,-4.0
26007,-17.0,-10.0,-10.0
26009,-20.0,-8.0,-8.0
26011,-9.0,13.0,13.0
26013,-44.0,-44.0,-44.0
26015,-9.0,-1.0,18.0
26017,-25.0,-22.0,-11.0
26019,-7.0,-3.0,-3.0
26021,-22.0,-13.0,-2.0
26023,-36.0,-20.0,-10.0
26025,-24.0,-11.0,-8.0
26027,-15.0,3.0,3.0
26029,-20.0,-22.0,-22.0
26031,-14.0,-7.0,-7.0
26033,-3.0,21.0,21.0
26035,-17.0,-6.0,4.0
26037,-36.0,-29.0,-18.0
26039,-40.0,-34.0,-34.0
26041,-24.0,-22.0,-14.0
26043,-13.0,-13.0,-13.0
26045,-35.0,-29.0,-22.0
26047,-32.0,-25.0,-28.0
26049,-25.0,-21.0,-10.0
26051,-6.0,-2.0,-2.0
26053,-35.0,-33.0,-33.0
26055,-30.0,-30.0,-26.0
26057,-31.0,-16.0,-7.0
26059,-22.0,-16.0,-15.0
26061,-27.0,-18.0,-18.0
26063,-5.0,-5.0,-5.0
26065,-31.0,-27.0,-22.0
26067,-24.0,-16.0,1.0
26069,-5.0,28.0,28.0
26071,-14.0,-9.0,-9.0
26073,-36.0,-32.0,-25.0
26075,-23.0,-19.0,-9.0
26077,-34.0,-28.0,-20.0
26079,-11.0,-5.0,-5.0
26081,-31.0,-25.0,-20.0
26085,5.0,10.0,10.0
26087,-30.0,-28.0,-18.0
26089,-12.0,-33.0,-33.0
26091,-23.0,-18.0,-11.0
26093,-29.0,-22.0,-13.0
26095,,,
26097,-39.0,-37.0,-37.0
26099,-30.0,-27.0,-14.0
26101,-17.0,-12.0,-12.0
26103,-39.0,-31.0,-16.0
26105,-24.0,-7.0,-11.0
26107,-18.0,-10.0,1.0
26109,-35.0,-18.0,-18.0
26111,-27.0,-26.0,-9.0
26113,,,
26115,-30.0,-25.0,-9.0
26117,-17.0,-8.0,8.0
26119,-14.0,-12.0,-12.0
26121,-22.0,-14.0,-8.0
26123,-13.0,17.0,18.0
26125,-35.0,-33.0,-22.0
26127,-5.0,17.0,17.0
26129,-14.0,0.0,0.0
26131,,,
26133,-5.0,10.0,10.0
26135,-12.0,-14.0,-14.0
26137,-36.0,-38.0,-37.0
26139,-32.0,-27.0,-20.0
26141,-19.0,-4.0,-4.0
26143,-9.0,30.0,30.0
26145,-24.0,-21.0,-16.0
26147,-30.0,-30.0,-15.0
26149,-31.0,-23.0,-19.0
26151,-8.0,-13.0,-13.0
26153,-37.0,-32.0,-32.0
26155,-25.0,-14.0,-5.0
26157,-19.0,-14.0,-18.0
26159,-24.0,-14.0,4.0
26161,-48.0,-48.0,-38.0
26163,-25.0,-22.0,-11.0
26165,-21.0,-11.0,-7.0
27001,-46.0,-35.0,-35.0
27003,-34.0,-12.0,2.0
27005,-21.0,62.0,62.0
27007,-29.0,-13.0,3.0
27009,-33.0,-5.0,5.0
27011,,,
27013,-38.0,-25.0,-10.0
27015,-39.0,-21.0,-21.0
27017,-45.0,-30.0,-14.0
27019,-39.0,-22.0,1.0
27021,-22.0,-4.0,-4.0
27023,,,
27025,-41.0,-15.0,3.0
27027,-25.0,-22.0,0.0
27029,-34.0,-28.0,-28.0
27031,-47.0,-58.0,-58.0
27033,,,
27035,-31.0,-17.0,0.0
27037,-37.0,-21.0,-4.0
27039,-35.0,-17.0,-17.0
27041,-38.0,-20.0,-20.0
27043,-31.0,-10.0,-10.0
27045,-25.0,-7.0,-7.0
27047,-29.0,4.0,-4.0
27049,-38.0,-4.0,13.0
27051,,,
27053,-37.0,-22.0,-6.0
27055,-30.0,-11.0,-11.0
27057,-32.0,-4.0,-4.0
27059,-40.0,-12.0,14.0
27061,-29.0,-21.0,-4.0
27063,,,
27065,-39.0,-12.0,-12.0
27067,-25.0,-13.0,-7.0
27071,-32.0,-18.0,-18.0
27073,,,
27075,-48.0,-16.0,-16.0
27077,,,
27079,-22.0,-4.0,-4.0
27081,,,
27083,-33.0,-12.0,-12.0
27085,-31.0,-14.0,-14.0
27087,,,
27089,,,
27091,-27.0,-16.0,-16.0
27093,-49.0,-17.0,-17.0
27095,-30.0,4.0,4.0
27097,-37.0,-17.0,-17.0
27099,-37.0,-7.0,5.0
27101,,,
27103,-43.0,-27.0,-10.0
27105,-20.0,-3.0,-3.0
27107,,,
27109,-35.0,-12.0,-1.0
27111,-15.0,3.0,0.0
27113,-21.0,-23.0,-23.0
27115,-58.0,-11.0,9.0
27117,-20.0,-20.0,-20.0
27119,-28.0,-19.0,-19.0
27121,,,
27123,-34.0,-17.0,-3.0
27125,,,
27127,-2.0,-16.0,-16.0
27129,,,
27131,-28.0,-7.0,14.0
27133,,,
27135,-26.0,-23.0,-23.0
27137,-41.0,-17.0,-8.0
27139,-41.0,-24.0,-6.0
27141,-37.0,-17.0,8.0
27143,,,
27145,-37.0,-21.0,-2.0
27147,-27.0,-13.0,22.0
27149,-26.0,-4.0,-4.0
27151,-27.0,-15.0,-15.0
27153,-20.0,-7.0,-7.0
27157,-25.0,13.0,13.0
27159,-27.0,-8.0,-8.0
27161,-45.0,-9.0,-9.0
27163,-39.0,-21.0,-7.0
27165,,,
27167,,,
27169,-35.0,-8.0,-4.0
27171,-37.0,-20.0,7.0
27173,,,
28001,-10.0,-26.0,-14.0
28003,-9.0,-13.0,-13.0
28005,-13.0,-31.0,-31.0
28007,11.0,-11.0,-11.0
28009,,,
28011,1.0,-16.0,-16.0
28013,2.0,-30.0,-30.0
28015,,,
28017,-16.0,-25.0,-25.0
28021,,,
28023,-10.0,-10.0,-10.0
28025,8.0,-3.0,-3.0
28027,18.0,-8.0,-8.0
28029,-2.0,-8.0,-8.0
28031,-7.0,-28.0,-28.0
28035,-8.0,-11.0,5.0
28039,9.0,25.0,25.0
28041,-10.0,-6.0,-6.0
28043,10.0,-14.0,-14.0
28045,-7.0,-10.0,5.0
28047,-13.0,-21.0,-5.0
28049,0.0,-8.0,8.0
28051,13.0,-6.0,-6.0
28053,-9.0,9.0,9.0
28057,14.0,-8.0,-8.0
28059,-9.0,-18.0,-5.0
28061,-3.0,-8.0,-8.0
28063,,,
28065,6.0,16.0,16.0
28067,1.0,-15.0,8.0
28069,,,
28071,-21.0,-28.0,-28.0
28073,-11.0,-14.0,-9.0
28075,-14.0,-13.0,-6.0
28077,4.0,-18.0,-18.0
28079,-23.0,-35.0,-35.0
28081,-12.0,-20.0,-8.0
28083,6.0,-7.0,-7.0
28085,-13.0,-18.0,-18.0
28087,8.0,13.0,29.0
28089,-11.0,-24.0,-8.0
28091,-7.0,-12.0,-12.0
28093,4.0,-4.0,-4.0
28095,-7.0,25.0,25.0
28097,-23.0,-29.0,-29.0
28099,-7.0,-20.0,-20.0
28101,-7.0,-13.0,-13.0
28103,10.0,2.0,2.0
28105,-20.0,-28.0,-22.0
28107,7.0,-11.0,4.0
28109,0.0,-1.0,3.0
28111,-4.0,-21.0,-21.0
28113,-9.0,-11.0,-2.0
28115,-3.0,-21.0,-10.0
28117,-3.0,-3.0,-3.0
28119,,,
28121,-12.0,-20.0,-3.0
28123,-1.0,-4.0,-4.0
28127,-3.0,-9.0,-9.0
28129,7.0,-35.0,-35.0
28131,-22.0,-26.0,-26.0
28133,25.0,-1.0,-1.0
28135,-6.0,13.0,13.0
28137,-1.0,-2.0,-2.0
28139,-17.0,-14.0,-14.0
28141,8.0,0.0,0.0
28143,16.0,-12.0,-12.0
28145,-8.0,-16.0,-16.0
28147,2.0,-11.0,-11.0
28149,-11.0,-13.0,-2.0
28151,5.0,-9.0,9.0
28153,11.0,-14.0,-14.0
28155,-9.0,-18.0,-18.0
28157,-8.0,-22.0,-22.0
28159,-6.0,-2.0,-2.0
28161,-2.0,-8.0,-8.0
28163,11.0,-8.0,-8.0
29001,55.0,57.0,57.0
29003,5.0,12.0,12.0
29007,-9.0,2.0,2.0
29009,19.0,14.0,10.0
29011,,,
29013,15.0,30.0,30.0
29015,128.0,136.0,136.0
29017,-18.0,-9.0,-9.0
29019,-18.0,6.0,11.0
29021,2.0,10.0,21.0
29023,-5.0,1.0,-3.0
29025,,,
29027,-1.0,6.0,6.0
29029,16.0,13.0,2.0
29031,-20.0,-11.0,-17.0
29033,,,
29037,-17.0,-12.0,1.0
29039,-5.0,-12.0,-12.0
29041,,,
29043,-10.0,-6.0,2.0
29045,-10.0,-8.0,-8.0
29047,-17.0,-3.0,7.0
29049,-8.0,-10.0,-10.0
29051,-23.0,-3.0,1.0
29053,-19.0,-2.0,-2.0
29055,-7.0,1.0,1.0
29057,,,
29059,8.0,17.0,17.0
29061,,,
29063,3.0,3.0,3.0
29065,,,
29067,-14.0,-21.0,-21.0
29069,10.0,21.0,21.0
29071,2.0,4.0,16.0
29073,,,
29075,,,
29077,-30.0,-21.0,-22.0
29079,-7.0,2.0,2.0
29081,-20.0,-20.0,-20.0
29083,2.0,11.0,11.0
29085,,,
29089,,,
29091,-16.0,3.0,-5.0
29093,4.0,10.0,10.0
29095,-14.0,-11.0,-3.0
29097,-10.0,0.0,-1.0
29099,-16.0,-11.0,5.0
29101,-5.0,-12.0,10.0
29105,-2.0,1.0,-3.0
29107,-8.0,-3.0,-3.0
29109,-2.0,18.0,18.0
29111,,,
29113,-14.0,2.0,14.0
29115,-7.0,-4.0,-4.0
29117,-6.0,11.0,11.0
29119,9.0,1.0,1.0
29121,-19.0,6.0,6.0
29123,,,
29125,,,
29127,1.0,-1.0,-2.0
29131,3.0,13.0,13.0
29133,,,
29135,14.0,23.0,23.0
29137,,,
29139,-8.0,2.0,2.0
29141,23.0,21.0,21.0
29143,-4.0,7.0,7.0
29145,-7.0,-3.0,-7.0
29147,-10.0,-17.0,-17.0
29149,4.0,2.0,2.0
29151,-6.0,-7.0,-7.0
29153,,,
29155,5.0,22.0,22.0
29157,-13.0,-16.0,-16.0
29159,7.0,22.0,-1.0
29161,-17.0,-8.0,-8.0
29163,-2.0,-11.0,-11.0
29165,15.0,18.0,26.0
29167,-13.0,4.0,-2.0
29169,-9.0,-14.0,-6.0
29171,,,
29173,,,
29175,-17.0,-8.0,-8.0
29177,1.0,5.0,5.0
29181,-2.0,-2.0,-2.0
29183,-13.0,-10.0,6.0
29185,-4.0,8.0,8.0
29186,,,
29187,3.0,-6.0,4.0
29189,-21.0,-17.0,-5.0
29195,0.0,1.0,1.0
29197,,,
29201,0.0,-4.0,6.0
29203,,,
29205,,,
29207,-5.0,-2.0,-2.0
29209,19.0,14.0,14.0
29211,,,
29213,-7.0,-2.0,-4.0
29215,13.0,97.0,97.0
29217,13.0,6.0,6.0
29219,-5.0,6.0,6.0
29221,-9.0,20.0,20.0
29223,6.0,9.0,9.0
29225,-13.0,4.0,4.0
29229,2.0,23.0,23.0
30001,-11.0,-20.0,-20.0
30003,-7.0,-7.0,-7.0
30005,,,
30007,-3.0,-5.0,-5.0
30009,-30.0,-21.0,-21.0
30013,-26.0,-14.0,-26.0
30017,,,
30021,-7.0,-2.0,-2.0
30023,-26.0,-12.0,-12.0
30027,-31.0,-22.0,-22.0
30029,-29.0,-27.0,-12.0
30031,-39.0,-34.0,-27.0
30035,-28.0,-17.0,-17.0
30041,-4.0,4.0,4.0
30043,,,
30047,-22.0,-9.0,-9.0
30049,-34.0,-21.0,-22.0
30053,-29.0,-18.0,-18.0
30057,,,
30061,-54.0,-61.0,-61.0
30063,-30.0,-18.0,-19.0
30067,-29.0,-16.0,-16.0
30073,,,
30077,,,
30081,-20.0,-8.0,6.0
30083,-22.0,-15.0,-15.0
30085,-20.0,-20.0,-20.0
30087,,,
30089,-27.0,-24.0,-24.0
30093,-15.0,3.0,3.0
30095,,,
30099,,,
30105,,,
30111,-21.0,-8.0,-7.0
31001,-14.0,-9.0,-9.0
31003,,,
31013,-7.0,-2.0,-2.0
31019,-16.0,-17.0,-8.0
31021,,,
31023,,,
31025,,,
31027,,,
31031,,,
31033,-20.0,-20.0,-20.0
31035,,,
31037,-10.0,-8.0,-8.0
31039,,,
31041,-14.0,-11.0,-11.0
31043,7.0,49.0,49.0
31045,,,
31047,3.0,0.0,0.0
31049,,,
31051,,,
31053,-5.0,3.0,3.0
31055,-7.0,-5.0,6.0
31059,,,
31067,6.0,9.0,9.0
31079,-20.0,-27.0,-20.0
31081,,,
31089,6.0,-4.0,-4.0
31093,,,
31095,,,
31097,,,
31099,,,
31101,-20.0,-22.0,-22.0
31105,,,
31107,,,
31109,-19.0,-18.0,-5.0
31111,-4.0,3.0,3.0
31119,-7.0,-18.0,3.0
31121,,,
31123,,,
31127,,,
31131,3.0,51.0,51.0
31137,-8.0,16.0,16.0
31139,,,
31141,-2.0,0.0,0.0
31143,,,
31145,,,
31147,-2.0,-2.0,-2.0
31151,-10.0,14.0,14.0
31153,-15.0,-11.0,0.0
31155,18.0,20.0,20.0
31157,-3.0,-1.0,-1.0
31159,,,
31167,,,
31169,,,
31173,,,
31177,-9.0,-9.0,-9.0
31179,,,
31185,,,
32001,-11.0,-15.0,-15.0
32003,-26.0,-24.0,-15.0
32005,-35.0,-42.0,-42.0
32007,10.0,0.0,20.0
32013,-1.0,2.0,2.0
32015,-12.0,-14.0,-14.0
32019,-5.0,-5.0,16.0
32021,,,
32023,-15.0,-19.0,-14.0
32027,,,
32029,,,
32031,-21.0,-23.0,-11.0
32033,-4.0,-13.0,-13.0
32510,-13.0,-17.0,-2.0
33001,-28.0,-11.0,0.0
33003,-30.0,-6.0,-18.0
33005,-36.0,-20.0,-6.0
33007,-21.0,9.0,9.0
33009,-37.0,-23.0,-18.0
33011,-37.0,-28.0,-9.0
33013,-31.0,-22.0,-6.0
33015,-36.0,-32.0,-4.0
33017,-38.0,-27.0,-6.0
33019,-22.0,-9.0,-9.0
34001,-30.0,2.0,6.0
34003,-37.0,-15.0,-5.0
34005,-39.0,4.0,17.0
34007,-30.0,-1.0,6.0
34009,-27.0,3.0,7.0
34011,-19.0,-1.0,-2.0
34013,-27.0,-20.0,-13.0
34015,-30.0,-10.0,-5.0
34017,-38.0,-18.0,-16.0
34019,-35.0,-3.0,14.0
34021,-25.0,31.0,30.0
34023,-41.0,-7.0,-1.0
34025,-34.0,5.0,13.0
34027,-39.0,-16.0,9.0
34029,-31.0,-3.0,9.0
34031,-34.0,-23.0,-14.0
34033,-21.0,0.0,-16.0
34035,-36.0,-1.0,10.0
34037,-27.0,-24.0,-1.0
34039,-32.0,-19.0,-12.0
34041,-37.0,2.0,-8.0
35001,-22.0,-17.0,-12.0
35005,-26.0,-20.0,-11.0
35006,-7.0,8.0,8.0
35007,-29.0,-29.0,-29.0
35009,-17.0,-5.0,-4.0
35015,-20.0,-14.0,-9.0
35017,-9.0,4.0,4.0
35019,-30.0,-9.0,-9.0
35023,,,
35025,-9.0,-8.0,-5.0
35027,-41.0,-43.0,-33.0
35028,-33.0,-34.0,-34.0
35029,-16.0,-20.0,-20.0
35031,1.0,7.0,-48.0
35035,-25.0,-19.0,-12.0
35037,-4.0,1.0,1.0
35039,-20.0,-15.0,-15.0
35041,-23.0,-17.0,-17.0
35043,-13.0,-4.0,-4.0
35045,-15.0,-4.0,-16.0
35047,-22.0,-6.0,-6.0
35049,-23.0,-19.0,-15.0
35051,-4.0,4.0,4.0
35053,-8.0,-7.0,-7.0
35055,-29.0,-25.0,-14.0
35057,-7.0,9.0,9.0
35059,,,
35061,-8.0,27.0,39.0
36001,-30.0,-23.0,37.0
36003,-15.0,-2.0,-15.0
36005,-30.0,-22.0,-12.0
36007,-27.0,-23.0,5.0
36009,-15.0,-5.0,19.0
36011,-15.0,-12.0,10.0
36013,-8.0,3.0,12.0
36015,-14.0,-3.0,37.0
36017,-12.0,-10.0,9.0
36019,-18.0,-7.0,39.0
36021,-40.0,-10.0,20.0
36023,-9.0,-1.0,6.0
36025,-23.0,-13.0,0.0
36027,-28.0,-28.0,51.0
36029,-23.0,-20.0,12.0
36031,-35.0,-29.0,-29.0
36033,-18.0,-13.0,-11.0
36035,-25.0,-12.0,-12.0
36037,-22.0,-16.0,1.0
36039,-30.0,-8.0,5.0
36043,-19.0,-8.0,9.0
36045,-24.0,-13.0,21.0
36047,-33.0,-30.0,-19.0
36049,-17.0,-9.0,-9.0
36051,-7.0,-8.0,36.0
36053,-18.0,-15.0,4.0
36055,-27.0,-23.0,12.0
36057,-20.0,-11.0,-11.0
36059,-34.0,-32.0,-3.0
36061,-51.0,-47.0,-42.0
36063,-15.0,-9.0,35.0
36065,-25.0,-14.0,34.0
36067,-29.0,-27.0,0.0
36069,-21.0,-18.0,1.0
36071,-38.0,-31.0,6.0
36073,-7.0,8.0,8.0
36075,-14.0,-6.0,20.0
36077,-29.0,-10.0,7.0
36079,-31.0,-20.0,-20.0
36081,-37.0,-38.0,-22.0
36083,-23.0,-17.0,32.0
36085,-31.0,-28.0,6.0
36087,-35.0,-24.0,-8.0
36089,-22.0,-16.0,22.0
36091,-29.0,-21.0,25.0
36093,-24.0,-17.0,27.0
36095,-22.0,-4.0,-4.0
36097,-4.0,4.0,4.0
36099,31.0,2.0,2.0
36101,-23.0,-21.0,8.0
36103,-31.0,-30.0,9.0
36105,-8.0,9.0,9.0
36107,-15.0,-8.0,-2.0
36109,-34.0,-29.0,37.0
36111,-30.0,-23.0,8.0
36113,-21.0,-12.0,7.0
36115,-19.0,-11.0,20.0
36117,-8.0,-3.0,64.0
36119,-37.0,-34.0,0.0
36121,-4.0,-8.0,-8.0
36123,-13.0,-2.0,-2.0
37001,-7.0,-6.0,4.0
37003,10.0,13.0,13.0
37005,-11.0,-5.0,-5.0
37007,2.0,-1.0,-1.0
37009,1.0,-14.0,-14.0
37011,-18.0,-20.0,-20.0
37013,-7.0,-5.0,1.0
37015,-3.0,3.0,3.0
37017,5.0,-4.0,6.0
37019,-11.0,-17.0,-3.0
37021,-30.0,-27.0,-18.0
37023,-3.0,-13.0,3.0
37025,-26.0,-20.0,-8.0
37027,-8.0,-10.0,5.0
37029,,,
37031,-13.0,-16.0,-3.0
37033,38.0,4.0,4.0
37035,-8.0,-19.0,-7.0
37037,-20.0,-13.0,-11.0
37039,-14.0,-12.0,-12.0
37041,-1.0,10.0,10.0
37043,-14.0,-12.0,-12.0
37045,-5.0,-4.0,9.0
37047,3.0,-1.0,10.0
37049,-2.0,-10.0,-3.0
37051,-11.0,-16.0,-7.0
37053,-7.0,-9.0,-9.0
37055,-27.0,-28.0,-18.0
37057,-12.0,-9.0,6.0
37059,-9.0,-12.0,3.0
37061,-3.0,-4.0,7.0
37063,-28.0,-21.0,-18.0
37065,12.0,6.0,17.0
37067,-28.0,-21.0,-8.0
37069,-8.0,-9.0,10.0
37071,-26.0,-20.0,-9.0
37073,,,
37075,,,
37077,-14.0,-15.0,-7.0
37079,-6.0,2.0,2.0
37081,-29.0,-21.0,-11.0
37083,-8.0,-11.0,1.0
37085,-3.0,-6.0,6.0
37087,-21.0,-22.0,-1.0
37089,-26.0,-21.0,-3.0
37091,9.0,47.0,47.0
37093,3.0,1.0,8.0
37097,-7.0,-14.0,1.0
37099,-25.0,-26.0,-9.0
37101,-14.0,-13.0,-4.0
37103,-8.0,-6.0,-6.0
37105,1.0,-4.0,1.0
37107,-4.0,1.0,12.0
37109,-2.0,-5.0,16.0
37111,-2.0,-7.0,5.0
37113,-8.0,-9.0,-9.0
37115,-20.0,-12.0,-12.0
37117,0.0,7.0,-4.0
37119,-23.0,-17.0,-9.0
37121,-10.0,-10.0,-10.0
37123,24.0,4.0,4.0
37125,-11.0,-18.0,-2.0
37127,-1.0,-3.0,3.0
37129,-17.0,-21.0,-14.0
37131,22.0,21.0,21.0
37133,-5.0,-13.0,-2.0
37135,-39.0,-37.0,-18.0
37137,15.0,9.0,9.0
37139,-9.0,-8.0,4.0
37141,-2.0,-15.0,0.0
37143,-10.0,-2.0,-2.0
37145,15.0,11.0,10.0
37147,-20.0,-17.0,-10.0
37149,-14.0,-19.0,-19.0
37151,-6.0,-11.0,-2.0
37153,-2.0,33.0,40.0
37155,-3.0,-2.0,7.0
37157,-3.0,-5.0,6.0
37159,-6.0,-8.0,2.0
37161,-8.0,-5.0,4.0
37163,4.0,2.0,8.0
37165,-4.0,-3.0,-7.0
37167,-13.0,-16.0,1.0
37169,-6.0,3.0,15.0
37171,-3.0,-6.0,4.0
37173,9.0,0.0,0.0
37175,-11.0,-19.0,-19.0
37179,-18.0,-17.0,0.0
37181,0.0,-3.0,5.0
37183,-31.0,-28.0,-18.0
37185,18.0,7.0,7.0
37187,8.0,4.0,4.0
37189,-38.0,-45.0,-32.0
37191,-5.0,-7.0,0.0
37193,3.0,-4.0,14.0
37195,-7.0,-4.0,3.0
37197,-7.0,-12.0,0.0
37199,-7.0,-5.0,-5.0
38003,,,
38009,,,
38015,-14.0,-18.0,-8.0
38017,-26.0,-26.0,-11.0
38025,-18.0,-17.0,-17.0
38035,-20.0,-23.0,1.0
38053,-15.0,-21.0,-21.0
38055,,,
38057,10.0,6.0,6.0
38059,2.0,6.0,6.0
38061,-14.0,-25.0,-25.0
38067,,,
38071,-27.0,-16.0,-16.0
38073,,,
38077,-4.0,2.0,2.0
38079,,,
38081,,,
38089,18.0,3.0,3.0
38093,-15.0,-16.0,-16.0
38097,,,
38099,,,
38101,-12.0,-11.0,10.0
38105,-6.0,-16.0,4.0
39001,-4.0,32.0,32.0
39003,-25.0,-16.0,-2.0
39005,-12.0,-3.0,8.0
39007,-11.0,-10.0,8.0
39009,-20.0,-23.0,-6.0
39011,-19.0,-15.0,-3.0
39013,-7.0,0.0,32.0
39015,-17.0,-9.0,10.0
39017,-20.0,-21.0,-6.0
39019,-14.0,-8.0,-8.0
39021,-15.0,-5.0,-5.0
39023,-20.0,-18.0,1.0
39025,-22.0,-22.0,-8.0
39027,-11.0,-13.0,6.0
39029,-6.0,-4.0,17.0
39031,-5.0,0.0,0.0
39033,-20.0,-15.0,1.0
39035,-20.0,-19.0,-1.0
39037,-11.0,-11.0,0.0
39039,-31.0,-12.0,4.0
39041,-33.0,-37.0,-17.0
39043,-22.0,-21.0,2.0
39045,-18.0,-18.0,-2.0
39047,-25.0,-17.0,-4.0
39049,-22.0,-25.0,-9.0
39051,-20.0,-13.0,7.0
39053,-17.0,-6.0,-6.0
39055,-23.0,-24.0,-6.0
39057,-21.0,-22.0,-3.0
39059,-25.0,-28.0,-8.0
39061,-18.0,-19.0,-7.0
39063,-30.0,-20.0,-5.0
39065,-10.0,3.0,3.0
39067,2.0,5.0,5.0
39069,-18.0,-6.0,-6.0
39071,-9.0,-10.0,4.0
39073,3.0,-11.0,-11.0
39075,-18.0,-13.0,-13.0
39077,-16.0,-7.0,13.0
39079,-9.0,27.0,27.0
39081,-18.0,-8.0,14.0
39083,-15.0,-9.0,14.0
39085,-22.0,-19.0,-1.0
39087,-14.0,-12.0,-4.0
39089,-18.0,-20.0,-3.0
39091,4.0,4.0,4.0
39093,-15.0,-12.0,10.0
39095,-25.0,-18.0,0.0
39097,-12.0,-16.0,-9.0
39099,-17.0,-21.0,0.0
39101,-19.0,-17.0,5.0
39103,-19.0,-21.0,4.0
39105,,,
39107,-16.0,-6.0,-6.0
39109,-20.0,-24.0,-4.0
39111,-17.0,-6.0,-6.0
39113,-16.0,-19.0,-3.0
39115,0.0,20.0,20.0
39117,-13.0,-6.0,-6.0
39119,-22.0,-18.0,-6.0
39121,-15.0,9.0,9.0
39123,-2.0,6.0,6.0
39125,-7.0,13.0,13.0
39127,-5.0,6.0,3.0
39129,-12.0,-10.0,5.0
39131,-15.0,-5.0,-5.0
39133,-14.0,-14.0,-2.0
39135,-22.0,-20.0,-20.0
39137,-8.0,17.0,17.0
39139,-23.0,-20.0,-5.0
39141,-10.0,-8.0,7.0
39143,-16.0,-11.0,5.0
39145,-18.0,-8.0,0.0
39147,-19.0,-6.0,10.0
39149,-29.0,-27.0,-15.0
39151,-18.0,-15.0,-3.0
39153,-17.0,-18.0,0.0
39155,-9.0,-9.0,8.0
39157,-12.0,-12.0,9.0
39159,-22.0,-24.0,1.0
39161,-25.0,-8.0,-8.0
39163,2.0,9.0,9.0
39165,-17.0,-18.0,5.0
39167,-18.0,-11.0,-2.0
39169,-18.0,-16.0,1.0
39171,-20.0,7.0,-11.0
39173,-37.0,-34.0,-16.0
39175,-5.0,6.0,6.0
40001,8.0,8.0,8.0
40005,-19.0,-24.0,-24.0
40009,-9.0,-8.0,-8.0
40011,-1.0,-4.0,-4.0
40013,-25.0,-20.0,-19.0
40015,-1.0,7.0,7.0
40017,-20.0,-19.0,-14.0
40019,1.0,-6.0,9.0
40021,-5.0,3.0,-1.0
40023,-6.0,-5.0,-5.0
40027,-22.0,-19.0,-9.0
40029,,,
40031,-9.0,-7.0,0.0
40033,-23.0,-23.0,-23.0
40035,-21.0,-25.0,-25.0
40037,-7.0,-1.0,12.0
40039,-7.0,-8.0,-8.0
40041,20.0,22.0,22.0
40047,-19.0,-9.0,6.0
40049,-3.0,2.0,2.0
40051,2.0,6.0,6.0
40055,,,
40061,14.0,-12.0,-12.0
40063,8.0,8.0,8.0
40065,0.0,-2.0,-2.0
40067,5.0,-4.0,-4.0
40069,0.0,9.0,9.0
40071,11.0,20.0,17.0
40073,,,
40075,-4.0,-2.0,-2.0
40077,-10.0,-11.0,-11.0
40079,-5.0,-6.0,5.0
40081,4.0,-5.0,-5.0
40083,-3.0,-3.0,-3.0
40085,-9.0,-13.0,-13.0
40087,-13.0,-7.0,-7.0
40089,-2.0,-5.0,-4.0
40091,25.0,24.0,24.0
40093,,,
40095,6.0,7.0,7.0
40097,-3.0,-9.0,3.0
40099,7.0,0.0,0.0
40101,-10.0,-3.0,10.0
40103,-9.0,-7.0,-7.0
40105,-2.0,-2.0,-2.0
40107,-4.0,-4.0,-4.0
40109,-16.0,-10.0,-4.0
40111,-6.0,-3.0,0.0
40113,7.0,12.0,12.0
40115,-3.0,-2.0,-2.0
40117,-25.0,-11.0,-11.0
40119,-19.0,-16.0,-12.0
40121,-2.0,9.0,12.0
40123,-15.0,-5.0,-6.0
40125,-7.0,4.0,13.0
40127,-1.0,4.0,4.0
40131,-3.0,-5.0,3.0
40133,-1.0,13.0,13.0
40135,11.0,4.0,4.0
40137,-12.0,-7.0,2.0
40139,-4.0,-12.0,-12.0
40141,-8.0,0.0,0.0
40143,-18.0,-10.0,0.0
40145,7.0,4.0,4.0
40147,-7.0,-1.0,7.0
40149,-17.0,-17.0,-17.0
40151,,,
40153,-7.0,-11.0,-11.0
41001,-14.0,-10.0,-10.0
41003,-35.0,-34.0,-21.0
41005,-23.0,-18.0,-9.0
41007,-34.0,-26.0,-23.0
41009,-22.0,-15.0,-2.0
41011,-24.0,-18.0,3.0
41013,-15.0,-15.0,-15.0
41015,-26.0,-23.0,-10.0
41017,-24.0,-14.0,-8.0
41019,-18.0,-8.0,10.0
41023,-19.0,-19.0,-19.0
41025,11.0,-6.0,-6.0
41027,-11.0,6.0,6.0
41029,-19.0,-17.0,-1.0
41031,-13.0,-6.0,-6.0
41033,-19.0,-16.0,3.0
41035,-11.0,-3.0,7.0
41037,,,
41039,-28.0,-22.0,-9.0
41041,-29.0,-25.0,-24.0
41043,-25.0,-15.0,4.0
41045,-15.0,-6.0,11.0
41047,-23.0,-13.0,-1.0
41049,,,
41051,-29.0,-22.0,-15.0
41053,-23.0,-10.0,6.0
41055,,,
41057,-27.0,-20.0,-13.0
41059,-6.0,11.0,20.0
41061,-35.0,-31.0,-31.0
41063,-14.0,-14.0,-14.0
41065,-22.0,-16.0,1.0
41067,-31.0,-23.0,-15.0
41071,-24.0,-17.0,-4.0
42001,-29.0,-26.0,-3.0
42003,-21.0,-23.0,-8.0
42005,-17.0,-20.0,5.0
42007,-20.0,-16.0,2.0
42009,-9.0,-17.0,10.0
42011,-32.0,-28.0,-14.0
42013,-16.0,-16.0,-6.0
42015,-14.0,-11.0,10.0
42017,-36.0,-32.0,-24.0
42019,-51.0,-44.0,-35.0
42021,-14.0,-17.0,-3.0
42025,-7.0,-26.0,-7.0
42027,-45.0,-35.0,-21.0
42029,-38.0,-34.0,-24.0
42031,-18.0,-13.0,-13.0
42033,-18.0,-17.0,-5.0
42035,-12.0,-5.0,-13.0
42037,-20.0,-14.0,11.0
42039,-7.0,0.0,11.0
42041,-25.0,-27.0,-9.0
42043,-32.0,-28.0,-24.0
42045,-28.0,-25.0,-14.0
42047,-18.0,-8.0,-8.0
42049,-13.0,-12.0,6.0
42051,-7.0,-9.0,8.0
42055,-19.0,-18.0,-6.0
42057,-27.0,-27.0,-27.0
42059,-7.0,-11.0,-10.0
42061,-7.0,-8.0,4.0
42063,-19.0,-22.0,-11.0
42065,-7.0,-12.0,-4.0
42067,-31.0,-34.0,-34.0
42069,-28.0,-23.0,0.0
42071,-38.0,-30.0,-19.0
42073,-16.0,-22.0,0.0
42075,-23.0,-23.0,-6.0
42077,-32.0,-29.0,-16.0
42079,-25.0,-20.0,-6.0
42081,-21.0,-22.0,-1.0
42083,-11.0,12.0,-3.0
42085,-34.0,-33.0,-17.0
42087,-12.0,-10.0,-9.0
42089,-34.0,-31.0,-4.0
42091,-36.0,-34.0,-25.0
42093,-31.0,-33.0,-33.0
42095,-32.0,-29.0,-13.0
42097,-11.0,-9.0,10.0
42099,-13.0,-16.0,10.0
42101,-27.0,-25.0,-17.0
42103,-16.0,-9.0,16.0
42105,-6.0,1.0,1.0
42107,-16.0,-12.0,4.0
42109,-28.0,-31.0,-6.0
42111,-14.0,-11.0,3.0
42113,,,
42115,-17.0,-15.0,-18.0
42117,-15.0,-11.0,-13.0
42119,-30.0,-31.0,-4.0
42121,-15.0,-15.0,1.0
42123,5.0,15.0,15.0
42125,-17.0,-17.0,-2.0
42127,-19.0,-6.0,-6.0
42129,-28.0,-24.0,-5.0
42131,-8.0,-4.0,-4.0
42133,-34.0,-25.0,-14.0
44001,-45.0,-36.0,-36.0
44003,-26.0,-24.0,3.0
44005,-32.0,-25.0,-8.0
44007,-29.0,-23.0,-7.0
44009,-34.0,-34.0,-7.0
45001,7.0,7.0,7.0
45003,-11.0,-11.0,-1.0
45005,-12.0,-12.0,-12.0
45007,-3.0,-4.0,8.0
45009,2.0,4.0,4.0
45011,11.0,4.0,4.0
45013,-16.0,-21.0,-10.0
45015,-10.0,-7.0,1.0
45017,13.0,13.0,13.0
45019,-25.0,-26.0,-20.0
45021,-3.0,-5.0,4.0
45023,4.0,3.0,3.0
45025,3.0,7.0,7.0
45027,-2.0,-2.0,-2.0
45029,-13.0,-14.0,-4.0
45031,-2.0,2.0,0.0
45033,3.0,2.0,0.0
45035,-12.0,-12.0,1.0
45037,8.0,7.0,7.0
45039,1.0,5.0,5.0
45041,-11.0,-6.0,3.0
45043,-6.0,-12.0,-2.0
45045,-12.0,-13.0,1.0
45047,-4.0,1.0,-1.0
45049,-10.0,-7.0,-7.0
45051,-13.0,-18.0,-13.0
45053,-21.0,-24.0,-13.0
45055,-7.0,2.0,13.0
45057,-13.0,-15.0,0.0
45059,2.0,8.0,19.0
45061,6.0,8.0,8.0
45063,-15.0,-12.0,-5.0
45065,30.0,11.0,11.0
45067,-7.0,-3.0,12.0
45069,4.0,-2.0,-2.0
45071,1.0,3.0,4.0
45073,-6.0,-9.0,9.0
45075,-5.0,-5.0,0.0
45077,-10.0,-8.0,4.0
45079,-19.0,-15.0,-8.0
45081,-1.0,3.0,3.0
45083,-11.0,-13.0,-2.0
45085,-6.0,-4.0,1.0
45087,1.0,6.0,1.0
45089,-2.0,2.0,2.0
45091,-16.0,-14.0,-5.0
46005,-22.0,-12.0,-12.0
46009,,,
46011,-21.0,-27.0,-27.0
46013,-10.0,-12.0,-12.0
46015,,,
46019,,,
46023,,,
46027,,,
46029,-14.0,5.0,5.0
46033,,,
46035,-7.0,-4.0,-4.0
46041,,,
46047,-12.0,-12.0,
46051,,,
46057,,,
46065,6.0,-11.0,-11.0
46067,,,
46077,,,
46079,-13.0,-6.0,-6.0
46081,-14.0,-14.0,-14.0
46083,13.0,0.0,0.0
46087,,,
46093,-10.0,-7.0,-7.0
46099,-5.0,-6.0,-6.0
46101,,,
46103,-6.0,-1.0,-2.0
46109,4.0,-20.0,-20.0
46113,-11.0,-11.0,-11.0
46115,,,
46121,-26.0,-14.0,-14.0
46123,,,
46125,,,
46127,-15.0,-9.0,-9.0
46129,,,
46135,-3.0,0.0,0.0
47001,-5.0,4.0,8.0
47003,-2.0,5.0,7.0
47005,16.0,83.0,83.0
47007,18.0,18.0,18.0
47009,-4.0,-7.0,8.0
47011,-6.0,-5.0,6.0
47013,-1.0,-1.0,0.0
47015,15.0,12.0,12.0
47017,-2.0,4.0,4.0
47019,1.0,-2.0,14.0
47021,23.0,66.0,66.0
47023,-3.0,-4.0,-4.0
47025,29.0,46.0,46.0
47027,,,
47029,-11.0,3.0,21.0
47031,-6.0,-6.0,3.0
47033,3.0,4.0,4.0
47035,-13.0,-27.0,-7.0
47037,-17.0,-18.0,-10.0
47039,8.0,22.0,22.0
47041,26.0,18.0,18.0
47043,-13.0,-16.0,0.0
47045,-5.0,-5.0,-4.0
47047,46.0,52.0,52.0
47049,0.0,1.0,1.0
47051,3.0,3.0,14.0
47053,4.0,13.0,20.0
47055,2.0,-10.0,13.0
47057,-1.0,4.0,4.0
47059,-8.0,-11.0,0.0
47061,4.0,-12.0,-12.0
47063,-12.0,-11.0,4.0
47065,-15.0,-22.0,-2.0
47067,,,
47069,-4.0,-2.0,-2.0
47071,-3.0,9.0,9.0
47073,-5.0,-3.0,17.0
47075,4.0,4.0,4.0
47077,11.0,11.0,11.0
47079,8.0,10.0,9.0
47081,3.0,5.0,5.0
47083,-17.0,-6.0,-6.0
47085,2.0,-5.0,-5.0
47087,2.0,2.0,2.0
47089,-10.0,-3.0,13.0
47091,3.0,0.0,0.0
47093,-16.0,-17.0,-2.0
47097,21.0,19.0,19.0
47099,2.0,-7.0,4.0
47101,-4.0,17.0,17.0
47103,5.0,10.0,10.0
47105,1.0,0.0,10.0
47107,-13.0,-11.0,9.0
47109,-1.0,5.0,5.0
47111,-5.0,-4.0,-4.0
47113,-15.0,-18.0,-13.0
47115,-26.0,-30.0,-14.0
47117,11.0,6.0,6.0
47119,-15.0,-20.0,-2.0
47121,14.0,32.0,32.0
47123,-7.0,14.0,40.0
47125,-9.0,-10.0,3.0
47127,,,
47129,2.0,3.0,3.0
47131,14.0,13.0,13.0
47133,6.0,0.0,0.0
47135,,,
47139,9.0,2.0,2.0
47141,-14.0,-21.0,-10.0
47143,-1.0,-1.0,8.0
47145,-6.0,1.0,10.0
47147,6.0,6.0,16.0
47149,-12.0,-15.0,-2.0
47151,3.0,9.0,9.0
47153,11.0,7.0,7.0
47155,-29.0,-30.0,-27.0
47157,-9.0,-4.0,4.0
47159,15.0,22.0,22.0
47161,11.0,15.0,15.0
47163,-10.0,-9.0,2.0
47165,-13.0,-11.0,1.0
47167,1.0,4.0,22.0
47169,11.0,11.0,11.0
47171,3.0,16.0,16.0
47173,6.0,0.0,0.0
47175,,,
47177,40.0,21.0,21.0
47179,-15.0,-18.0,-5.0
47181,3.0,16.0,16.0
47183,-1.0,2.0,2.0
47185,-16.0,19.0,19.0
47187,-20.0,-29.0,-8.0
47189,-4.0,-14.0,2.0
48001,1.0,-6.0,-2.0
48003,-22.0,-40.0,-40.0
48005,-9.0,-17.0,-4.0
48007,-31.0,-35.0,-31.0
48009,,,
48013,-24.0,-19.0,-4.0
48015,-6.0,-22.0,-22.0
48017,-14.0,-8.0,-8.0
48019,15.0,-5.0,-5.0
48021,-24.0,-29.0,-21.0
48025,-35.0,-24.0,-8.0
48027,-24.0,-25.0,-18.0
48029,-23.0,-22.0,-10.0
48031,-10.0,-20.0,-20.0
48035,0.0,-7.0,-7.0
48037,-20.0,-13.0,-12.0
48039,-21.0,-19.0,-8.0
48041,-28.0,-29.0,-21.0
48043,-37.0,-43.0,-43.0
48047,-14.0,-9.0,-9.0
48049,-18.0,-21.0,-6.0
48051,0.0,-10.0,-10.0
48053,-15.0,-26.0,-14.0
48055,-36.0,-41.0,-31.0
48057,-20.0,-17.0,-17.0
48059,-5.0,-15.0,-15.0
48061,-41.0,-46.0,-35.0
48063,-4.0,-9.0,-9.0
48065,-28.0,-24.0,-24.0
48067,4.0,-3.0,-3.0
48069,-14.0,-20.0,-20.0
48071,-19.0,-22.0,-2.0
48073,-5.0,-12.0,1.0
48075,-31.0,-20.0,-20.0
48077,,,
48081,-21.0,-30.0,-30.0
48083,-16.0,-19.0,-19.0
48085,-33.0,-34.0,-27.0
48089,-8.0,-11.0,-11.0
48091,-33.0,-35.0,-22.0
48093,-22.0,-29.0,-29.0
48097,-3.0,-10.0,0.0
48099,-18.0,-17.0,0.0
48103,-27.0,-20.0,-20.0
48105,-27.0,-24.0,-24.0
48107,-15.0,-24.0,-24.0
48109,,,
48111,-12.0,-21.0,-21.0
48113,-21.0,-20.0,-14.0
48115,-10.0,-9.0,-9.0
48117,-12.0,-14.0,-14.0
48119,,,
48121,-27.0,-31.0,-22.0
48123,-22.0,-27.0,-27.0
48127,-17.0,-24.0,-24.0
48129,,,
48131,-28.0,-30.0,-30.0
48133,-15.0,-12.0,-12.0
48135,-5.0,-16.0,-9.0
48139,-18.0,-17.0,-3.0
48141,-25.0,-23.0,-14.0
48143,-32.0,-34.0,-34.0
48145,-13.0,-10.0,-10.0
48147,-2.0,-2.0,-2.0
48149,-25.0,-31.0,-24.0
48153,,,
48157,-26.0,-25.0,-13.0
48159,4.0,-2.0,-2.0
48161,-4.0,-13.0,-13.0
48163,-22.0,-30.0,-30.0
48165,-8.0,-8.0,-8.0
48167,-15.0,-16.0,-2.0
48169,-13.0,-28.0,-28.0
48171,-25.0,-32.0,-32.0
48175,-38.0,-54.0,-54.0
48177,-13.0,-24.0,-24.0
48179,-10.0,-27.0,-27.0
48181,-9.0,-14.0,-11.0
48183,-21.0,-15.0,-11.0
48185,-3.0,-5.0,-5.0
48187,-24.0,-24.0,-12.0
48189,-13.0,-18.0,12.0
48191,,,
48193,-32.0,-35.0,-35.0
48197,-24.0,-24.0,-24.0
48199,-13.0,-10.0,5.0
48201,-23.0,-20.0,-13.0
48203,-7.0,-7.0,8.0
48205,-4.0,6.0,6.0
48207,-22.0,-34.0,-34.0
48209,-22.0,-25.0,-15.0
48213,-3.0,-7.0,7.0
48215,-43.0,-43.0,-30.0
48217,-8.0,-17.0,-8.0
48219,-15.0,-22.0,-22.0
48221,-7.0,13.0,32.0
48223,4.0,0.0,0.0
48225,5.0,4.0,4.0
48227,-19.0,-24.0,-17.0
48231,-15.0,-17.0,-12.0
48233,-13.0,-17.0,-17.0
48237,,,
48239,-19.0,-16.0,-16.0
48241,-24.0,-22.0,0.0
48245,-22.0,-19.0,-5.0
48247,-29.0,-47.0,-47.0
48249,-22.0,-19.0,-1.0
48251,-18.0,-22.0,-12.0
48253,-8.0,-11.0,-11.0
48255,-24.0,-22.0,-22.0
48257,-22.0,-25.0,-14.0
48259,-25.0,-33.0,-19.0
48265,-18.0,-28.0,-14.0
48267,,,
48273,-36.0,-35.0,-27.0
48277,-6.0,-7.0,-8.0
48279,-17.0,-11.0,-11.0
48281,-27.0,-31.0,-31.0
48283,-23.0,-26.0,-26.0
48285,-11.0,-16.0,-16.0
48287,-37.0,-41.0,-41.0
48289,-23.0,-40.0,-40.0
48291,-2.0,0.0,10.0
48293,-15.0,-23.0,-23.0
48297,-35.0,-36.0,-36.0
48299,-3.0,-24.0,-24.0
48301,-58.0,-49.0,-49.0
48303,-14.0,-19.0,-3.0
48305,,,
48307,-10.0,-22.0,-22.0
48309,-22.0,-23.0,-14.0
48311,,,
48313,-63.0,-68.0,-59.0
48315,-12.0,-4.0,-4.0
48317,-13.0,-14.0,-14.0
48321,-16.0,-26.0,-10.0
48323,-36.0,-41.0,-33.0
48325,-8.0,-12.0,5.0
48329,-19.0,-20.0,-15.0
48331,-20.0,-20.0,-20.0
48335,-14.0,-23.0,-23.0
48337,-18.0,-33.0,-33.0
48339,-24.0,-21.0,-7.0
48341,-12.0,-17.0,-17.0
48343,-9.0,-10.0,-10.0
48347,-3.0,-24.0,-12.0
48349,-18.0,10.0,27.0
48351,0.0,-2.0,-2.0
48353,-10.0,-12.0,-12.0
48355,-25.0,-22.0,-9.0
48357,-14.0,-14.0,-14.0
48359,,,
48361,-18.0,-11.0,6.0
48363,-1.0,-3.0,-3.0
48365,0.0,-19.0,-19.0
48367,-15.0,-15.0,-6.0
48369,-10.0,-4.0,-4.0
48371,-17.0,-28.0,-28.0
48373,-14.0,-16.0,2.0
48375,-13.0,-16.0,-3.0
48377,-38.0,-42.0,-42.0
48379,-8.0,-25.0,-25.0
48381,-17.0,-19.0,-4.0
48383,-2.0,-22.0,-22.0
48385,,-38.0,-38.0
48387,16.0,4.0,4.0
48389,-19.0,-16.0,-26.0
48391,-43.0,-44.0,-44.0
48395,-16.0,-25.0,-25.0
48397,-25.0,-27.0,-10.0
48399,-5.0,-17.0,-17.0
48401,-7.0,-7.0,6.0
48403,13.0,-2.0,-2.0
48405,-9.0,-14.0,-14.0
48407,7.0,3.0,3.0
48409,-23.0,-22.0,-13.0
48411,,,
48415,-21.0,-20.0,-20.0
48419,-3.0,-19.0,-19.0
48421,,,
48423,-28.0,-18.0,-12.0
48425,-6.0,-22.0,-22.0
48427,-31.0,-37.0,-20.0
48429,,,
48435,-29.0,-27.0,-27.0
48437,-4.0,-2.0,-2.0
48439,-20.0,-20.0,-9.0
48441,-14.0,-21.0,-10.0
48445,-19.0,-27.0,-27.0
48449,2.0,-10.0,6.0
48451,-18.0,-22.0,-13.0
48453,-29.0,-30.0,-24.0
48455,9.0,-10.0,-10.0
48457,11.0,5.0,5.0
48459,2.0,4.0,4.0
48461,-21.0,-25.0,-25.0
48463,-31.0,-36.0,-23.0
48465,-35.0,-32.0,-21.0
48467,-16.0,-17.0,-13.0
48469,-23.0,-27.0,-18.0
48471,-17.0,-19.0,-7.0
48473,-22.0,-16.0,-5.0
48475,-16.0,-17.0,-29.0
48477,-14.0,-16.0,-14.0
48479,-38.0,-42.0,-30.0
48481,-36.0,-38.0,-29.0
48483,,,
48485,-30.0,-23.0,-9.0
48487,-12.0,-15.0,-15.0
48489,-36.0,-38.0,-38.0
48491,-29.0,-31.0,-21.0
48493,-55.0,-52.0,-42.0
48495,-23.0,-25.0,-32.0
48497,-11.0,-17.0,-10.0
48499,7.0,-11.0,-1.0
48501,-12.0,-12.0,-12.0
48503,-4.0,43.0,43.0
48505,-19.0,-30.0,-30.0
48507,-25.0,-16.0,-16.0
49001,,,
49003,-24.0,-16.0,-7.0
49005,-3.0,-5.0,9.0
49007,2.0,-13.0,-13.0
49011,-1.0,-2.0,2.0
49013,1.0,12.0,12.0
49015,6.0,2.0,2.0
49017,,,
49019,-1.0,-2.0,-2.0
49021,-49.0,-14.0,-13.0
49023,-15.0,-15.0,-15.0
49025,-6.0,-15.0,-15.0
49027,72.0,67.0,67.0
49029,-13.0,-2.0,-2.0
49035,-16.0,-16.0,-7.0
49037,60.0,34.0,34.0
49039,0.0,-7.0,-7.0
49041,2.0,2.0,2.0
49043,-65.0,-63.0,-59.0
49045,-11.0,-11.0,31.0
49047,-4.0,1.0,1.0
49049,-11.0,-10.0,-4.0
49051,-30.0,-32.0,-32.0
49053,-10.0,-7.0,-3.0
49057,-17.0,-15.0,-7.0
50001,-38.0,-32.0,-32.0
50003,-29.0,-24.0,-24.0
50005,-44.0,-26.0,-29.0
50007,-53.0,-45.0,-39.0
50009,,,
50011,-27.0,-25.0,-25.0
50013,,,
50015,-45.0,-35.0,-35.0
50017,-33.0,-14.0,-14.0
50019,-31.0,-15.0,-15.0
50021,-33.0,-21.0,-10.0
50023,-45.0,-35.0,-21.0
50025,-43.0,-42.0,-27.0
50027,-50.0,-47.0,-40.0
51001,-18.0,-19.0,-4.0
51003,-30.0,-27.0,-18.0
51005,,,
51007,-18.0,-21.0,-21.0
51009,-7.0,-2.0,-2.0
51011,2.0,12.0,12.0
51013,-32.0,-35.0,-23.0
51015,-16.0,-16.0,-6.0
51017,,,
51019,-8.0,-7.0,3.0
51021,,,
51023,-11.0,-18.0,-18.0
51025,,,
51027,6.0,0.0,0.0
51029,-3.0,-12.0,-12.0
51031,-13.0,-9.0,3.0
51033,-20.0,-21.0,-21.0
51035,12.0,7.0,7.0
51036,,,
51037,20.0,17.0,17.0
51041,-21.0,-24.0,-16.0
51043,-19.0,-21.0,-21.0
51045,,,
51047,-12.0,-6.0,-6.0
51049,-24.0,,
51051,-11.0,-16.0,-16.0
51053,-29.0,-26.0,-26.0
51057,10.0,-8.0,-8.0
51059,-24.0,-28.0,-21.0
51061,-34.0,-36.0,-27.0
51063,9.0,6.0,6.0
51065,-31.0,-34.0,-34.0
51067,-7.0,-7.0,2.0
51069,-26.0,-24.0,-12.0
51071,0.0,16.0,16.0
51073,12.0,-8.0,-8.0
51075,-22.0,-23.0,-23.0
51077,,,
51079,-15.0,-18.0,-18.0
51081,,,
51083,-11.0,-13.0,-7.0
51085,-23.0,-29.0,-14.0
51087,-22.0,-24.0,-16.0
51089,-9.0,-13.0,3.0
51093,-11.0,-10.0,9.0
51095,-2.0,-4.0,1.0
51097,,,
51099,-37.0,-38.0,-18.0
51101,-7.0,3.0,3.0
51103,-2.0,6.0,6.0
51105,10.0,10.0,10.0
51107,-24.0,-25.0,-13.0
51109,-13.0,-22.0,-6.0
51111,-2.0,-4.0,-4.0
51113,-34.0,-27.0,-27.0
51115,-2.0,2.0,2.0
51117,1.0,4.0,4.0
51119,12.0,1.0,1.0
51121,-18.0,-20.0,-3.0
51125,1.0,-3.0,-3.0
51127,-5.0,-10.0,-10.0
51131,-22.0,-33.0,-33.0
51133,-18.0,-17.0,-17.0
51135,38.0,40.0,40.0
51137,-15.0,-13.0,4.0
51139,3.0,-2.0,-2.0
51141,25.0,19.0,19.0
51143,-9.0,-1.0,10.0
51145,-28.0,-32.0,-32.0
51147,-19.0,-17.0,-17.0
51149,-31.0,-23.0,-8.0
51153,-22.0,-24.0,-18.0
51155,1.0,1.0,1.0
51157,,,
51159,-25.0,-25.0,-25.0
51161,-15.0,-22.0,-7.0
51163,,,
51165,-10.0,-18.0,-9.0
51167,-14.0,-22.0,-22.0
51169,-2.0,-9.0,-9.0
51171,-10.0,-19.0,-5.0
51173,2.0,4.0,4.0
51175,4.0,-1.0,-1.0
51177,-17.0,-20.0,-7.0
51179,-29.0,-33.0,-18.0
51181,,,
51183,18.0,22.0,22.0
51185,6.0,15.0,-8.0
51187,-11.0,-11.0,-11.0
51191,-11.0,-10.0,-9.0
51193,20.0,6.0,6.0
51195,4.0,1.0,-17.0
51197,-17.0,-16.0,-5.0
51199,-20.0,-22.0,-7.0
53001,4.0,19.0,19.0
53003,,,
53005,-23.0,-17.0,-7.0
53007,-20.0,-18.0,-13.0
53009,-27.0,-23.0,-13.0
53011,-28.0,-22.0,-14.0
53015,-20.0,-7.0,6.0
53017,-19.0,-12.0,9.0
53019,,,
53021,-15.0,-9.0,-1.0
53025,-8.0,-3.0,8.0
53027,-18.0,-10.0,-3.0
53029,-25.0,-31.0,-16.0
53031,-31.0,-33.0,-33.0
53033,-30.0,-29.0,-19.0
53035,-27.0,-19.0,-8.0
53037,-32.0,-26.0,-7.0
53039,-3.0,-2.0,-2.0
53041,-21.0,-8.0,0.0
53043,,,
53045,-25.0,-20.0,-7.0
53047,2.0,7.0,7.0
53049,-24.0,-14.0,-14.0
53051,-6.0,-1.0,-1.0
53053,-22.0,-14.0,-5.0
53055,-32.0,-42.0,-42.0
53057,-25.0,-20.0,-5.0
53059,,,
53061,-30.0,-28.0,-15.0
53063,-20.0,-15.0,1.0
53065,-7.0,1.0,1.0
53067,-28.0,-23.0,-7.0
53071,-21.0,-12.0,-7.0
53073,-34.0,-32.0,-20.0
53075,-25.0,-24.0,-24.0
53077,-13.0,-7.0,8.0
54001,-9.0,-1.0,-1.0
54003,-20.0,-15.0,-6.0
54005,-13.0,8.0,8.0
54007,,,
54009,-10.0,-4.0,-4.0
54011,-20.0,-10.0,-7.0
54019,-9.0,3.0,3.0
54023,9.0,4.0,4.0
54025,-16.0,18.0,-14.0
54027,-1.0,0.0,0.0
54029,-1.0,-8.0,-27.0
54031,-13.0,-14.0,-14.0
54033,-18.0,-11.0,-6.0
54035,-32.0,-18.0,-18.0
54037,-39.0,-44.0,-30.0
54039,-14.0,-3.0,-2.0
54041,-7.0,-18.0,-18.0
54043,,,
54045,-16.0,2.0,2.0
54047,-13.0,13.0,13.0
54049,-21.0,-6.0,4.0
54051,-18.0,-20.0,-20.0
54053,-8.0,11.0,11.0
54055,-16.0,-4.0,3.0
54057,-4.0,-4.0,-4.0
54059,,,
54061,-23.0,-25.0,-19.0
54063,,,
54065,-19.0,-7.0,-7.0
54067,-12.0,7.0,7.0
54069,11.0,8.0,14.0
54073,,,
54075,,,
54077,-5.0,-16.0,-16.0
54079,-16.0,-12.0,-6.0
54081,-24.0,-13.0,-12.0
54083,-9.0,-1.0,-1.0
54085,,,
54087,,,
54089,,,
54091,-32.0,2.0,2.0
54093,-14.0,-14.0,-14.0
54095,,,
54097,-24.0,-19.0,-19.0
54099,-10.0,-6.0,-6.0
54101,,,
54103,-15.0,-8.0,-8.0
54105,,,
54107,-12.0,-3.0,-6.0
54109,,,
55001,-16.0,1.0,1.0
55003,-44.0,-15.0,-15.0
55005,-38.0,-19.0,-5.0
55007,-33.0,-28.0,-28.0
55009,-31.0,-21.0,-1.0
55011,-12.0,-12.0,-12.0
55013,-24.0,0.0,0.0
55015,-29.0,-19.0,1.0
55017,-34.0,-9.0,9.0
55019,-29.0,-7.0,-7.0
55021,-29.0,-15.0,1.0
55023,-26.0,3.0,3.0
55025,-38.0,-29.0,-12.0
55027,-32.0,-13.0,1.0
55029,-28.0,-19.0,-19.0
55031,-40.0,-19.0,-8.0
55033,-35.0,-12.0,-6.0
55035,-35.0,-27.0,-10.0
55037,,,
55039,-36.0,-28.0,-9.0
55041,,,
55043,-24.0,-5.0,12.0
55045,-22.0,-3.0,15.0
55047,-22.0,-5.0,-5.0
55049,-44.0,3.0,3.0
55051,,,
55053,-19.0,85.0,85.0
55055,-28.0,-13.0,13.0
55057,-33.0,-18.0,-1.0
55059,-33.0,-25.0,-6.0
55061,-17.0,-9.0,-9.0
55063,-28.0,-17.0,-10.0
55065,-7.0,10.0,10.0
55067,-30.0,-13.0,-13.0
55069,-36.0,18.0,18.0
55071,-19.0,-14.0,3.0
55073,-32.0,-23.0,-10.0
55075,-25.0,-1.0,-13.0
55077,-25.0,5.0,5.0
55079,-28.0,-16.0,-1.0
55081,-33.0,-19.0,-11.0
55083,-22.0,1.0,1.0
55085,-47.0,-22.0,-22.0
55087,-35.0,-26.0,-7.0
55089,-35.0,-29.0,-10.0
55091,,,
55093,-21.0,0.0,0.0
55095,-26.0,-3.0,10.0
55097,-34.0,-24.0,-5.0
55099,-31.0,-19.0,-19.0
55101,-28.0,-19.0,0.0
55103,,,
55105,-30.0,-18.0,6.0
55107,-39.0,-17.0,-17.0
55109,-35.0,-22.0,-5.0
55111,-29.0,-10.0,-1.0
55113,-37.0,-20.0,-20.0
55115,-35.0,-24.0,-2.0
55117,-28.0,-17.0,8.0
55119,-21.0,10.0,10.0
55121,-28.0,-20.0,-3.0
55123,-28.0,-14.0,-14.0
55125,-28.0,-26.0,-26.0
55127,-28.0,-11.0,12.0
55129,-59.0,-40.0,-40.0
55131,-29.0,-21.0,2.0
55133,-35.0,-21.0,4.0
55135,-26.0,-12.0,13.0
55137,-1.0,7.0,7.0
55139,-32.0,-20.0,-1.0
55141,-31.0,-17.0,-1.0
56001,-27.0,-20.0,-20.0
56003,-7.0,-7.0,-7.0
56005,-2.0,8.0,8.0
56007,-14.0,-23.0,-23.0
56009,-3.0,-9.0,-9.0
56011,,,
56013,-17.0,-5.0,-8.0
56015,-17.0,-13.0,-13.0
56017,-22.0,-20.0,-20.0
56019,-2.0,-2.0,-2.0
56021,-20.0,-13.0,-2.0
56023,-5.0,-16.0,-16.0
56025,-8.0,-7.0,2.0
56029,10.0,12.0,12.0
56031,-5.0,-11.0,-11.0
56033,7.0,5.0,5.0
56035,-24.0,-33.0,-33.0
56037,-9.0,-9.0,13.0
56039,-50.0,-53.0,-53.0
56041,2.0,-11.0,-11.0
56043,-7.0,-23.0,-23.0
56045,-24.0,-19.0,-19.0
