,Workplaces,Workplaces,Workplaces
Date,2020-03-29,2020-04-05,2020-04-11
FIPS,,,
1001,-35.0,-38.0,-30.0
1003,-32.0,-35.0,-28.0
1005,-23.0,-30.0,-31.0
1007,-32.0,-35.0,-19.0
1009,-29.0,-33.0,-24.0
1011,-24.0,-29.0,-33.0
1013,-30.0,-30.0,-33.0
1015,-33.0,-36.0,-29.0
1017,-28.0,-36.0,-32.0
1019,-29.0,-31.0,-18.0
1021,-26.0,-32.0,-25.0
1023,-28.0,-38.0,-43.0
1025,-27.0,-27.0,-9.0
1027,-20.0,-26.0,-41.0
1029,-9.0,-16.0,-14.0
1031,-26.0,-33.0,-27.0
1033,-22.0,-29.0,-21.0
1035,-21.0,-26.0,-36.0
1037,-28.0,-31.0,-44.0
1039,-23.0,-33.0,-20.0
1041,-35.0,-28.0,-33.0
1043,-29.0,-34.0,-28.0
1045,-25.0,-31.0,-23.0
1047,-22.0,-35.0,-22.0
1049,-23.0,-23.0,-16.0
1051,-37.0,-40.0,-33.0
1053,-27.0,-31.0,-28.0
1055,-33.0,-36.0,-30.0
1057,-28.0,-28.0,-32.0
1059,-14.0,-21.0,-21.0
1061,-28.0,-33.0,-27.0
1063,-33.0,-33.0,-44.0
1065,-14.0,-39.0,-29.0
1067,-29.0,-33.0,-21.0
1069,-30.0,-36.0,-29.0
1071,-25.0,-33.0,-21.0
1073,-36.0,-42.0,-32.0
1075,-28.0,-32.0,-39.0
1077,-33.0,-36.0,-29.0
1079,-25.0,-30.0,-22.0
1081,-36.0,-43.0,-32.0
1083,-32.0,-37.0,-24.0
1085,-34.0,-41.0,-54.0
1087,-37.0,-39.0,-39.0
1089,-38.0,-43.0,-36.0
1091,-17.0,-19.0,-9.0
1093,-24.0,-31.0,-32.0
1095,-30.0,-31.0,-28.0
1097,-29.0,-33.0,-28.0
1099,-27.0,-34.0,-24.0
1101,-34.0,-38.0,-29.0
1103,-27.0,-34.0,-31.0
1105,-29.0,-37.0,-44.0
1107,-36.0,-35.0,-36.0
1109,-25.0,-31.0,-34.0
1111,-22.0,-31.0,-26.0
1113,-27.0,-35.0,-27.0
1115,-34.0,-37.0,-26.0
1117,-36.0,-41.0,-32.0
1119,-31.0,-33.0,-45.0
1121,-33.0,-35.0,-26.0
1123,-25.0,-30.0,-31.0
1125,-40.0,-42.0,-35.0
1127,-24.0,-26.0,-15.0
1129,-25.0,-23.0,-36.0
1131,-31.0,-38.0,-44.0
1133,-21.0,-27.0,-23.0
2122,-24.0,-21.0,-24.0
4001,-27.0,-30.0,-34.0
4003,-29.0,-34.0,-34.0
4005,-38.0,-41.0,-42.0
4007,-28.0,-32.0,-27.0
4009,-19.0,-24.0,-19.0
4011,-28.0,-30.0,-37.0
4012,-21.0,-23.0,-21.0
4013,-33.0,-38.0,-37.0
4015,-37.0,-39.0,-36.0
4017,-28.0,-34.0,-30.0
4019,-36.0,-39.0,-39.0
4021,-31.0,-33.0,-31.0
4023,-33.0,-37.0,-36.0
4025,-38.0,-42.0,-37.0
4027,-27.0,-28.0,-34.0
5001,-11.0,-26.0,-24.0
5003,-27.0,-21.0,-13.0
5005,-26.0,-26.0,-22.0
5007,-34.0,-35.0,-32.0
5009,-32.0,-37.0,-35.0
5011,-37.0,-33.0,-42.0
5015,-27.0,-33.0,-43.0
5017,-25.0,-27.0,-35.0
5019,-22.0,-31.0,-13.0
5021,-21.0,-32.0,-36.0
5023,-37.0,-35.0,-27.0
5025,-33.0,-33.0,-40.0
5027,-20.0,-31.0,-21.0
5029,-25.0,-23.0,-21.0
5031,-24.0,-28.0,-26.0
5033,-21.0,-24.0,-20.0
5035,-26.0,-28.0,-25.0
5037,-7.0,-17.0,-7.0
5039,-32.0,-30.0,-25.0
5041,-33.0,-25.0,-41.0
5043,-16.0,-20.0,-27.0
5045,-31.0,-31.0,-28.0
5047,-16.0,-20.0,-20.0
5049,-28.0,-24.0,-31.0
5051,-32.0,-37.0,-34.0
5053,-26.0,-29.0,-16.0
5055,-20.0,-24.0,-23.0
5057,-24.0,-27.0,-25.0
5059,-24.0,-22.0,-19.0
5061,-29.0,-17.0,-24.0
5063,-24.0,-21.0,-16.0
5065,-29.0,-25.0,-36.0
5067,-14.0,-25.0,-32.0
5069,-26.0,-27.0,-25.0
5071,-14.0,-18.0,-20.0
5075,-30.0,-32.0,-43.0
5079,-23.0,-20.0,-39.0
5081,-34.0,-31.0,-42.0
5083,-18.0,-21.0,-15.0
5085,-27.0,-26.0,-22.0
5087,-11.0,-32.0,-20.0
5089,-26.0,-24.0,-31.0
5091,-32.0,-35.0,-26.0
5093,-15.0,-20.0,-15.0
5095,-34.0,-20.0,-39.0
5097,-33.0,-33.0,-35.0
5099,-21.0,-28.0,-33.0
5101,-38.0,-31.0,-29.0
5103,-16.0,-18.0,-19.0
5105,-35.0,-33.0,-41.0
5107,-32.0,-29.0,-17.0
5109,-33.0,-28.0,-31.0
5111,-15.0,-19.0,-5.0
5113,-25.0,-23.0,-28.0
5115,-22.0,-21.0,-20.0
5117,-26.0,-24.0,-39.0
5119,-30.0,-31.0,-30.0
5121,-23.0,-28.0,-18.0
5123,-25.0,-14.0,-18.0
5125,-33.0,-32.0,-26.0
5127,-27.0,-23.0,-33.0
5129,-39.0,-43.0,-43.0
5131,-27.0,-30.0,-30.0
5133,-19.0,-28.0,-28.0
5135,-26.0,-24.0,-25.0
5137,-26.0,-26.0,-25.0
5139,-24.0,-23.0,-21.0
5141,-39.0,-32.0,-38.0
5143,-34.0,-36.0,-33.0
5145,-21.0,-26.0,-20.0
5149,-19.0,-15.0,-15.0
6001,-44.0,-49.0,-45.0
6005,-44.0,-52.0,-39.0
6007,-34.0,-38.0,-31.0
6009,-39.0,-45.0,-34.0
6011,-37.0,-39.0,-30.0
6013,-41.0,-44.0,-43.0
6015,-29.0,-30.0,-23.0
6017,-48.0,-54.0,-48.0
6019,-31.0,-35.0,-31.0
6021,-36.0,-33.0,-26.0
6023,-35.0,-38.0,-35.0
6025,-32.0,-35.0,-37.0
6027,-39.0,-49.0,-43.0
6029,-30.0,-32.0,-29.0
6031,-27.0,-28.0,-27.0
6033,-33.0,-38.0,-36.0
6035,-22.0,-19.0,-19.0
6037,-41.0,-43.0,-43.0
6039,-30.0,-34.0,-32.0
6041,-42.0,-47.0,-46.0
6043,-45.0,-53.0,-51.0
6045,-32.0,-34.0,-31.0
6047,-26.0,-31.0,-29.0
6049,-26.0,-26.0,-28.0
6051,-73.0,-73.0,-70.0
6053,-43.0,-46.0,-33.0
6055,-51.0,-52.0,-50.0
6057,-41.0,-48.0,-41.0
6059,-44.0,-46.0,-43.0
6061,-44.0,-48.0,-41.0
6063,-25.0,-36.0,-18.0
6065,-39.0,-41.0,-39.0
6067,-37.0,-42.0,-37.0
6069,-32.0,-38.0,-38.0
6071,-34.0,-36.0,-35.0
6073,-41.0,-43.0,-42.0
6075,-53.0,-54.0,-54.0
6077,-30.0,-36.0,-31.0
6079,-45.0,-48.0,-39.0
6081,-46.0,-50.0,-47.0
6083,-40.0,-45.0,-36.0
6085,-48.0,-52.0,-48.0
6087,-41.0,-45.0,-40.0
6089,-31.0,-35.0,-29.0
6093,-25.0,-28.0,-23.0
6095,-34.0,-36.0,-35.0
6097,-41.0,-43.0,-41.0
6099,-29.0,-35.0,-32.0
6101,-34.0,-43.0,-37.0
6103,-27.0,-31.0,-24.0
6105,-28.0,-32.0,-35.0
6107,-25.0,-29.0,-29.0
6109,-38.0,-44.0,-34.0
6111,-39.0,-39.0,-36.0
6113,-37.0,-43.0,-38.0
6115,-38.0,-41.0,-30.0
8001,-36.0,-36.0,-36.0
8003,-28.0,-17.0,-24.0
8005,-40.0,-42.0,-41.0
8007,-44.0,-46.0,-44.0
8011,,-34.0,-32.0
8013,-47.0,-47.0,-45.0
8015,-45.0,-45.0,-41.0
8019,-40.0,-48.0,-47.0
8021,-29.0,-33.0,-36.0
8029,-19.0,-27.0,-23.0
8031,-43.0,-45.0,-45.0
8035,-43.0,-45.0,-43.0
8037,-74.0,-74.0,-72.0
8039,-37.0,-43.0,-30.0
8041,-40.0,-40.0,-39.0
8043,-29.0,-27.0,-33.0
8045,-45.0,-40.0,-41.0
8047,-67.0,-63.0,-65.0
8049,-60.0,-64.0,-59.0
8051,-55.0,-55.0,-49.0
8055,-28.0,-25.0,-28.0
8059,-43.0,-44.0,-41.0
8061,,,
8063,-13.0,-20.0,-18.0
8065,-57.0,-49.0,-55.0
8067,-43.0,-46.0,-46.0
8069,-38.0,-40.0,-39.0
8071,-21.0,-27.0,-28.0
8073,-30.0,-33.0,-26.0
8075,-26.0,-29.0,-28.0
8077,-35.0,-33.0,-35.0
8081,-36.0,-33.0,-30.0
8083,-31.0,-25.0,-28.0
8085,-36.0,-39.0,-32.0
8087,-18.0,-25.0,-22.0
8089,-25.0,-23.0,-21.0
8091,-56.0,-56.0,-56.0
8093,-52.0,-48.0,-36.0
8095,,,-39.0
8097,-75.0,-75.0,-72.0
8099,-17.0,-26.0,-14.0
8101,-29.0,-27.0,-28.0
8103,-28.0,-36.0,-28.0
8105,-17.0,-27.0,-24.0
8107,-62.0,-63.0,-60.0
8109,-44.0,-44.0,-44.0
8113,-69.0,-69.0,-71.0
8117,-71.0,-65.0,-64.0
8119,-45.0,-46.0,-51.0
8121,,-42.0,-39.0
8123,-33.0,-32.0,-33.0
8125,-30.0,-23.0,-23.0
9001,-44.0,-44.0,-45.0
9003,-35.0,-36.0,-39.0
9005,-33.0,-36.0,-37.0
9007,-38.0,-35.0,-38.0
9009,-36.0,-38.0,-39.0
9011,-41.0,-39.0,-41.0
9013,-37.0,-39.0,-40.0
9015,-32.0,-32.0,-35.0
10001,-35.0,-37.0,-35.0
10003,-37.0,-38.0,-39.0
10005,-36.0,-39.0,-35.0
12001,-37.0,-40.0,-32.0
12003,-27.0,-30.0,-20.0
12005,-27.0,-32.0,-29.0
12007,-26.0,-38.0,-26.0
12009,-38.0,-45.0,-38.0
12011,-42.0,-45.0,-43.0
12013,-28.0,-35.0,-41.0
12015,-40.0,-44.0,-39.0
12017,-36.0,-42.0,-33.0
12019,-34.0,-39.0,-33.0
12021,-44.0,-48.0,-44.0
12023,-25.0,-29.0,-23.0
12027,-26.0,-30.0,-16.0
12029,-31.0,-33.0,-23.0
12031,-33.0,-39.0,-35.0
12033,-32.0,-36.0,-31.0
12035,-40.0,-47.0,-39.0
12037,-30.0,-43.0,-31.0
12039,-31.0,-32.0,-22.0
12041,-24.0,-33.0,-28.0
12043,-30.0,-22.0,-23.0
12045,-16.0,-24.0,-24.0
12047,-24.0,-36.0,-39.0
12049,-29.0,-27.0,-15.0
12051,-28.0,-29.0,-25.0
12053,-36.0,-43.0,-33.0
12055,-36.0,-44.0,-27.0
12057,-42.0,-46.0,-41.0
12059,-18.0,-14.0,-20.0
12061,-38.0,-43.0,-37.0
12063,-32.0,-35.0,-22.0
12065,-28.0,-32.0,-31.0
12067,-28.0,-30.0,-39.0
12069,-41.0,-46.0,-37.0
12071,-41.0,-46.0,-41.0
12073,-36.0,-40.0,-34.0
12075,-31.0,-34.0,-24.0
12077,-28.0,-40.0,-43.0
12079,-31.0,-41.0,-15.0
12081,-36.0,-44.0,-38.0
12083,-34.0,-41.0,-33.0
12085,-37.0,-43.0,-37.0
12086,-46.0,-48.0,-48.0
12087,-55.0,-57.0,-53.0
12089,-34.0,-41.0,-33.0
12091,-32.0,-41.0,-33.0
12093,-33.0,-34.0,-26.0
12095,-53.0,-56.0,-50.0
12097,-54.0,-58.0,-51.0
12099,-40.0,-44.0,-41.0
12101,-35.0,-41.0,-34.0
12103,-39.0,-44.0,-39.0
12105,-38.0,-44.0,-37.0
12107,-33.0,-35.0,-33.0
12109,-41.0,-47.0,-42.0
12111,-34.0,-41.0,-34.0
12113,-32.0,-36.0,-28.0
12115,-41.0,-46.0,-42.0
12117,-42.0,-48.0,-43.0
12119,-45.0,-50.0,-36.0
12121,-27.0,-34.0,-22.0
12123,-25.0,-26.0,-22.0
12125,-35.0,-38.0,-42.0
12127,-38.0,-46.0,-38.0
12129,-20.0,-29.0,-24.0
12131,-31.0,-36.0,-31.0
12133,-31.0,-36.0,-28.0
13001,-19.0,-19.0,-16.0
13003,-26.0,-35.0,-37.0
13005,-20.0,-27.0,-39.0
13009,-31.0,-36.0,-31.0
13011,-19.0,-30.0,-19.0
13013,-34.0,-42.0,-31.0
13015,-33.0,-34.0,-33.0
13017,-30.0,-26.0,-20.0
13019,-20.0,-25.0,-27.0
13021,-32.0,-36.0,-30.0
13023,-37.0,-40.0,-52.0
13025,-28.0,-28.0,-27.0
13027,-23.0,-36.0,-18.0
13029,-36.0,-36.0,-36.0
13031,-35.0,-40.0,-31.0
13033,-14.0,-26.0,-39.0
13035,-31.0,-40.0,-30.0
13039,-30.0,-35.0,-31.0
13043,-24.0,-27.0,-38.0
13045,-36.0,-35.0,-27.0
13047,-33.0,-41.0,-29.0
13049,-25.0,-32.0,-38.0
13051,-41.0,-45.0,-43.0
13053,-36.0,-34.0,-51.0
13055,-42.0,-29.0,-35.0
13057,-40.0,-44.0,-35.0
13059,-41.0,-46.0,-39.0
13063,-33.0,-40.0,-36.0
13065,-25.0,-20.0,-32.0
13067,-41.0,-47.0,-41.0
13069,-23.0,-32.0,-27.0
13071,-25.0,-28.0,-24.0
13073,-37.0,-44.0,-38.0
13075,-21.0,-28.0,-24.0
13077,-35.0,-43.0,-34.0
13079,-20.0,-27.0,-24.0
13081,-35.0,-37.0,-22.0
13083,-23.0,-34.0,-30.0
13085,-37.0,-37.0,-32.0
13087,-19.0,-30.0,-26.0
13089,-42.0,-47.0,-43.0
13091,-26.0,-26.0,-23.0
13093,-21.0,-30.0,-40.0
13095,-34.0,-37.0,-34.0
13097,-37.0,-42.0,-37.0
13099,-27.0,-32.0,-44.0
13103,-33.0,-37.0,-33.0
13105,-25.0,-27.0,-24.0
13107,-9.0,-29.0,-17.0
13109,-23.0,-31.0,-37.0
13111,-38.0,-42.0,-35.0
13113,-43.0,-51.0,-37.0
13115,-28.0,-35.0,-29.0
13117,-42.0,-49.0,-38.0
13119,-28.0,-35.0,-30.0
13121,-43.0,-48.0,-44.0
13123,-33.0,-39.0,-28.0
13127,-40.0,-45.0,-38.0
13129,-33.0,-39.0,-38.0
13131,-35.0,-37.0,-25.0
13133,-36.0,-44.0,-30.0
13135,-46.0,-50.0,-41.0
13137,-27.0,-37.0,-36.0
13139,-34.0,-40.0,-34.0
13141,-24.0,-28.0,-42.0
13143,-33.0,-37.0,-28.0
13145,-41.0,-50.0,-29.0
13147,-17.0,-25.0,-29.0
13149,-31.0,-38.0,-47.0
13151,-41.0,-48.0,-38.0
13153,-36.0,-40.0,-34.0
13155,-26.0,-32.0,-48.0
13157,-30.0,-37.0,-22.0
13159,-9.0,-19.0,-23.0
13161,-21.0,-21.0,-23.0
13163,-13.0,-24.0,-21.0
13165,-25.0,-38.0,-43.0
13167,-26.0,-30.0,-42.0
13169,-38.0,-39.0,-35.0
13171,-36.0,-43.0,-39.0
13173,-35.0,-39.0,-47.0
13175,-31.0,-33.0,-25.0
13177,-28.0,-35.0,-34.0
13179,-27.0,-35.0,-32.0
13181,-27.0,-27.0,-37.0
13183,-30.0,-34.0,-27.0
13185,-29.0,-33.0,-29.0
13187,-37.0,-42.0,-33.0
13189,-18.0,-26.0,-27.0
13191,-39.0,-39.0,-32.0
13193,-22.0,-29.0,-38.0
13195,-24.0,-29.0,-29.0
13197,-27.0,-29.0,-39.0
13199,-26.0,-39.0,-31.0
13201,-30.0,-40.0,-40.0
13205,-13.0,-27.0,-29.0
13207,-32.0,-37.0,-35.0
13209,-26.0,-28.0,-37.0
13211,-30.0,-30.0,-33.0
13213,-25.0,-39.0,-39.0
13215,-29.0,-34.0,-31.0
13217,-36.0,-42.0,-35.0
13219,-37.0,-38.0,-32.0
13221,-41.0,-38.0,-34.0
13223,-36.0,-42.0,-36.0
13225,-33.0,-36.0,-33.0
13227,-30.0,-32.0,-31.0
13229,-26.0,-40.0,-19.0
13231,-38.0,-42.0,-34.0
13233,-31.0,-33.0,-33.0
13235,-31.0,-37.0,-42.0
13237,-28.0,-31.0,-24.0
13241,-40.0,-42.0,-31.0
13243,-32.0,-41.0,-56.0
13245,-31.0,-39.0,-34.0
13247,-39.0,-42.0,-36.0
13249,-36.0,-38.0,-51.0
13251,-29.0,-26.0,-44.0
13253,-22.0,-33.0,-38.0
13255,-31.0,-41.0,-30.0
13257,-27.0,-38.0,-29.0
13261,-21.0,-28.0,-21.0
13263,-29.0,-43.0,-48.0
13267,-23.0,-25.0,-14.0
13269,-15.0,-30.0,-36.0
13271,-28.0,-28.0,-37.0
13273,-33.0,-33.0,-41.0
13275,-28.0,-38.0,-29.0
13277,-25.0,-33.0,-30.0
13279,-23.0,-26.0,-26.0
13281,-22.0,-39.0,-37.0
13283,-26.0,-38.0,-41.0
13285,-27.0,-37.0,-40.0
13287,-23.0,-35.0,-42.0
13289,-36.0,-36.0,-42.0
13291,-36.0,-38.0,-33.0
13293,-36.0,-33.0,-26.0
13295,-28.0,-36.0,-29.0
13297,-35.0,-40.0,-33.0
13299,-23.0,-38.0,-28.0
13301,-32.0,-30.0,-53.0
13303,-13.0,-25.0,-23.0
13305,-33.0,-40.0,-21.0
13311,-29.0,-37.0,-36.0
13313,-25.0,-43.0,-41.0
13315,-24.0,-32.0,-50.0
13317,-22.0,-26.0,-31.0
13319,-24.0,-29.0,-46.0
13321,-28.0,-32.0,-33.0
15001,-41.0,-43.0,-42.0
15003,-44.0,-45.0,-46.0
15007,-48.0,-46.0,-47.0
15009,-54.0,-57.0,-54.0
16001,-43.0,-44.0,-40.0
16005,-37.0,-39.0,-32.0
16007,-36.0,-44.0,-41.0
16009,-35.0,-45.0,-43.0
16011,-38.0,-33.0,-24.0
16013,-62.0,-65.0,-64.0
16015,-48.0,-50.0,-50.0
16017,-38.0,-42.0,-33.0
16019,-34.0,-37.0,-28.0
16021,-18.0,-25.0,-25.0
16027,-37.0,-39.0,-32.0
16029,-27.0,-31.0,-29.0
16031,-26.0,-31.0,-28.0
16035,-28.0,-30.0,-21.0
16039,-29.0,-32.0,-24.0
16041,-27.0,-27.0,-20.0
16043,-57.0,-51.0,-22.0
16045,-34.0,-34.0,-24.0
16047,-21.0,-21.0,-11.0
16049,-46.0,-31.0,-30.0
16051,-45.0,-45.0,-26.0
16053,-27.0,-19.0,-19.0
16055,-40.0,-41.0,-36.0
16057,-47.0,-50.0,-42.0
16059,-28.0,-28.0,-28.0
16063,-44.0,-44.0,-39.0
16065,-59.0,-61.0,-45.0
16067,-33.0,-30.0,-24.0
16069,-31.0,-30.0,-27.0
16071,-42.0,-39.0,-42.0
16073,-20.0,-25.0,-25.0
16075,-26.0,-29.0,-29.0
16077,-34.0,-32.0,-32.0
16079,-31.0,-31.0,-29.0
16081,-47.0,-50.0,-56.0
16083,-25.0,-30.0,-31.0
16085,-60.0,-57.0,-58.0
16087,-39.0,-35.0,-37.0
17001,-27.0,-26.0,-29.0
17003,-30.0,-27.0,-43.0
17005,-21.0,-26.0,-18.0
17007,-38.0,-35.0,-39.0
17011,-25.0,-23.0,-29.0
17015,-32.0,-38.0,-23.0
17017,-6.0,-33.0,-33.0
17019,-40.0,-38.0,-37.0
17021,-20.0,-25.0,-28.0
17023,-32.0,-32.0,-33.0
17025,-27.0,-27.0,-27.0
17027,-29.0,-33.0,-27.0
17029,-27.0,-28.0,-31.0
17031,-45.0,-45.0,-43.0
17033,-27.0,-31.0,-23.0
17035,-33.0,-35.0,-58.0
17037,-37.0,-34.0,-34.0
17039,-22.0,-22.0,-21.0
17041,-30.0,-38.0,-30.0
17045,-38.0,-36.0,-21.0
17047,-39.0,-44.0,-54.0
17049,-36.0,-37.0,-33.0
17051,-19.0,-16.0,-19.0
17053,-22.0,-24.0,-24.0
17055,-28.0,-31.0,-25.0
17057,-26.0,-22.0,-28.0
17059,,-39.0,-42.0
17061,-21.0,-26.0,-36.0
17063,-34.0,-31.0,-31.0
17065,-33.0,-40.0,-45.0
17067,-24.0,-18.0,-15.0
17071,-23.0,-26.0,-38.0
17073,-31.0,-27.0,-28.0
17075,-24.0,-22.0,-18.0
17077,-33.0,-36.0,-34.0
17079,-27.0,-34.0,-45.0
17081,-39.0,-45.0,-36.0
17083,-23.0,-23.0,-18.0
17085,-38.0,-38.0,-40.0
17087,-35.0,-37.0,-48.0
17089,-39.0,-39.0,-40.0
17091,-29.0,-31.0,-33.0
17093,-38.0,-39.0,-39.0
17095,-32.0,-34.0,-29.0
17097,-41.0,-41.0,-39.0
17101,-17.0,-21.0,-19.0
17103,-24.0,-28.0,-22.0
17105,-27.0,-23.0,-21.0
17107,-25.0,-29.0,-27.0
17109,-28.0,-25.0,-24.0
17111,-38.0,-37.0,-37.0
17113,-41.0,-40.0,-35.0
17115,-30.0,-31.0,-29.0
17117,-30.0,-32.0,-29.0
17119,-34.0,-36.0,-31.0
17121,-33.0,-33.0,-28.0
17123,-39.0,-35.0,-48.0
17125,-27.0,-34.0,-19.0
17127,-22.0,-31.0,-32.0
17129,-42.0,-48.0,-46.0
17131,-33.0,-31.0,-24.0
17133,-33.0,-41.0,-32.0
17135,-28.0,-28.0,-19.0
17137,-34.0,-34.0,-29.0
17139,-26.0,-26.0,-28.0
17141,-27.0,-25.0,-26.0
17143,-35.0,-35.0,-32.0
17145,-28.0,-34.0,-30.0
17147,-26.0,-32.0,-22.0
17149,-19.0,-19.0,-29.0
17153,-33.0,-36.0,-57.0
17155,-38.0,-38.0,-45.0
17157,-24.0,-27.0,-18.0
17159,-19.0,-23.0,-21.0
17161,-36.0,-34.0,-34.0
17163,-34.0,-37.0,-35.0
17165,-24.0,-31.0,-19.0
17167,-36.0,-36.0,-35.0
17169,-29.0,-23.0,-37.0
17173,-31.0,-20.0,-25.0
17175,-36.0,-31.0,-41.0
17177,-30.0,-30.0,-22.0
17179,-33.0,-33.0,-31.0
17181,-23.0,-25.0,-25.0
17183,-26.0,-26.0,-27.0
17185,-32.0,-44.0,-34.0
17187,-20.0,-20.0,-36.0
17189,-40.0,-43.0,-26.0
17191,-24.0,-27.0,-17.0
17193,-23.0,-16.0,-19.0
17195,-30.0,-28.0,-27.0
17197,-36.0,-38.0,-37.0
17199,-32.0,-38.0,-34.0
17201,-36.0,-33.0,-36.0
17203,-34.0,-35.0,-29.0
18001,-33.0,-33.0,-27.0
18003,-39.0,-40.0,-39.0
18005,-45.0,-46.0,-49.0
18007,-42.0,-43.0,-52.0
18009,-24.0,-24.0,-17.0
18011,-39.0,-39.0,-35.0
18013,-37.0,-42.0,-39.0
18015,-38.0,-38.0,-30.0
18017,-34.0,-35.0,-20.0
18019,-36.0,-39.0,-36.0
18021,-32.0,-32.0,-39.0
18023,-30.0,-25.0,-34.0
18025,-36.0,-44.0,-54.0
18027,-25.0,-27.0,-28.0
18029,-42.0,-45.0,-44.0
18031,-43.0,-48.0,-44.0
18033,-34.0,-37.0,-37.0
18035,-36.0,-38.0,-33.0
18037,-29.0,-30.0,-49.0
18039,-35.0,-36.0,-40.0
18041,-35.0,-36.0,-26.0
18043,-38.0,-39.0,-38.0
18045,-36.0,-36.0,-31.0
18047,-36.0,-34.0,-33.0
18049,-31.0,-17.0,-35.0
18051,-29.0,-26.0,-26.0
18053,-22.0,-28.0,-24.0
18055,-29.0,-31.0,-29.0
18057,-47.0,-48.0,-42.0
18059,-38.0,-41.0,-33.0
18061,-30.0,-30.0,-30.0
18063,-39.0,-39.0,-34.0
18065,-31.0,-28.0,-31.0
18067,-47.0,-44.0,-41.0
18069,-34.0,-34.0,-27.0
18071,-41.0,-45.0,-44.0
18073,-33.0,-31.0,-26.0
18075,-22.0,-25.0,-20.0
18077,-23.0,-31.0,-26.0
18079,-37.0,-41.0,-41.0
18081,-37.0,-38.0,-37.0
18083,-31.0,-30.0,-31.0
18085,-33.0,-34.0,-36.0
18089,-38.0,-38.0,-35.0
18093,-34.0,-38.0,-32.0
18095,-35.0,-38.0,-35.0
18097,-38.0,-40.0,-38.0
18099,-25.0,-27.0,-30.0
18101,-36.0,-41.0,-51.0
18103,-39.0,-34.0,-35.0
18105,-42.0,-44.0,-40.0
18107,-31.0,-35.0,-33.0
18109,-32.0,-38.0,-31.0
18111,-27.0,-22.0,-27.0
18113,-42.0,-34.0,-37.0
18115,-53.0,-40.0,-49.0
18117,-45.0,-50.0,-48.0
18119,-29.0,-33.0,-27.0
18121,-37.0,-34.0,-48.0
18123,-45.0,-40.0,-41.0
18125,-39.0,-42.0,-56.0
18127,-34.0,-38.0,-37.0
18129,-22.0,-25.0,-18.0
18131,-34.0,-36.0,-48.0
18133,-26.0,-33.0,-26.0
18135,-28.0,-20.0,-23.0
18137,-27.0,-33.0,-30.0
18139,-35.0,-38.0,-34.0
18141,-35.0,-34.0,-39.0
18143,-33.0,-27.0,-38.0
18145,-32.0,-35.0,-38.0
18147,-24.0,-26.0,-27.0
18149,-25.0,-21.0,-26.0
18151,-37.0,-36.0,-36.0
18153,-20.0,-29.0,-24.0
18155,-44.0,-46.0,-54.0
18157,-41.0,-40.0,-43.0
18159,-33.0,-38.0,-34.0
18161,-39.0,-37.0,-48.0
18163,-29.0,-31.0,-34.0
18165,-20.0,-23.0,-27.0
18167,-36.0,-37.0,-35.0
18169,-26.0,-31.0,-31.0
18171,-32.0,-34.0,-56.0
18173,-30.0,-32.0,-34.0
18175,-25.0,-24.0,-24.0
18177,-32.0,-31.0,-32.0
18179,-29.0,-30.0,-28.0
18181,-39.0,-28.0,-32.0
18183,-32.0,-33.0,-38.0
19001,-33.0,-36.0,-43.0
19005,-22.0,-25.0,-38.0
19007,-24.0,-26.0,-14.0
19009,-28.0,-28.0,-28.0
19011,-33.0,-33.0,-33.0
19013,-30.0,-30.0,-30.0
19015,-22.0,-28.0,-17.0
19017,-34.0,-31.0,-31.0
19019,-23.0,-25.0,-17.0
19021,-13.0,-16.0,-17.0
19023,-30.0,-32.0,-43.0
19025,-29.0,-27.0,-37.0
19027,-29.0,-20.0,-26.0
19029,-16.0,-16.0,-20.0
19031,-18.0,-22.0,-21.0
19033,-29.0,-26.0,-29.0
19035,-20.0,-33.0,-32.0
19037,-25.0,-27.0,-39.0
19039,-17.0,-24.0,-27.0
19041,-17.0,-26.0,-20.0
19043,-19.0,-26.0,-19.0
19045,-24.0,-28.0,-26.0
19047,-23.0,-15.0,-27.0
19049,-34.0,-37.0,-32.0
19051,-21.0,-23.0,-31.0
19053,-25.0,-20.0,-29.0
19055,-22.0,-13.0,-15.0
19057,-24.0,-27.0,-23.0
19059,-20.0,-31.0,-31.0
19061,-34.0,-31.0,-37.0
19063,-32.0,-33.0,-49.0
19065,-20.0,-24.0,-21.0
19067,-16.0,-18.0,-8.0
19069,-25.0,-32.0,-31.0
19071,-15.0,-31.0,-35.0
19073,-31.0,-38.0,-40.0
19075,-29.0,-33.0,-44.0
19077,-34.0,-36.0,-34.0
19079,-6.0,6.0,-6.0
19081,-34.0,-37.0,-44.0
19083,-25.0,-30.0,-17.0
19085,-19.0,-11.0,-17.0
19087,-30.0,-18.0,-21.0
19089,-21.0,-30.0,-46.0
19091,-32.0,-36.0,-46.0
19093,-22.0,-27.0,-25.0
19095,-41.0,-36.0,-31.0
19097,-24.0,-20.0,-25.0
19099,-22.0,-21.0,-28.0
19101,-34.0,-20.0,-27.0
19103,-36.0,-38.0,-37.0
19105,-30.0,-20.0,-21.0
19107,-21.0,-29.0,-33.0
19109,-21.0,-33.0,-27.0
19111,-14.0,-13.0,-21.0
19113,-36.0,-34.0,-35.0
19115,-18.0,-23.0,-51.0
19117,-16.0,-16.0,-25.0
19119,-24.0,-28.0,-42.0
19121,-25.0,-27.0,-29.0
19123,-22.0,-22.0,-19.0
19125,-19.0,-22.0,-35.0
19127,-29.0,-24.0,-23.0
19129,-20.0,-22.0,-27.0
19131,-28.0,-30.0,-38.0
19133,-30.0,-39.0,-38.0
19135,-26.0,-31.0,-40.0
19137,-23.0,-34.0,-26.0
19139,-28.0,-27.0,-30.0
19141,-4.0,-17.0,-11.0
19143,-25.0,-27.0,-41.0
19145,-22.0,-24.0,-20.0
19147,-30.0,-28.0,-40.0
19149,-30.0,-23.0,-27.0
19151,-26.0,-28.0,-37.0
19153,-34.0,-35.0,-32.0
19155,-30.0,-32.0,-31.0
19157,-28.0,-28.0,-28.0
19161,-22.0,-28.0,-32.0
19163,-31.0,-34.0,-33.0
19165,-25.0,-31.0,-37.0
19167,-23.0,-32.0,-17.0
19169,-43.0,-40.0,-37.0
19171,-36.0,-40.0,-34.0
19173,-18.0,-20.0,-21.0
19175,-29.0,-31.0,-29.0
19177,-13.0,-23.0,-42.0
19179,-18.0,-19.0,-25.0
19181,-32.0,-33.0,-31.0
19183,-30.0,-29.0,-23.0
19185,-25.0,-31.0,-31.0
19187,-24.0,-19.0,-20.0
19189,-36.0,-42.0,-50.0
19191,-33.0,-39.0,-36.0
19193,-26.0,-26.0,-24.0
19195,-31.0,-35.0,-44.0
19197,-8.0,-26.0,-17.0
20001,-14.0,-26.0,-30.0
20003,-27.0,-28.0,-37.0
20005,-27.0,-24.0,-29.0
20009,-15.0,-24.0,-18.0
20011,-29.0,-37.0,-24.0
20013,-20.0,-31.0,-35.0
20015,-25.0,-30.0,-24.0
20021,-23.0,-33.0,-27.0
20027,-27.0,-39.0,-40.0
20029,-20.0,-29.0,-33.0
20031,-35.0,-40.0,-39.0
20035,-28.0,-35.0,-34.0
20037,-22.0,-23.0,-21.0
20041,-24.0,-29.0,-18.0
20043,-24.0,-20.0,-31.0
20045,-38.0,-40.0,-40.0
20051,-14.0,-27.0,-41.0
20053,-16.0,-26.0,-35.0
20055,-15.0,-24.0,11.0
20057,-16.0,-32.0,-43.0
20059,-20.0,-19.0,-28.0
20061,-33.0,-34.0,-27.0
20067,-14.0,-23.0,-30.0
20073,-27.0,-29.0,-40.0
20077,,-28.0,-34.0
20079,-31.0,-37.0,-27.0
20085,-35.0,-32.0,-38.0
20087,-31.0,-38.0,-24.0
20091,-40.0,-42.0,-39.0
20095,-28.0,-27.0,-33.0
20099,-6.0,-19.0,-13.0
20103,-32.0,-33.0,-28.0
20107,-17.0,-25.0,-32.0
20111,-23.0,-25.0,-28.0
20113,-26.0,-31.0,-24.0
20115,-28.0,-36.0,-44.0
20117,-13.0,-26.0,-40.0
20121,-28.0,-31.0,-27.0
20123,-24.0,-24.0,-31.0
20125,1.0,-5.0,-15.0
20127,-29.0,-45.0,-48.0
20131,-15.0,-26.0,-34.0
20133,-18.0,-27.0,-15.0
20139,-12.0,-22.0,-24.0
20143,-24.0,-35.0,-37.0
20145,-26.0,-33.0,-30.0
20149,-31.0,-35.0,-33.0
20151,-20.0,-28.0,-35.0
20155,-25.0,-28.0,-29.0
20159,-27.0,-32.0,-40.0
20161,-38.0,-40.0,-38.0
20167,-17.0,-23.0,-34.0
20169,-21.0,-30.0,-36.0
20171,-19.0,-28.0,-33.0
20173,-34.0,-36.0,-35.0
20175,-14.0,-20.0,-17.0
20177,-30.0,-30.0,-32.0
20181,,-32.0,-34.0
20189,,,-49.0
20191,-30.0,-35.0,-24.0
20193,-25.0,-25.0,-25.0
20195,,,
20197,-32.0,-42.0,-46.0
20201,-16.0,-31.0,-38.0
20205,-26.0,-40.0,-42.0
20209,-33.0,-37.0,-33.0
21001,-39.0,-43.0,-52.0
21003,-24.0,-33.0,-28.0
21005,-27.0,-33.0,-34.0
21007,-24.0,-30.0,-41.0
21009,-28.0,-35.0,-27.0
21011,-34.0,-38.0,-48.0
21013,-25.0,-15.0,-21.0
21015,-37.0,-35.0,-39.0
21017,-29.0,-35.0,-25.0
21019,-27.0,-30.0,-30.0
21021,-38.0,-42.0,-28.0
21023,-33.0,-29.0,-47.0
21025,-33.0,-36.0,-42.0
21027,-21.0,-29.0,-31.0
21029,-35.0,-35.0,-32.0
21031,-33.0,-37.0,-52.0
21033,-30.0,-26.0,-40.0
21035,-34.0,-33.0,-34.0
21037,-38.0,-43.0,-41.0
21039,,-39.0,-42.0
21041,-9.0,-27.0,-13.0
21043,-15.0,-13.0,-21.0
21045,-38.0,-43.0,-49.0
21047,-36.0,-32.0,-28.0
21049,-34.0,-36.0,-33.0
21051,-24.0,-22.0,-36.0
21053,-29.0,-26.0,-33.0
21055,-25.0,-30.0,-46.0
21059,-28.0,-31.0,-29.0
21061,-35.0,-38.0,-50.0
21065,-34.0,-35.0,-48.0
21067,-39.0,-42.0,-40.0
21069,-39.0,-40.0,-46.0
21071,-25.0,-9.0,-17.0
21073,-36.0,-39.0,-37.0
21075,-22.0,-32.0,-44.0
21077,-34.0,-30.0,-46.0
21079,-34.0,-34.0,-33.0
21081,-42.0,-39.0,-38.0
21083,-32.0,-29.0,-26.0
21085,-36.0,-33.0,-32.0
21087,-30.0,-37.0,-48.0
21089,-23.0,-32.0,-28.0
21091,-32.0,-41.0,-49.0
21093,-38.0,-40.0,-38.0
21095,-4.0,-11.0,-13.0
21097,-33.0,-37.0,-24.0
21099,-30.0,-33.0,-16.0
21101,-30.0,-35.0,-29.0
21103,-42.0,-35.0,-41.0
21107,-31.0,-34.0,-26.0
21109,-38.0,-48.0,-46.0
21111,-38.0,-39.0,-40.0
21113,-39.0,-37.0,-28.0
21115,-22.0,-16.0,-30.0
21117,-35.0,-39.0,-37.0
21119,-35.0,-32.0,-43.0
21121,-24.0,-22.0,-25.0
21123,-28.0,-25.0,-30.0
21125,-30.0,-31.0,-32.0
21127,-20.0,-22.0,-27.0
21133,-32.0,-34.0,-43.0
21135,-22.0,-20.0,-37.0
21137,-29.0,-31.0,-22.0
21139,-34.0,-28.0,-37.0
21141,-23.0,-25.0,-27.0
21143,-29.0,-29.0,-47.0
21145,-34.0,-36.0,-30.0
21147,-33.0,-24.0,-39.0
21149,-27.0,-29.0,-45.0
21151,-41.0,-41.0,-39.0
21155,-34.0,-22.0,-39.0
21157,-30.0,-33.0,-23.0
21161,-20.0,-22.0,-26.0
21163,-29.0,-36.0,-38.0
21165,-38.0,-41.0,-46.0
21167,-28.0,-30.0,-35.0
21169,-36.0,-36.0,-47.0
21171,-33.0,-34.0,-34.0
21173,-23.0,-30.0,-34.0
21175,-34.0,-34.0,-48.0
21177,-30.0,-30.0,-25.0
21179,-35.0,-36.0,-37.0
21181,-43.0,-50.0,-45.0
21183,-27.0,-22.0,-20.0
21185,-41.0,-42.0,-30.0
21187,-41.0,-44.0,-52.0
21191,-35.0,-22.0,-25.0
21193,-18.0,-25.0,-23.0
21195,-25.0,-24.0,-21.0
21197,-37.0,-35.0,-43.0
21199,-36.0,-36.0,-33.0
21203,-24.0,-24.0,-24.0
21205,-28.0,-28.0,-27.0
21207,-32.0,-35.0,-45.0
21209,-42.0,-43.0,-41.0
21211,-45.0,-44.0,-43.0
21213,-31.0,-36.0,-38.0
21215,-40.0,-45.0,-31.0
21217,-22.0,-32.0,-26.0
21219,-32.0,-36.0,-51.0
21221,-35.0,-41.0,-50.0
21223,-36.0,-40.0,-50.0
21225,-44.0,-49.0,-56.0
21227,-37.0,-36.0,-37.0
21229,-44.0,-45.0,-59.0
21231,-29.0,-30.0,-32.0
21233,-25.0,-34.0,-34.0
21235,-26.0,-29.0,-27.0
21237,,,-49.0
21239,-30.0,-34.0,-29.0
22001,-21.0,-30.0,-28.0
22003,-33.0,-41.0,-38.0
22005,-34.0,-36.0,-36.0
22007,-36.0,-27.0,-31.0
22009,-32.0,-33.0,-27.0
22011,-31.0,-35.0,-33.0
22013,-32.0,-34.0,-40.0
22015,-37.0,-39.0,-41.0
22017,-32.0,-37.0,-36.0
22019,-34.0,-37.0,-33.0
22021,-29.0,-33.0,-43.0
22023,-17.0,-23.0,-48.0
22025,-38.0,-35.0,-44.0
22027,-31.0,-31.0,-41.0
22029,-20.0,-27.0,-30.0
22031,-24.0,-31.0,-23.0
22033,-34.0,-36.0,-36.0
22037,-35.0,-36.0,-58.0
22039,-25.0,-27.0,-28.0
22041,-22.0,-26.0,-20.0
22043,-20.0,-33.0,-20.0
22045,-23.0,-26.0,-27.0
22047,-30.0,-36.0,-37.0
22049,-30.0,-26.0,-44.0
22051,-44.0,-44.0,-45.0
22053,-33.0,-29.0,-30.0
22055,-31.0,-35.0,-36.0
22057,-25.0,-30.0,-29.0
22059,-31.0,-25.0,-41.0
22061,-38.0,-40.0,-33.0
22063,-32.0,-34.0,-34.0
22065,-20.0,-18.0,-36.0
22067,-23.0,-19.0,-25.0
22069,-30.0,-34.0,-32.0
22071,-54.0,-54.0,-53.0
22073,-29.0,-28.0,-30.0
22075,-25.0,-37.0,-46.0
22077,-16.0,-19.0,-9.0
22079,-30.0,-29.0,-27.0
22081,-26.0,-28.0,-40.0
22083,-16.0,-16.0,-17.0
22085,-23.0,-35.0,-23.0
22087,-35.0,-36.0,-42.0
22089,-35.0,-34.0,-38.0
22091,-35.0,-33.0,-58.0
22093,-17.0,-29.0,-29.0
22095,-37.0,-39.0,-38.0
22097,-28.0,-24.0,-26.0
22099,-29.0,-31.0,-36.0
22101,-33.0,-31.0,-41.0
22103,-35.0,-35.0,-35.0
22105,-32.0,-33.0,-31.0
22109,-32.0,-33.0,-37.0
22111,-31.0,-31.0,-24.0
22113,-29.0,-27.0,-27.0
22115,-34.0,-38.0,-26.0
22117,-20.0,-15.0,-22.0
22119,-31.0,-35.0,-35.0
22121,-36.0,-34.0,-34.0
22123,-22.0,-29.0,-47.0
22125,-45.0,-43.0,-60.0
22127,-23.0,-24.0,-41.0
23001,-30.0,-31.0,-31.0
23003,-18.0,-23.0,-23.0
23005,-37.0,-39.0,-40.0
23007,-32.0,-33.0,-33.0
23009,-22.0,-29.0,-27.0
23011,-28.0,-33.0,-30.0
23013,-30.0,-29.0,-30.0
23015,-30.0,-28.0,-29.0
23017,-38.0,-37.0,-36.0
23019,-31.0,-35.0,-33.0
23021,-14.0,-19.0,-28.0
23023,-34.0,-32.0,-36.0
23025,-22.0,-27.0,-26.0
23027,-27.0,-30.0,-28.0
23029,-24.0,-24.0,-25.0
23031,-36.0,-38.0,-36.0
24001,-31.0,-32.0,-30.0
24003,-42.0,-45.0,-41.0
24005,-36.0,-39.0,-37.0
24009,-39.0,-43.0,-36.0
24011,-28.0,-31.0,-28.0
24013,-34.0,-37.0,-36.0
24015,-30.0,-32.0,-32.0
24017,-39.0,-44.0,-39.0
24019,-28.0,-32.0,-25.0
24021,-38.0,-41.0,-38.0
24023,-37.0,-36.0,-30.0
24025,-32.0,-36.0,-35.0
24027,-47.0,-49.0,-46.0
24029,-33.0,-31.0,-22.0
24031,-45.0,-50.0,-46.0
24033,-40.0,-44.0,-40.0
24035,-40.0,-39.0,-33.0
24037,-34.0,-38.0,-33.0
24039,-36.0,-34.0,-26.0
24041,-38.0,-38.0,-32.0
24043,-32.0,-36.0,-33.0
24045,-34.0,-36.0,-37.0
24047,-39.0,-44.0,-37.0
25001,-41.0,-39.0,-38.0
25003,-35.0,-35.0,-36.0
25005,-35.0,-35.0,-38.0
25007,-51.0,-53.0,-51.0
25009,-44.0,-43.0,-46.0
25011,-37.0,-37.0,-37.0
25013,-37.0,-37.0,-39.0
25015,-43.0,-42.0,-41.0
25017,-46.0,-46.0,-47.0
25019,-54.0,-57.0,-54.0
25021,-44.0,-43.0,-45.0
25023,-37.0,-35.0,-38.0
25025,-51.0,-52.0,-55.0
25027,-38.0,-38.0,-39.0
26001,-45.0,-50.0,-50.0
26003,-56.0,-56.0,-62.0
26005,-39.0,-39.0,-41.0
26007,-31.0,-36.0,-34.0
26009,-43.0,-40.0,-43.0
26011,-36.0,-40.0,-35.0
26013,-57.0,-57.0,-63.0
26015,-40.0,-37.0,-37.0
26017,-37.0,-39.0,-41.0
26019,-39.0,-30.0,-33.0
26021,-38.0,-40.0,-37.0
26023,-28.0,-35.0,-40.0
26025,-42.0,-40.0,-41.0
26027,-38.0,-35.0,-32.0
26029,-40.0,-51.0,-43.0
26031,-37.0,-41.0,-38.0
26033,-44.0,-38.0,-40.0
26035,-35.0,-32.0,-30.0
26037,-38.0,-35.0,-41.0
26039,-39.0,-32.0,-35.0
26041,-29.0,-30.0,-34.0
26043,-27.0,-28.0,-29.0
26045,-38.0,-40.0,-37.0
26047,-49.0,-52.0,-49.0
26049,-45.0,-46.0,-46.0
26051,-41.0,-35.0,-38.0
26053,-45.0,-48.0,-41.0
26055,-43.0,-41.0,-44.0
26057,-32.0,-38.0,-31.0
26059,-38.0,-38.0,-41.0
26061,-44.0,-44.0,-39.0
26063,-29.0,-38.0,-32.0
26065,-41.0,-41.0,-40.0
26067,-39.0,-38.0,-34.0
26069,-39.0,-37.0,-37.0
26071,-39.0,-41.0,-44.0
26073,-47.0,-43.0,-44.0
26075,-42.0,-40.0,-39.0
26077,-40.0,-40.0,-40.0
26079,-42.0,-45.0,-42.0
26081,-44.0,-44.0,-44.0
26085,-47.0,-47.0,-51.0
26087,-46.0,-47.0,-48.0
26089,-49.0,-46.0,-47.0
26091,-42.0,-44.0,-43.0
26093,-46.0,-47.0,-48.0
26095,,,
26097,-52.0,-47.0,-60.0
26099,-48.0,-50.0,-53.0
26101,-40.0,-43.0,-31.0
26103,-37.0,-36.0,-33.0
26105,-43.0,-40.0,-38.0
26107,-37.0,-38.0,-29.0
26109,-23.0,-19.0,-29.0
26111,-40.0,-38.0,-38.0
26113,-39.0,-47.0,-30.0
26115,-34.0,-36.0,-38.0
26117,-29.0,-30.0,-32.0
26119,-40.0,-40.0,-50.0
26121,-40.0,-45.0,-42.0
26123,-34.0,-34.0,-32.0
26125,-50.0,-52.0,-52.0
26127,-35.0,-37.0,-34.0
26129,-45.0,-34.0,-31.0
26131,,,
26133,-42.0,-34.0,-34.0
26135,-43.0,-50.0,-55.0
26137,-41.0,-46.0,-44.0
26139,-48.0,-48.0,-45.0
26141,-38.0,-41.0,-47.0
26143,-43.0,-38.0,-37.0
26145,-43.0,-43.0,-44.0
26147,-37.0,-40.0,-46.0
26149,-39.0,-36.0,-38.0
26151,-39.0,-42.0,-36.0
26153,-44.0,-42.0,-51.0
26155,-34.0,-37.0,-43.0
26157,-37.0,-37.0,-38.0
26159,-30.0,-32.0,-35.0
26161,-53.0,-54.0,-53.0
26163,-45.0,-47.0,-48.0
26165,-37.0,-40.0,-40.0
27001,-41.0,-46.0,-33.0
27003,-39.0,-38.0,-36.0
27005,-35.0,-33.0,-36.0
27007,-36.0,-33.0,-30.0
27009,-31.0,-32.0,-33.0
27011,-35.0,-46.0,-35.0
27013,-35.0,-33.0,-32.0
27015,-19.0,-21.0,-16.0
27017,-26.0,-25.0,-27.0
27019,-46.0,-41.0,-33.0
27021,-45.0,-40.0,-33.0
27023,-25.0,-34.0,-22.0
27025,-35.0,-36.0,-32.0
27027,-34.0,-35.0,-35.0
27029,-38.0,-52.0,-47.0
27031,-46.0,-51.0,-54.0
27033,-24.0,-35.0,-52.0
27035,-37.0,-35.0,-39.0
27037,-41.0,-42.0,-38.0
27039,-30.0,-32.0,-27.0
27041,-35.0,-34.0,-27.0
27043,-18.0,-18.0,-14.0
27045,-28.0,-19.0,-21.0
27047,-32.0,-26.0,-30.0
27049,-39.0,-35.0,-34.0
27051,-23.0,-40.0,-38.0
27053,-44.0,-44.0,-43.0
27055,-28.0,-26.0,-30.0
27057,-44.0,-42.0,-42.0
27059,-32.0,-33.0,-24.0
27061,-26.0,-32.0,-31.0
27063,-27.0,-39.0,-46.0
27065,-38.0,-43.0,-40.0
27067,-29.0,-22.0,-20.0
27071,-29.0,-29.0,-29.0
27073,-20.0,-24.0,-36.0
27075,-31.0,-39.0,-42.0
27077,,,
27079,-33.0,-27.0,-26.0
27081,-26.0,-38.0,-40.0
27083,-25.0,-27.0,-26.0
27085,-25.0,-26.0,-22.0
27087,-52.0,-60.0,-60.0
27089,-29.0,-59.0,-49.0
27091,-26.0,-26.0,-13.0
27093,-32.0,-32.0,-21.0
27095,-39.0,-35.0,-32.0
27097,-27.0,-31.0,-28.0
27099,-25.0,-17.0,-17.0
27101,-22.0,-31.0,-39.0
27103,-33.0,-35.0,-34.0
27105,-22.0,-32.0,-45.0
27107,-23.0,-44.0,-38.0
27109,-40.0,-40.0,-37.0
27111,-30.0,-33.0,-26.0
27113,-40.0,-52.0,-49.0
27115,-53.0,-51.0,-46.0
27117,-26.0,-35.0,-33.0
27119,-29.0,-32.0,-32.0
27121,-33.0,-39.0,-39.0
27123,-42.0,-40.0,-39.0
27125,,-32.0,-37.0
27127,-38.0,-38.0,-30.0
27129,-22.0,-25.0,-22.0
27131,-39.0,-35.0,-38.0
27133,-26.0,-36.0,-40.0
27135,-49.0,-54.0,-52.0
27137,-37.0,-37.0,-36.0
27139,-42.0,-39.0,-40.0
27141,-38.0,-35.0,-32.0
27143,-18.0,-14.0,-11.0
27145,-36.0,-35.0,-34.0
27147,-33.0,-29.0,-33.0
27149,-28.0,-40.0,-33.0
27151,-23.0,-33.0,-41.0
27153,-28.0,-28.0,-35.0
27157,-28.0,-19.0,-31.0
27159,-28.0,-26.0,-38.0
27161,-21.0,-21.0,-23.0
27163,-40.0,-39.0,-38.0
27165,-7.0,-31.0,-12.0
27167,-28.0,-35.0,-38.0
27169,-23.0,-33.0,-31.0
27171,-35.0,-34.0,-31.0
27173,-26.0,-32.0,-38.0
28001,-34.0,-37.0,-29.0
28003,-28.0,-38.0,-31.0
28005,-33.0,-29.0,-35.0
28007,-20.0,-29.0,-37.0
28009,-23.0,-30.0,-45.0
28011,-24.0,-33.0,-24.0
28013,-32.0,-35.0,-53.0
28015,-33.0,-31.0,-48.0
28017,-35.0,-37.0,-37.0
28021,-9.0,-11.0,-28.0
28023,-25.0,-30.0,-46.0
28025,-33.0,-35.0,-23.0
28027,-43.0,-43.0,-36.0
28029,-15.0,-19.0,-24.0
28031,-29.0,-35.0,-20.0
28035,-30.0,-30.0,-30.0
28039,-28.0,-22.0,-29.0
28041,-23.0,-30.0,-47.0
28043,-15.0,-26.0,-30.0
28045,-40.0,-43.0,-40.0
28047,-44.0,-46.0,-45.0
28049,-29.0,-35.0,-27.0
28051,-30.0,-35.0,-51.0
28053,-30.0,-36.0,-40.0
28057,-28.0,-30.0,-33.0
28059,-38.0,-43.0,-43.0
28061,-18.0,-25.0,-40.0
28063,,,-35.0
28065,-34.0,-41.0,-51.0
28067,-28.0,-34.0,-31.0
28069,-26.0,-33.0,-45.0
28071,-35.0,-43.0,-41.0
28073,-25.0,-36.0,-30.0
28075,-35.0,-38.0,-32.0
28077,-30.0,-30.0,-40.0
28079,-26.0,-28.0,-33.0
28081,-33.0,-37.0,-37.0
28083,-15.0,-27.0,-24.0
28085,-25.0,-37.0,-26.0
28087,-28.0,-33.0,-27.0
28089,-37.0,-42.0,-33.0
28091,-15.0,-31.0,-15.0
28093,-22.0,-35.0,-33.0
28095,-31.0,-36.0,-31.0
28097,-17.0,-21.0,-43.0
28099,-27.0,-29.0,-30.0
28101,-16.0,-39.0,-36.0
28103,-19.0,-21.0,-31.0
28105,-32.0,-41.0,-34.0
28107,-22.0,-28.0,-34.0
28109,-28.0,-33.0,-28.0
28111,-27.0,-25.0,-44.0
28113,-19.0,-23.0,-26.0
28115,-29.0,-31.0,-47.0
28117,-25.0,-31.0,-13.0
28119,-32.0,-41.0,-48.0
28121,-27.0,-36.0,-28.0
28123,-17.0,-29.0,-25.0
28127,-20.0,-29.0,-17.0
28129,-21.0,-31.0,-48.0
28131,-28.0,-30.0,-31.0
28133,-10.0,-17.0,-20.0
28135,-31.0,-31.0,-41.0
28137,-28.0,-34.0,-27.0
28139,-25.0,-22.0,-33.0
28141,-22.0,-22.0,-24.0
28143,-44.0,-51.0,-50.0
28145,-32.0,-30.0,-39.0
28147,-28.0,-32.0,-35.0
28149,-28.0,-34.0,-27.0
28151,-18.0,-26.0,-23.0
28153,-21.0,-22.0,-20.0
28155,-33.0,-40.0,-49.0
28157,-28.0,-38.0,-51.0
28159,-23.0,-24.0,-20.0
28161,-28.0,-35.0,-51.0
28163,-20.0,-26.0,-18.0
29001,-20.0,-24.0,-29.0
29003,-32.0,-32.0,-24.0
29007,-20.0,-24.0,-23.0
29009,-26.0,-25.0,-23.0
29011,-25.0,-25.0,-34.0
29013,-18.0,-24.0,-19.0
29015,-24.0,-24.0,-32.0
29017,-35.0,-39.0,-45.0
29019,-36.0,-35.0,-34.0
29021,-22.0,-22.0,-30.0
29023,-20.0,-25.0,-22.0
29025,-20.0,-28.0,-28.0
29027,-20.0,-22.0,-18.0
29029,-36.0,-34.0,-32.0
29031,-33.0,-39.0,-35.0
29033,-19.0,-19.0,-34.0
29037,-33.0,-36.0,-30.0
29039,-28.0,-35.0,-27.0
29041,-30.0,-39.0,-39.0
29043,-33.0,-37.0,-30.0
29045,-4.0,-11.0,-28.0
29047,-38.0,-40.0,-37.0
29049,-31.0,-27.0,-20.0
29051,-29.0,-28.0,-27.0
29053,-20.0,-29.0,-21.0
29055,-17.0,-22.0,-28.0
29057,-13.0,-28.0,-38.0
29059,-16.0,-14.0,-25.0
29061,-13.0,-17.0,-26.0
29063,-18.0,-24.0,-34.0
29065,-5.0,-12.0,-11.0
29067,-21.0,-20.0,-33.0
29069,-23.0,-21.0,-9.0
29071,-25.0,-29.0,-28.0
29073,-25.0,-25.0,-30.0
29075,-34.0,-32.0,-50.0
29077,-36.0,-37.0,-36.0
29079,-10.0,-12.0,-27.0
29081,-20.0,-20.0,-32.0
29083,-20.0,-17.0,-20.0
29085,-2.0,-15.0,-25.0
29089,-23.0,-27.0,-33.0
29091,-28.0,-30.0,-23.0
29093,-9.0,-13.0,-32.0
29095,-36.0,-38.0,-37.0
29097,-22.0,-28.0,-30.0
29099,-33.0,-35.0,-32.0
29101,-20.0,-24.0,-29.0
29105,-22.0,-31.0,-26.0
29107,-24.0,-30.0,-27.0
29109,-25.0,-22.0,-29.0
29111,-13.0,-18.0,-41.0
29113,-32.0,-31.0,-30.0
29115,-7.0,-25.0,-29.0
29117,-25.0,-23.0,-23.0
29119,-25.0,-25.0,-16.0
29121,-19.0,-15.0,-25.0
29123,-22.0,-21.0,-30.0
29125,-21.0,-17.0,-38.0
29127,-26.0,-22.0,-29.0
29131,-24.0,-29.0,-29.0
29133,-16.0,-24.0,-26.0
29135,-25.0,-25.0,-38.0
29137,-24.0,-29.0,-37.0
29139,-18.0,-19.0,-30.0
29141,-33.0,-36.0,-26.0
29143,-23.0,-19.0,-12.0
29145,-26.0,-28.0,-28.0
29147,-16.0,-29.0,-25.0
29149,-19.0,-26.0,-33.0
29151,-26.0,-31.0,-44.0
29153,-17.0,-23.0,-32.0
29155,-26.0,-25.0,-17.0
29157,-33.0,-36.0,-19.0
29159,-22.0,-23.0,-29.0
29161,-27.0,-28.0,-26.0
29163,-26.0,-24.0,-13.0
29165,-40.0,-40.0,-36.0
29167,-23.0,-23.0,-24.0
29169,-19.0,-23.0,-17.0
29171,-28.0,-33.0,-33.0
29173,-22.0,-26.0,-33.0
29175,-18.0,-25.0,-15.0
29177,-22.0,-24.0,-34.0
29181,-28.0,-30.0,-43.0
29183,-37.0,-41.0,-39.0
29185,-17.0,-26.0,-33.0
29186,-17.0,-28.0,-20.0
29187,-15.0,-24.0,-22.0
29189,-38.0,-41.0,-39.0
29195,3.0,-6.0,-19.0
29197,,-31.0,-33.0
29201,-21.0,-28.0,-20.0
29203,-29.0,-27.0,-40.0
29205,-28.0,-19.0,-28.0
29207,-18.0,-24.0,-15.0
29209,-39.0,-41.0,-32.0
29211,-7.0,-11.0,-7.0
29213,-49.0,-50.0,-48.0
29215,-23.0,-23.0,-18.0
29217,-14.0,-24.0,-14.0
29219,-26.0,-32.0,-31.0
29221,-14.0,-13.0,-18.0
29223,-29.0,-29.0,-39.0
29225,-31.0,-34.0,-27.0
29229,-19.0,-21.0,-18.0
30001,-31.0,-31.0,-34.0
30003,-28.0,-31.0,-38.0
30005,-41.0,-46.0,-51.0
30007,-33.0,-41.0,-43.0
30009,-45.0,-47.0,-47.0
30013,-32.0,-32.0,-41.0
30017,-28.0,-31.0,-36.0
30021,-23.0,-32.0,-34.0
30023,-31.0,-37.0,-40.0
30027,-32.0,-26.0,-38.0
30029,-42.0,-41.0,-39.0
30031,-51.0,-50.0,-50.0
30035,-45.0,-49.0,-63.0
30041,-24.0,-30.0,-32.0
30043,-36.0,-45.0,-45.0
30047,-31.0,-33.0,-29.0
30049,-37.0,-39.0,-41.0
30053,-38.0,-43.0,-32.0
30057,-44.0,-41.0,-59.0
30061,-38.0,-38.0,-38.0
30063,-36.0,-37.0,-41.0
30067,-44.0,-43.0,-45.0
30073,,,
30077,-30.0,-42.0,-35.0
30081,-39.0,-31.0,-35.0
30083,-41.0,-35.0,-36.0
30085,-42.0,-42.0,-50.0
30087,-30.0,-32.0,-40.0
30089,-36.0,-39.0,-39.0
30093,-37.0,-33.0,-40.0
30095,-33.0,-33.0,-38.0
30099,-38.0,-42.0,-34.0
30105,-28.0,-35.0,-37.0
30111,-32.0,-30.0,-36.0
31001,-18.0,-26.0,-19.0
31003,,-26.0,-26.0
31013,-14.0,-9.0,-13.0
31019,-28.0,-30.0,-33.0
31021,-18.0,-27.0,-33.0
31023,-19.0,-30.0,-36.0
31025,-28.0,-33.0,-29.0
31027,-19.0,-32.0,-42.0
31031,-34.0,-34.0,-39.0
31033,-26.0,-26.0,-43.0
31035,-28.0,-28.0,-42.0
31037,-6.0,-8.0,-8.0
31039,-24.0,-27.0,-36.0
31041,-14.0,-16.0,-30.0
31043,-23.0,-16.0,13.0
31045,-30.0,-28.0,-35.0
31047,-12.0,-19.0,-20.0
31049,,,
31051,-25.0,-25.0,-30.0
31053,-22.0,-23.0,-29.0
31055,-30.0,-31.0,-34.0
31059,-20.0,-20.0,-27.0
31067,-21.0,-19.0,-21.0
31079,-26.0,-32.0,-35.0
31081,-22.0,-26.0,-34.0
31089,-9.0,-14.0,-26.0
31093,-21.0,-29.0,-38.0
31095,-22.0,-24.0,-34.0
31097,,,-34.0
31099,-29.0,-31.0,-42.0
31101,-26.0,-24.0,-29.0
31105,-41.0,-38.0,-49.0
31107,-25.0,-32.0,-45.0
31109,-26.0,-30.0,-30.0
31111,-14.0,-21.0,-22.0
31119,-17.0,-19.0,-23.0
31121,-24.0,-30.0,-37.0
31123,-22.0,-27.0,-36.0
31127,-27.0,-30.0,-32.0
31131,-16.0,-16.0,-23.0
31137,-30.0,-29.0,-45.0
31139,-24.0,-24.0,-40.0
31141,-17.0,-17.0,-16.0
31143,-22.0,-17.0,-37.0
31145,-18.0,-38.0,-24.0
31147,-13.0,-11.0,-23.0
31151,-24.0,-22.0,-34.0
31153,-30.0,-32.0,-31.0
31155,-27.0,-27.0,-24.0
31157,-18.0,-23.0,-26.0
31159,-32.0,-40.0,-19.0
31167,-20.0,-31.0,-33.0
31169,-19.0,-12.0,-17.0
31173,-30.0,-40.0,-40.0
31177,-23.0,-36.0,-21.0
31179,-26.0,-29.0,-45.0
31185,-31.0,-31.0,-27.0
32001,-28.0,-37.0,-31.0
32003,-56.0,-58.0,-56.0
32005,-47.0,-52.0,-46.0
32007,-35.0,-39.0,-34.0
32013,-20.0,-23.0,-26.0
32015,-41.0,-41.0,-48.0
32019,-27.0,-34.0,-40.0
32021,,,
32023,-40.0,-40.0,-38.0
32027,-32.0,-30.0,-30.0
32029,-38.0,-43.0,-51.0
32031,-42.0,-48.0,-45.0
32033,-23.0,-19.0,-21.0
32510,-35.0,-44.0,-40.0
33001,-35.0,-35.0,-35.0
33003,-51.0,-49.0,-42.0
33005,-34.0,-31.0,-33.0
33007,-37.0,-36.0,-37.0
33009,-44.0,-44.0,-43.0
33011,-38.0,-38.0,-38.0
33013,-37.0,-36.0,-34.0
33015,-39.0,-38.0,-37.0
33017,-38.0,-36.0,-36.0
33019,-28.0,-26.0,-30.0
34001,-55.0,-56.0,-56.0
34003,-50.0,-51.0,-55.0
34005,-38.0,-38.0,-38.0
34007,-37.0,-37.0,-40.0
34009,-41.0,-36.0,-36.0
34011,-25.0,-28.0,-27.0
34013,-43.0,-45.0,-48.0
34015,-36.0,-37.0,-37.0
34017,-51.0,-54.0,-58.0
34019,-42.0,-42.0,-45.0
34021,-43.0,-41.0,-42.0
34023,-44.0,-45.0,-50.0
34025,-44.0,-43.0,-43.0
34027,-47.0,-49.0,-49.0
34029,-42.0,-41.0,-40.0
34031,-46.0,-48.0,-54.0
34033,-28.0,-31.0,-28.0
34035,-47.0,-47.0,-47.0
34037,-39.0,-36.0,-40.0
34039,-44.0,-47.0,-52.0
34041,-35.0,-35.0,-37.0
35001,-37.0,-38.0,-40.0
35005,-26.0,-27.0,-26.0
35006,-30.0,-25.0,-35.0
35007,-40.0,-40.0,-43.0
35009,-25.0,-27.0,-23.0
35015,-20.0,-23.0,-23.0
35017,-25.0,-20.0,-32.0
35019,,,
35023,,,
35025,-26.0,-24.0,-19.0
35027,-48.0,-44.0,-49.0
35028,-53.0,-50.0,-53.0
35029,-22.0,-22.0,-23.0
35031,-20.0,-23.0,-32.0
35035,-36.0,-36.0,-36.0
35037,-25.0,-21.0,-39.0
35039,-37.0,-40.0,-35.0
35041,-22.0,-25.0,-18.0
35043,-42.0,-43.0,-43.0
35045,-26.0,-30.0,-34.0
35047,-29.0,-24.0,-22.0
35049,-44.0,-44.0,-46.0
35051,-24.0,-29.0,-28.0
35053,-36.0,-36.0,-34.0
35055,-52.0,-57.0,-47.0
35057,-25.0,-31.0,-22.0
35059,,,
35061,-33.0,-36.0,-34.0
36001,-36.0,-37.0,-37.0
36003,-33.0,-33.0,-31.0
36005,-50.0,-52.0,-52.0
36007,-34.0,-35.0,-36.0
36009,-32.0,-31.0,-38.0
36011,-29.0,-32.0,-29.0
36013,-26.0,-28.0,-38.0
36015,-29.0,-29.0,-23.0
36017,-23.0,-33.0,-33.0
36019,-29.0,-31.0,-30.0
36021,-35.0,-32.0,-33.0
36023,-31.0,-32.0,-33.0
36025,-29.0,-31.0,-39.0
36027,-38.0,-39.0,-39.0
36029,-37.0,-38.0,-44.0
36031,-48.0,-47.0,-47.0
36033,-34.0,-31.0,-33.0
36035,-23.0,-22.0,-25.0
36037,-27.0,-29.0,-37.0
36039,-36.0,-35.0,-30.0
36043,-34.0,-31.0,-32.0
36045,-27.0,-29.0,-27.0
36047,-51.0,-52.0,-53.0
36049,-29.0,-31.0,-23.0
36051,-30.0,-31.0,-33.0
36053,-36.0,-34.0,-32.0
36055,-36.0,-38.0,-40.0
36057,-23.0,-21.0,-27.0
36059,-47.0,-50.0,-52.0
36061,-57.0,-56.0,-55.0
36063,-33.0,-37.0,-41.0
36065,-33.0,-34.0,-36.0
36067,-36.0,-38.0,-40.0
36069,-35.0,-35.0,-37.0
36071,-40.0,-41.0,-40.0
36073,-27.0,-28.0,-35.0
36075,-26.0,-32.0,-34.0
36077,-36.0,-34.0,-39.0
36079,-40.0,-42.0,-45.0
36081,-58.0,-60.0,-62.0
36083,-36.0,-39.0,-34.0
36085,-42.0,-46.0,-48.0
36087,-47.0,-47.0,-50.0
36089,-30.0,-32.0,-34.0
36091,-35.0,-36.0,-35.0
36093,-31.0,-34.0,-34.0
36095,-19.0,-22.0,-15.0
36097,-29.0,-23.0,-26.0
36099,-34.0,-36.0,-28.0
36101,-29.0,-29.0,-27.0
36103,-41.0,-43.0,-45.0
36105,-34.0,-34.0,-35.0
36107,-35.0,-37.0,-33.0
36109,-48.0,-47.0,-43.0
36111,-35.0,-35.0,-36.0
36113,-36.0,-36.0,-37.0
36115,-24.0,-28.0,-30.0
36117,-30.0,-31.0,-31.0
36119,-47.0,-48.0,-48.0
36121,-21.0,-20.0,-27.0
36123,-31.0,-30.0,-32.0
37001,-33.0,-35.0,-32.0
37003,-23.0,-30.0,-33.0
37005,-22.0,-28.0,-42.0
37007,-21.0,-31.0,-28.0
37009,-29.0,-40.0,-29.0
37011,-28.0,-36.0,-31.0
37013,-25.0,-29.0,-20.0
37015,-20.0,-20.0,-18.0
37017,-21.0,-28.0,-25.0
37019,-33.0,-36.0,-32.0
37021,-45.0,-47.0,-43.0
37023,-24.0,-32.0,-29.0
37025,-41.0,-41.0,-38.0
37027,-29.0,-32.0,-28.0
37029,-30.0,-40.0,-50.0
37031,-33.0,-34.0,-30.0
37033,-32.0,-40.0,-27.0
37035,-29.0,-33.0,-35.0
37037,-35.0,-35.0,-29.0
37039,-43.0,-46.0,-43.0
37041,-12.0,-14.0,-24.0
37043,-32.0,-41.0,-33.0
37045,-27.0,-31.0,-30.0
37047,-23.0,-32.0,-24.0
37049,-32.0,-35.0,-32.0
37051,-34.0,-38.0,-34.0
37053,-27.0,-35.0,-23.0
37055,-31.0,-36.0,-34.0
37057,-31.0,-33.0,-35.0
37059,-30.0,-40.0,-33.0
37061,-25.0,-26.0,-24.0
37063,-43.0,-45.0,-41.0
37065,-26.0,-32.0,-35.0
37067,-39.0,-40.0,-38.0
37069,-39.0,-39.0,-30.0
37071,-33.0,-37.0,-33.0
37073,-28.0,-27.0,-39.0
37075,-30.0,-37.0,-49.0
37077,-32.0,-34.0,-32.0
37079,-31.0,-24.0,-25.0
37081,-39.0,-39.0,-40.0
37083,-20.0,-29.0,-29.0
37085,-32.0,-35.0,-28.0
37087,-35.0,-38.0,-31.0
37089,-38.0,-42.0,-35.0
37091,-25.0,-20.0,-21.0
37093,-29.0,-37.0,-32.0
37097,-31.0,-36.0,-36.0
37099,-51.0,-55.0,-50.0
37101,-33.0,-36.0,-32.0
37103,-22.0,-33.0,-53.0
37105,-27.0,-33.0,-28.0
37107,-25.0,-31.0,-28.0
37109,-32.0,-32.0,-33.0
37111,-18.0,-23.0,-18.0
37113,-38.0,-38.0,-33.0
37115,-28.0,-30.0,-20.0
37117,-28.0,-33.0,-24.0
37119,-43.0,-43.0,-43.0
37121,-24.0,-17.0,-24.0
37123,-24.0,-29.0,-26.0
37125,-39.0,-42.0,-39.0
37127,-29.0,-36.0,-32.0
37129,-34.0,-41.0,-39.0
37131,-18.0,-27.0,-24.0
37133,-29.0,-35.0,-29.0
37135,-44.0,-45.0,-41.0
37137,-29.0,-35.0,-45.0
37139,-31.0,-29.0,-21.0
37141,-27.0,-32.0,-23.0
37143,-24.0,-30.0,-43.0
37145,-31.0,-33.0,-31.0
37147,-32.0,-35.0,-33.0
37149,-34.0,-42.0,-29.0
37151,-25.0,-30.0,-30.0
37153,-26.0,-24.0,-24.0
37155,-26.0,-32.0,-23.0
37157,-30.0,-34.0,-30.0
37159,-30.0,-37.0,-33.0
37161,-29.0,-32.0,-26.0
37163,-24.0,-29.0,-27.0
37165,-30.0,-25.0,-30.0
37167,-32.0,-34.0,-33.0
37169,-26.0,-26.0,-30.0
37171,-29.0,-35.0,-29.0
37173,-52.0,-58.0,-56.0
37175,-37.0,-38.0,-24.0
37179,-38.0,-42.0,-35.0
37181,-28.0,-35.0,-30.0
37183,-43.0,-45.0,-40.0
37185,-20.0,-26.0,-23.0
37187,-15.0,-21.0,-38.0
37189,-49.0,-53.0,-43.0
37191,-24.0,-29.0,-30.0
37193,-25.0,-32.0,-35.0
37195,-26.0,-34.0,-25.0
37197,-31.0,-34.0,-35.0
37199,-31.0,-35.0,-19.0
38003,-25.0,-41.0,-41.0
38009,-35.0,-38.0,-51.0
38015,-25.0,-31.0,-32.0
38017,-30.0,-30.0,-32.0
38025,,,
38035,-28.0,-32.0,-31.0
38053,-14.0,-16.0,-31.0
38055,-26.0,-32.0,-40.0
38057,-27.0,-29.0,-41.0
38059,-24.0,-28.0,-35.0
38061,-27.0,-34.0,-36.0
38067,-22.0,-29.0,-44.0
38071,-29.0,-35.0,-41.0
38073,-13.0,-41.0,-56.0
38077,-23.0,-40.0,-29.0
38079,-37.0,-35.0,-57.0
38081,,,-56.0
38089,-10.0,-19.0,-23.0
38093,-15.0,-15.0,-25.0
38097,-31.0,-50.0,-50.0
38099,-22.0,-21.0,-41.0
38101,-23.0,-28.0,-30.0
38105,-21.0,-25.0,-29.0
39001,-22.0,-25.0,-23.0
39003,-29.0,-35.0,-32.0
39005,-28.0,-36.0,-40.0
39007,-22.0,-23.0,-29.0
39009,-44.0,-46.0,-39.0
39011,-27.0,-31.0,-28.0
39013,-27.0,-29.0,-27.0
39015,-25.0,-24.0,-24.0
39017,-35.0,-37.0,-34.0
39019,-32.0,-34.0,-30.0
39021,-33.0,-30.0,-39.0
39023,-34.0,-34.0,-31.0
39025,-37.0,-40.0,-37.0
39027,-34.0,-36.0,-31.0
39029,-31.0,-36.0,-37.0
39031,-27.0,-27.0,-23.0
39033,-38.0,-36.0,-38.0
39035,-36.0,-39.0,-40.0
39037,-28.0,-33.0,-27.0
39039,-33.0,-35.0,-31.0
39041,-43.0,-44.0,-41.0
39043,-44.0,-46.0,-43.0
39045,-36.0,-35.0,-29.0
39047,-26.0,-28.0,-31.0
39049,-40.0,-42.0,-40.0
39051,-34.0,-30.0,-32.0
39053,-22.0,-17.0,-21.0
39055,-36.0,-36.0,-39.0
39057,-42.0,-43.0,-37.0
39059,-25.0,-27.0,-27.0
39061,-37.0,-40.0,-38.0
39063,-45.0,-41.0,-45.0
39065,-32.0,-32.0,-38.0
39067,-22.0,-20.0,-25.0
39069,-29.0,-28.0,-36.0
39071,-30.0,-35.0,-27.0
39073,-31.0,-37.0,-32.0
39075,-24.0,-33.0,-31.0
39077,-36.0,-34.0,-38.0
39079,-22.0,-16.0,-28.0
39081,-27.0,-34.0,-30.0
39083,-33.0,-35.0,-36.0
39085,-32.0,-34.0,-37.0
39087,-25.0,-29.0,-31.0
39089,-32.0,-35.0,-33.0
39091,-41.0,-39.0,-48.0
39093,-35.0,-39.0,-35.0
39095,-35.0,-36.0,-38.0
39097,-38.0,-38.0,-35.0
39099,-36.0,-38.0,-38.0
39101,-35.0,-33.0,-39.0
39103,-37.0,-35.0,-34.0
39105,-24.0,-26.0,-18.0
39107,-30.0,-29.0,-32.0
39109,-32.0,-38.0,-35.0
39111,-38.0,-41.0,-44.0
39113,-36.0,-40.0,-37.0
39115,-39.0,-40.0,-34.0
39117,-29.0,-38.0,-31.0
39119,-26.0,-27.0,-30.0
39121,-33.0,-38.0,-39.0
39123,-27.0,-33.0,-32.0
39125,-26.0,-38.0,-38.0
39127,-20.0,-27.0,-25.0
39129,-28.0,-35.0,-25.0
39131,-32.0,-32.0,-22.0
39133,-35.0,-36.0,-38.0
39135,-32.0,-32.0,-32.0
39137,-34.0,-38.0,-40.0
39139,-33.0,-39.0,-39.0
39141,-28.0,-31.0,-25.0
39143,-30.0,-35.0,-35.0
39145,-20.0,-22.0,-22.0
39147,-37.0,-37.0,-38.0
39149,-31.0,-39.0,-41.0
39151,-32.0,-36.0,-35.0
39153,-36.0,-37.0,-39.0
39155,-30.0,-35.0,-37.0
39157,-31.0,-29.0,-35.0
39159,-35.0,-35.0,-40.0
39161,-27.0,-26.0,-34.0
39163,-35.0,-34.0,-46.0
39165,-40.0,-43.0,-37.0
39167,-34.0,-31.0,-31.0
39169,-32.0,-33.0,-36.0
39171,-38.0,-42.0,-32.0
39173,-36.0,-38.0,-40.0
39175,-45.0,-42.0,-39.0
40001,-23.0,-28.0,-33.0
40005,-27.0,-30.0,-28.0
40009,-13.0,-17.0,-22.0
40011,-23.0,-30.0,-36.0
40013,-34.0,-35.0,-31.0
40015,-35.0,-29.0,-25.0
40017,-37.0,-39.0,-35.0
40019,-29.0,-34.0,-29.0
40021,-33.0,-28.0,-31.0
40023,-21.0,-19.0,-21.0
40027,-39.0,-42.0,-37.0
40029,-28.0,-36.0,-38.0
40031,-38.0,-39.0,-36.0
40033,-33.0,-35.0,-41.0
40035,-24.0,-29.0,-22.0
40037,-31.0,-34.0,-30.0
40039,-28.0,-24.0,-33.0
40041,-20.0,-25.0,-25.0
40047,-23.0,-25.0,-23.0
40049,-19.0,-27.0,-24.0
40051,-37.0,-42.0,-24.0
40055,-38.0,-39.0,-43.0
40061,-30.0,-32.0,-30.0
40063,-29.0,-17.0,-24.0
40065,-25.0,-32.0,-20.0
40067,-41.0,-41.0,-46.0
40069,-26.0,-35.0,-40.0
40071,-32.0,-36.0,-28.0
40073,-33.0,-36.0,-36.0
40075,-20.0,-32.0,-32.0
40077,-32.0,-34.0,-44.0
40079,-23.0,-27.0,-29.0
40081,-31.0,-33.0,-26.0
40083,-26.0,-32.0,-25.0
40085,-44.0,-42.0,-44.0
40087,-38.0,-41.0,-36.0
40089,-18.0,-26.0,-22.0
40091,-22.0,-34.0,-23.0
40093,-24.0,-26.0,-38.0
40095,-27.0,-31.0,-21.0
40097,-25.0,-28.0,-24.0
40099,-30.0,-30.0,-35.0
40101,-24.0,-32.0,-23.0
40103,-33.0,-40.0,-50.0
40105,-29.0,-37.0,-52.0
40107,-31.0,-31.0,-44.0
40109,-35.0,-37.0,-35.0
40111,-25.0,-25.0,-26.0
40113,-39.0,-39.0,-28.0
40115,-35.0,-37.0,-34.0
40117,-28.0,-40.0,-26.0
40119,-41.0,-43.0,-31.0
40121,-24.0,-24.0,-27.0
40123,-34.0,-35.0,-33.0
40125,-35.0,-33.0,-32.0
40127,-17.0,-23.0,-33.0
40131,-32.0,-36.0,-32.0
40133,-22.0,-27.0,-26.0
40135,-32.0,-31.0,-28.0
40137,-29.0,-34.0,-28.0
40139,-24.0,-12.0,-25.0
40141,-30.0,-34.0,-48.0
40143,-36.0,-38.0,-36.0
40145,-35.0,-40.0,-34.0
40147,-26.0,-31.0,-28.0
40149,-28.0,-31.0,-31.0
40151,-38.0,-32.0,-38.0
40153,-25.0,-29.0,-18.0
41001,-31.0,-30.0,-31.0
41003,-46.0,-47.0,-44.0
41005,-38.0,-38.0,-37.0
41007,-44.0,-47.0,-40.0
41009,-34.0,-32.0,-32.0
41011,-38.0,-37.0,-34.0
41013,-29.0,-33.0,-33.0
41015,-35.0,-38.0,-31.0
41017,-42.0,-43.0,-37.0
41019,-33.0,-33.0,-26.0
41023,-30.0,-25.0,-28.0
41025,-20.0,-26.0,-22.0
41027,-51.0,-51.0,-41.0
41029,-34.0,-35.0,-33.0
41031,-36.0,-40.0,-33.0
41033,-30.0,-34.0,-29.0
41035,-33.0,-36.0,-28.0
41037,-26.0,-26.0,-30.0
41039,-40.0,-43.0,-37.0
41041,-52.0,-50.0,-45.0
41043,-32.0,-33.0,-28.0
41045,-23.0,-27.0,-17.0
41047,-34.0,-34.0,-30.0
41049,-19.0,-28.0,-21.0
41051,-41.0,-43.0,-43.0
41053,-39.0,-42.0,-37.0
41055,,,
41057,-37.0,-37.0,-29.0
41059,-28.0,-30.0,-28.0
41061,-29.0,-29.0,-26.0
41063,-30.0,-25.0,-27.0
41065,-41.0,-40.0,-31.0
41067,-41.0,-42.0,-39.0
41071,-39.0,-38.0,-33.0
42001,-41.0,-39.0,-40.0
42003,-41.0,-44.0,-45.0
42005,-26.0,-30.0,-33.0
42007,-37.0,-39.0,-42.0
42009,-26.0,-31.0,-28.0
42011,-37.0,-38.0,-43.0
42013,-31.0,-33.0,-34.0
42015,-19.0,-19.0,-18.0
42017,-40.0,-40.0,-41.0
42019,-40.0,-39.0,-40.0
42021,-28.0,-33.0,-32.0
42025,-35.0,-41.0,-38.0
42027,-54.0,-54.0,-47.0
42029,-41.0,-40.0,-40.0
42031,-27.0,-36.0,-23.0
42033,-23.0,-31.0,-27.0
42035,-20.0,-23.0,-27.0
42037,-28.0,-27.0,-34.0
42039,-31.0,-31.0,-38.0
42041,-37.0,-37.0,-38.0
42043,-35.0,-38.0,-37.0
42045,-40.0,-41.0,-40.0
42047,-33.0,-36.0,-38.0
42049,-32.0,-36.0,-40.0
42051,-31.0,-33.0,-36.0
42055,-30.0,-36.0,-35.0
42057,-33.0,-39.0,-53.0
42059,-24.0,-26.0,-30.0
42061,-26.0,-31.0,-25.0
42063,-33.0,-36.0,-29.0
42065,-20.0,-28.0,-24.0
42067,-40.0,-42.0,-42.0
42069,-34.0,-34.0,-37.0
42071,-39.0,-38.0,-39.0
42073,-29.0,-35.0,-29.0
42075,-32.0,-35.0,-37.0
42077,-37.0,-37.0,-41.0
42079,-32.0,-33.0,-40.0
42081,-32.0,-31.0,-33.0
42083,-26.0,-27.0,-28.0
42085,-30.0,-35.0,-37.0
42087,-24.0,-29.0,-26.0
42089,-45.0,-47.0,-47.0
42091,-44.0,-45.0,-45.0
42093,-13.0,-29.0,-28.0
42095,-39.0,-38.0,-41.0
42097,-22.0,-27.0,-29.0
42099,-25.0,-32.0,-30.0
42101,-42.0,-43.0,-43.0
42103,-39.0,-42.0,-39.0
42105,-28.0,-32.0,-25.0
42107,-28.0,-31.0,-35.0
42109,-33.0,-30.0,-29.0
42111,-26.0,-36.0,-30.0
42113,-42.0,-40.0,-51.0
42115,-30.0,-28.0,-27.0
42117,-27.0,-32.0,-34.0
42119,-35.0,-33.0,-28.0
42121,-28.0,-30.0,-30.0
42123,-27.0,-26.0,-32.0
42125,-35.0,-36.0,-38.0
42127,-41.0,-40.0,-36.0
42129,-35.0,-35.0,-37.0
42131,-35.0,-30.0,-33.0
42133,-37.0,-37.0,-39.0
44001,-37.0,-34.0,-39.0
44003,-36.0,-36.0,-38.0
44005,-39.0,-41.0,-40.0
44007,-36.0,-37.0,-42.0
44009,-40.0,-36.0,-33.0
45001,-30.0,-39.0,-25.0
45003,-33.0,-37.0,-33.0
45005,-16.0,-18.0,-43.0
45007,-34.0,-35.0,-33.0
45009,-26.0,-12.0,-30.0
45011,-24.0,-28.0,-24.0
45013,-39.0,-45.0,-38.0
45015,-32.0,-36.0,-34.0
45017,-32.0,-35.0,-27.0
45019,-42.0,-44.0,-41.0
45021,-24.0,-28.0,-36.0
45023,-25.0,-27.0,-28.0
45025,-26.0,-25.0,-22.0
45027,-28.0,-39.0,-27.0
45029,-31.0,-40.0,-30.0
45031,-22.0,-22.0,-30.0
45033,-19.0,-17.0,-30.0
45035,-36.0,-39.0,-37.0
45037,-32.0,-35.0,-23.0
45039,-33.0,-42.0,-27.0
45041,-30.0,-31.0,-29.0
45043,-30.0,-37.0,-30.0
45045,-39.0,-42.0,-39.0
45047,-27.0,-27.0,-23.0
45049,-23.0,-23.0,-22.0
45051,-39.0,-44.0,-41.0
45053,-39.0,-42.0,-34.0
45055,-30.0,-31.0,-24.0
45057,-35.0,-36.0,-31.0
45059,-26.0,-31.0,-31.0
45061,-20.0,-22.0,-18.0
45063,-35.0,-37.0,-30.0
45065,-30.0,-32.0,-43.0
45067,-25.0,-28.0,-28.0
45069,-22.0,-25.0,-37.0
45071,-25.0,-25.0,-29.0
45073,-28.0,-37.0,-29.0
45075,-24.0,-31.0,-28.0
45077,-35.0,-37.0,-28.0
45079,-35.0,-38.0,-34.0
45081,-26.0,-34.0,-23.0
45083,-34.0,-38.0,-35.0
45085,-31.0,-33.0,-33.0
45087,-23.0,-24.0,-35.0
45089,-19.0,-15.0,-19.0
45091,-35.0,-39.0,-37.0
46005,-26.0,-26.0,-24.0
46009,-27.0,-32.0,-43.0
46011,-30.0,-31.0,-28.0
46013,-23.0,-24.0,-29.0
46015,-32.0,-30.0,-41.0
46019,-17.0,-22.0,-34.0
46023,-18.0,-32.0,-34.0
46027,-28.0,-30.0,-35.0
46029,-24.0,-23.0,-27.0
46033,-23.0,-23.0,-36.0
46035,-19.0,-22.0,-25.0
46041,-42.0,-59.0,-46.0
46047,-23.0,-23.0,-30.0
46051,-21.0,-19.0,-23.0
46057,-32.0,-35.0,-40.0
46065,-16.0,-20.0,-22.0
46067,-17.0,-30.0,-36.0
46077,-27.0,-29.0,-24.0
46079,-27.0,-32.0,-45.0
46081,-46.0,-52.0,-55.0
46083,-24.0,-32.0,-34.0
46087,-24.0,-37.0,-41.0
46093,-32.0,-29.0,-35.0
46099,-23.0,-29.0,-37.0
46101,-27.0,-37.0,-43.0
46103,-30.0,-33.0,-35.0
46109,-29.0,-42.0,-45.0
46113,-30.0,-45.0,-45.0
46115,-28.0,-28.0,-38.0
46121,-43.0,-46.0,-46.0
46123,,,
46125,-21.0,-28.0,-38.0
46127,-17.0,-26.0,-32.0
46129,-37.0,-50.0,-34.0
46135,-22.0,-26.0,-33.0
47001,-31.0,-37.0,-28.0
47003,-33.0,-34.0,-34.0
47005,-30.0,-25.0,-32.0
47007,-29.0,-40.0,-48.0
47009,-39.0,-44.0,-37.0
47011,-24.0,-30.0,-34.0
47013,-29.0,-32.0,-22.0
47015,-24.0,-32.0,-34.0
47017,-26.0,-30.0,-25.0
47019,-21.0,-27.0,-27.0
47021,-32.0,-31.0,-32.0
47023,-28.0,-38.0,-21.0
47025,-26.0,-28.0,-27.0
47027,-28.0,-37.0,-44.0
47029,-36.0,-41.0,-42.0
47031,-33.0,-39.0,-32.0
47033,-11.0,-13.0,-31.0
47035,-32.0,-36.0,-31.0
47037,-44.0,-47.0,-41.0
47039,-28.0,-39.0,-44.0
47041,-34.0,-43.0,-34.0
47043,-34.0,-38.0,-30.0
47045,-21.0,-22.0,-23.0
47047,-35.0,-35.0,-26.0
47049,-19.0,-21.0,-9.0
47051,-35.0,-41.0,-36.0
47053,-25.0,-32.0,-30.0
47055,-24.0,-34.0,-27.0
47057,-20.0,-22.0,-26.0
47059,-19.0,-24.0,-26.0
47061,-33.0,-37.0,-44.0
47063,-28.0,-33.0,-33.0
47065,-36.0,-40.0,-36.0
47067,-39.0,-50.0,-55.0
47069,-28.0,-32.0,-37.0
47071,-29.0,-28.0,-23.0
47073,-25.0,-30.0,-19.0
47075,-24.0,-17.0,-26.0
47077,-33.0,-39.0,-33.0
47079,-30.0,-27.0,-26.0
47081,-26.0,-35.0,-27.0
47083,-27.0,-33.0,-53.0
47085,-26.0,-29.0,-31.0
47087,-31.0,-35.0,-53.0
47089,-37.0,-39.0,-36.0
47091,-20.0,-28.0,-20.0
47093,-40.0,-41.0,-36.0
47097,-21.0,-23.0,-27.0
47099,-28.0,-32.0,-26.0
47101,-39.0,-43.0,-50.0
47103,-21.0,-23.0,-20.0
47105,-40.0,-41.0,-28.0
47107,-29.0,-34.0,-32.0
47109,-17.0,-28.0,-20.0
47111,-33.0,-33.0,-23.0
47113,-33.0,-37.0,-37.0
47115,-28.0,-29.0,-32.0
47117,-29.0,-34.0,-32.0
47119,-33.0,-37.0,-36.0
47121,-28.0,-30.0,-37.0
47123,-37.0,-37.0,-30.0
47125,-32.0,-37.0,-33.0
47127,-29.0,-31.0,-52.0
47129,-11.0,-30.0,-21.0
47131,-24.0,-23.0,-28.0
47133,-30.0,-28.0,-25.0
47135,-30.0,-36.0,-50.0
47139,-29.0,-23.0,-31.0
47141,-30.0,-36.0,-28.0
47143,-26.0,-29.0,-28.0
47145,-27.0,-34.0,-27.0
47147,-36.0,-37.0,-34.0
47149,-35.0,-42.0,-34.0
47151,-20.0,-26.0,-19.0
47153,-25.0,-27.0,-25.0
47155,-53.0,-57.0,-57.0
47157,-32.0,-35.0,-29.0
47159,-13.0,-32.0,-18.0
47161,-23.0,-32.0,-49.0
47163,-30.0,-35.0,-28.0
47165,-36.0,-40.0,-35.0
47167,-29.0,-31.0,-21.0
47169,-33.0,-39.0,-52.0
47171,-23.0,-37.0,-28.0
47173,-17.0,-30.0,-25.0
47175,-32.0,-50.0,-58.0
47177,-33.0,-35.0,-24.0
47179,-33.0,-36.0,-33.0
47181,-28.0,-32.0,-50.0
47183,-23.0,-26.0,-28.0
47185,-44.0,-32.0,-19.0
47187,-45.0,-49.0,-37.0
47189,-38.0,-40.0,-37.0
48001,-22.0,-26.0,-24.0
48003,-33.0,-31.0,-36.0
48005,-25.0,-27.0,-29.0
48007,-29.0,-34.0,-27.0
48009,-27.0,-38.0,-42.0
48013,-24.0,-27.0,-25.0
48015,-24.0,-27.0,-29.0
48017,-31.0,-35.0,-35.0
48019,-35.0,-40.0,-30.0
48021,-34.0,-39.0,-36.0
48025,-27.0,-29.0,-26.0
48027,-33.0,-36.0,-34.0
48029,-38.0,-40.0,-41.0
48031,-39.0,-35.0,-35.0
48035,-17.0,-36.0,-16.0
48037,-32.0,-30.0,-30.0
48039,-30.0,-33.0,-32.0
48041,-39.0,-42.0,-35.0
48043,-28.0,-39.0,-50.0
48047,-31.0,-33.0,-44.0
48049,-21.0,-28.0,-23.0
48051,-24.0,-22.0,-29.0
48053,-36.0,-37.0,-32.0
48055,-36.0,-37.0,-33.0
48057,-20.0,-21.0,-20.0
48059,-8.0,-20.0,-20.0
48061,-37.0,-43.0,-42.0
48063,-13.0,-22.0,-35.0
48065,-30.0,-36.0,-52.0
48067,-23.0,-36.0,-26.0
48069,-20.0,-22.0,-31.0
48071,-27.0,-27.0,-35.0
48073,-22.0,-27.0,-29.0
48075,-32.0,-27.0,-41.0
48077,-24.0,-33.0,-38.0
48081,,,
48083,-20.0,-35.0,-35.0
48085,-45.0,-47.0,-44.0
48089,-18.0,-24.0,-15.0
48091,-36.0,-41.0,-38.0
48093,-25.0,-22.0,-40.0
48097,-32.0,-35.0,-31.0
48099,-27.0,-32.0,-32.0
48103,-37.0,-37.0,-53.0
48105,,,
48107,-35.0,-41.0,-52.0
48109,,,
48111,-10.0,-16.0,-28.0
48113,-38.0,-42.0,-42.0
48115,-26.0,-21.0,-36.0
48117,-18.0,-20.0,-39.0
48119,-37.0,-32.0,-42.0
48121,-42.0,-45.0,-43.0
48123,-19.0,-25.0,-25.0
48127,-30.0,-38.0,-49.0
48129,,,
48131,-36.0,-36.0,-53.0
48133,-28.0,-25.0,-14.0
48135,-24.0,-30.0,-33.0
48139,-34.0,-38.0,-36.0
48141,-37.0,-39.0,-42.0
48143,-25.0,-29.0,-24.0
48145,-10.0,-27.0,-20.0
48147,-25.0,-29.0,-23.0
48149,-17.0,-28.0,-29.0
48153,-28.0,-35.0,-38.0
48157,-41.0,-41.0,-40.0
48159,-24.0,-35.0,-41.0
48161,-22.0,-24.0,-22.0
48163,-19.0,-17.0,-22.0
48165,-20.0,-31.0,-17.0
48167,-35.0,-39.0,-37.0
48169,,,
48171,-36.0,-45.0,-37.0
48175,-32.0,-34.0,-43.0
48177,-20.0,-20.0,-23.0
48179,-26.0,-35.0,-32.0
48181,-29.0,-29.0,-33.0
48183,-31.0,-34.0,-32.0
48185,-21.0,-29.0,-29.0
48187,-37.0,-37.0,-38.0
48189,-27.0,-32.0,-25.0
48191,,,
48193,-22.0,-28.0,-37.0
48197,,,
48199,-32.0,-36.0,-31.0
48201,-38.0,-40.0,-40.0
48203,-31.0,-36.0,-38.0
48205,,,
48207,,,
48209,-36.0,-39.0,-37.0
48213,-28.0,-35.0,-28.0
48215,-43.0,-44.0,-40.0
48217,-25.0,-30.0,-27.0
48219,-17.0,-27.0,-21.0
48221,-35.0,-33.0,-29.0
48223,-27.0,-31.0,-21.0
48225,-21.0,-27.0,-19.0
48227,-24.0,-27.0,-35.0
48231,-33.0,-32.0,-31.0
48233,-11.0,-31.0,-19.0
48237,-26.0,-36.0,-43.0
48239,-21.0,-33.0,-23.0
48241,-30.0,-27.0,-21.0
48245,-33.0,-35.0,-33.0
48247,,,
48249,-28.0,-30.0,-31.0
48251,-31.0,-36.0,-34.0
48253,-18.0,-27.0,-20.0
48255,-19.0,-21.0,-14.0
48257,-38.0,-39.0,-34.0
48259,-38.0,-41.0,-38.0
48265,-30.0,-31.0,-28.0
48267,,,
48273,-28.0,-26.0,-31.0
48277,-13.0,-17.0,-22.0
48279,-22.0,-24.0,-22.0
48281,-38.0,-38.0,-30.0
48283,,,
48285,-18.0,-20.0,-26.0
48287,-22.0,-34.0,-27.0
48289,-32.0,-46.0,-17.0
48291,-28.0,-28.0,-33.0
48293,-24.0,-31.0,-25.0
48297,-39.0,-39.0,-34.0
48299,-32.0,-34.0,-28.0
48301,,,
48303,-28.0,-33.0,-33.0
48305,-24.0,-33.0,-49.0
48307,-14.0,-24.0,-39.0
48309,-34.0,-36.0,-36.0
48311,,,
48313,-29.0,-35.0,-24.0
48315,-26.0,-25.0,-39.0
48317,-32.0,-30.0,-50.0
48321,-9.0,-13.0,-21.0
48323,-36.0,-41.0,-34.0
48325,-30.0,-33.0,-33.0
48329,-25.0,-28.0,-32.0
48331,-27.0,-35.0,-31.0
48335,-26.0,-28.0,-33.0
48337,-30.0,-35.0,-24.0
48339,-38.0,-39.0,-38.0
48341,-15.0,-18.0,12.0
48343,-30.0,-35.0,-20.0
48347,-24.0,-33.0,-30.0
48349,-32.0,-32.0,-34.0
48351,-35.0,-40.0,-53.0
48353,-18.0,-19.0,-20.0
48355,-34.0,-37.0,-36.0
48357,-26.0,-30.0,-33.0
48359,,,
48361,-32.0,-33.0,-30.0
48363,-29.0,-28.0,-29.0
48365,-28.0,-41.0,-29.0
48367,-35.0,-38.0,-34.0
48369,-23.0,-21.0,-21.0
48371,-20.0,-24.0,-31.0
48373,-36.0,-35.0,-29.0
48375,-26.0,-31.0,-27.0
48377,-35.0,-43.0,-60.0
48379,-20.0,-29.0,-22.0
48381,-30.0,-36.0,-30.0
48383,,,
48385,,,
48387,-23.0,-28.0,-37.0
48389,-12.0,-10.0,-17.0
48391,-31.0,-29.0,-44.0
48395,-16.0,-25.0,-10.0
48397,-40.0,-40.0,-38.0
48399,-22.0,-28.0,-37.0
48401,-26.0,-32.0,-20.0
48403,-34.0,-28.0,-40.0
48405,-34.0,-39.0,-48.0
48407,-29.0,-30.0,-27.0
48409,-24.0,-24.0,-27.0
48411,,,
48415,-18.0,-18.0,-26.0
48419,-27.0,-32.0,-21.0
48421,,,
48423,-34.0,-37.0,-31.0
48425,-34.0,-38.0,-48.0
48427,-29.0,-33.0,-26.0
48429,-19.0,-24.0,-39.0
48435,,,
48437,-29.0,-31.0,-38.0
48439,-36.0,-39.0,-39.0
48441,-25.0,-31.0,-31.0
48445,-14.0,-32.0,-14.0
48449,-21.0,-24.0,-21.0
48451,-26.0,-31.0,-33.0
48453,-44.0,-46.0,-44.0
48455,-26.0,-43.0,-30.0
48457,-32.0,-32.0,-21.0
48459,-31.0,-35.0,-32.0
48461,,,-49.0
48463,-28.0,-26.0,-25.0
48465,-32.0,-35.0,-27.0
48467,-25.0,-34.0,-28.0
48469,-27.0,-32.0,-33.0
48471,-27.0,-34.0,-32.0
48473,-33.0,-37.0,-32.0
48475,-15.0,-18.0,-24.0
48477,-27.0,-29.0,-28.0
48479,-35.0,-40.0,-37.0
48481,-20.0,-23.0,-25.0
48483,,,
48485,-32.0,-35.0,-34.0
48487,-9.0,-16.0,-16.0
48489,-34.0,-34.0,-26.0
48491,-43.0,-45.0,-42.0
48493,-32.0,-37.0,-32.0
48495,-14.0,-12.0,-20.0
48497,-31.0,-37.0,-26.0
48499,-28.0,-37.0,-28.0
48501,-30.0,-33.0,-51.0
48503,-28.0,-32.0,-34.0
48505,-44.0,-40.0,-49.0
48507,-31.0,-33.0,-47.0
49001,-23.0,-28.0,-32.0
49003,-36.0,-31.0,-22.0
49005,-39.0,-39.0,-30.0
49007,-30.0,-25.0,-24.0
49011,-41.0,-45.0,-33.0
49013,-11.0,-38.0,-22.0
49015,-16.0,-32.0,-45.0
49017,,,
49019,-22.0,-34.0,-29.0
49021,-38.0,-41.0,-32.0
49023,-23.0,-28.0,-28.0
49025,-33.0,-37.0,-39.0
49027,-14.0,-2.0,-2.0
49029,-42.0,-50.0,-52.0
49035,-38.0,-41.0,-35.0
49037,-33.0,-41.0,-50.0
49039,-36.0,-39.0,-16.0
49041,-25.0,-33.0,-14.0
49043,-76.0,-79.0,-70.0
49045,-30.0,-34.0,-32.0
49047,-37.0,-28.0,-35.0
49049,-50.0,-52.0,-37.0
49051,-60.0,-63.0,-54.0
49053,-39.0,-40.0,-31.0
49057,-31.0,-35.0,-27.0
50001,-35.0,-35.0,-32.0
50003,-40.0,-42.0,-46.0
50005,-30.0,-35.0,-32.0
50007,-46.0,-46.0,-48.0
50009,-37.0,-39.0,-42.0
50011,-28.0,-24.0,-36.0
50013,-49.0,-51.0,-57.0
50015,-58.0,-59.0,-63.0
50017,-31.0,-26.0,-28.0
50019,-32.0,-35.0,-37.0
50021,-47.0,-46.0,-47.0
50023,-41.0,-42.0,-43.0
50025,-47.0,-47.0,-50.0
50027,-49.0,-45.0,-43.0
51001,-26.0,-25.0,-19.0
51003,-47.0,-48.0,-39.0
51005,-23.0,-28.0,-25.0
51007,-35.0,-36.0,-43.0
51009,-23.0,-27.0,-23.0
51011,-30.0,-28.0,-20.0
51013,-50.0,-55.0,-51.0
51015,-22.0,-25.0,-27.0
51017,,,
51019,-34.0,-40.0,-26.0
51021,-32.0,-27.0,-49.0
51023,-44.0,-43.0,-34.0
51025,-11.0,-13.0,-20.0
51027,-29.0,-30.0,-43.0
51029,-22.0,-20.0,-42.0
51031,-33.0,-37.0,-32.0
51033,-26.0,-34.0,-23.0
51035,-19.0,-32.0,-23.0
51036,-34.0,-31.0,-41.0
51037,-28.0,-28.0,-38.0
51041,-39.0,-41.0,-33.0
51043,-36.0,-45.0,-48.0
51045,-24.0,-29.0,-43.0
51047,-28.0,-35.0,-28.0
51049,-28.0,-35.0,-38.0
51051,-29.0,-31.0,-46.0
51053,-24.0,-24.0,-17.0
51057,-28.0,-21.0,-16.0
51059,-46.0,-50.0,-47.0
51061,-32.0,-37.0,-25.0
51063,-29.0,-34.0,-47.0
51065,-34.0,-38.0,-29.0
51067,-28.0,-35.0,-29.0
51069,-29.0,-32.0,-29.0
51071,-16.0,-26.0,-15.0
51073,-26.0,-27.0,-22.0
51075,-38.0,-36.0,-23.0
51077,-18.0,-26.0,-39.0
51079,-33.0,-33.0,-29.0
51081,-18.0,-28.0,-37.0
51083,-28.0,-25.0,-24.0
51085,-38.0,-41.0,-31.0
51087,-36.0,-40.0,-38.0
51089,-28.0,-25.0,-26.0
51093,-33.0,-32.0,-24.0
51095,-47.0,-46.0,-43.0
51097,-29.0,-34.0,-37.0
51099,-31.0,-32.0,-30.0
51101,-20.0,-32.0,-22.0
51103,-25.0,-22.0,-29.0
51105,-13.0,-18.0,-16.0
51107,-44.0,-48.0,-44.0
51109,-32.0,-32.0,-25.0
51111,-29.0,-30.0,-36.0
51113,-36.0,-38.0,-44.0
51115,-33.0,-31.0,-38.0
51117,-16.0,-24.0,-20.0
51119,-31.0,-35.0,-36.0
51121,-35.0,-43.0,-40.0
51125,-38.0,-43.0,-35.0
51127,-41.0,-35.0,-31.0
51131,-14.0,-27.0,-14.0
51133,-24.0,-26.0,-29.0
51135,-11.0,-7.0,-16.0
51137,-23.0,-36.0,-25.0
51139,-33.0,-28.0,-33.0
51141,-17.0,-32.0,-26.0
51143,-31.0,-30.0,-21.0
51145,-37.0,-34.0,-34.0
51147,-32.0,-32.0,-31.0
51149,-28.0,-28.0,-23.0
51153,-40.0,-45.0,-39.0
51155,-31.0,-31.0,-32.0
51157,-28.0,-30.0,-37.0
51159,-19.0,-24.0,-33.0
51161,-40.0,-41.0,-35.0
51163,-27.0,-30.0,-28.0
51165,-27.0,-32.0,-31.0
51167,-15.0,-20.0,-19.0
51169,-26.0,-26.0,-26.0
51171,-32.0,-39.0,-37.0
51173,-14.0,-18.0,-15.0
51175,-29.0,-39.0,-15.0
51177,-40.0,-42.0,-33.0
51179,-40.0,-45.0,-35.0
51181,-36.0,-34.0,-46.0
51183,-17.0,-29.0,-32.0
51185,-30.0,-26.0,-18.0
51187,-32.0,-34.0,-30.0
51191,-24.0,-32.0,-24.0
51193,-31.0,-35.0,-26.0
51195,-20.0,-21.0,-27.0
51197,-26.0,-27.0,-23.0
51199,-43.0,-43.0,-42.0
53001,-27.0,-31.0,-31.0
53003,-31.0,-22.0,-29.0
53005,-39.0,-40.0,-36.0
53007,-43.0,-42.0,-45.0
53009,-35.0,-38.0,-34.0
53011,-41.0,-41.0,-38.0
53015,-35.0,-35.0,-32.0
53017,-40.0,-44.0,-39.0
53019,-40.0,-40.0,-38.0
53021,-33.0,-34.0,-34.0
53025,-29.0,-31.0,-28.0
53027,-37.0,-40.0,-39.0
53029,-42.0,-40.0,-40.0
53031,-40.0,-42.0,-38.0
53033,-47.0,-48.0,-48.0
53035,-43.0,-40.0,-39.0
53037,-45.0,-42.0,-47.0
53039,-36.0,-36.0,-34.0
53041,-34.0,-35.0,-30.0
53043,-37.0,-37.0,-45.0
53045,-38.0,-38.0,-33.0
53047,-37.0,-31.0,-36.0
53049,-41.0,-40.0,-33.0
53051,-41.0,-43.0,-38.0
53053,-39.0,-39.0,-39.0
53055,-45.0,-52.0,-39.0
53057,-42.0,-42.0,-41.0
53059,-40.0,-45.0,-45.0
53061,-45.0,-45.0,-44.0
53063,-38.0,-39.0,-36.0
53065,-33.0,-39.0,-28.0
53067,-38.0,-40.0,-39.0
53071,-40.0,-39.0,-39.0
53073,-44.0,-44.0,-43.0
53075,-47.0,-42.0,-35.0
53077,-33.0,-34.0,-30.0
54001,-16.0,-13.0,-20.0
54003,-32.0,-35.0,-32.0
54005,-20.0,-22.0,-28.0
54007,-38.0,-34.0,-47.0
54009,-24.0,-30.0,-32.0
54011,-34.0,-39.0,-37.0
54019,-26.0,-27.0,-30.0
54023,-25.0,-28.0,-43.0
54025,-41.0,-42.0,-40.0
54027,-20.0,-24.0,-28.0
54029,-32.0,-36.0,-40.0
54031,-23.0,-25.0,-38.0
54033,-31.0,-31.0,-30.0
54035,-33.0,-29.0,-21.0
54037,-43.0,-41.0,-42.0
54039,-33.0,-36.0,-33.0
54041,-40.0,-35.0,-36.0
54043,-39.0,-33.0,-44.0
54045,-24.0,-33.0,-27.0
54047,-18.0,-27.0,-33.0
54049,-34.0,-29.0,-27.0
54051,-27.0,-32.0,-30.0
54053,-28.0,-25.0,-24.0
54055,-35.0,-32.0,-26.0
54057,-24.0,-29.0,-19.0
54059,-37.0,-40.0,-49.0
54061,-44.0,-42.0,-39.0
54063,-32.0,-37.0,-47.0
54065,-34.0,-34.0,-33.0
54067,-30.0,-24.0,-32.0
54069,-38.0,-40.0,-37.0
54073,-40.0,-35.0,-57.0
54075,-55.0,-55.0,-61.0
54077,-25.0,-23.0,-25.0
54079,-41.0,-46.0,-35.0
54081,-37.0,-36.0,-28.0
54083,-17.0,-24.0,-16.0
54085,-45.0,-45.0,-52.0
54087,-42.0,-38.0,-44.0
54089,-39.0,-36.0,-46.0
54091,-41.0,-25.0,-19.0
54093,-37.0,-34.0,-37.0
54095,-29.0,-31.0,-40.0
54097,-25.0,-28.0,-23.0
54099,-28.0,-25.0,-30.0
54101,-38.0,-41.0,-49.0
54103,-31.0,-26.0,-22.0
54105,,,-53.0
54107,-31.0,-31.0,-26.0
54109,-32.0,-32.0,-42.0
55001,-36.0,-39.0,-37.0
55003,-37.0,-35.0,-24.0
55005,-31.0,-32.0,-29.0
55007,-37.0,-48.0,-48.0
55009,-31.0,-31.0,-36.0
55011,-26.0,-37.0,-33.0
55013,-34.0,-30.0,-37.0
55015,-33.0,-33.0,-36.0
55017,-28.0,-24.0,-26.0
55019,-25.0,-24.0,-18.0
55021,-31.0,-33.0,-31.0
55023,-19.0,-20.0,-21.0
55025,-43.0,-41.0,-39.0
55027,-21.0,-19.0,-28.0
55029,-33.0,-41.0,-29.0
55031,-33.0,-31.0,-32.0
55033,-32.0,-28.0,-22.0
55035,-32.0,-33.0,-29.0
55037,,,
55039,-31.0,-32.0,-27.0
55041,-40.0,-51.0,-49.0
55043,-27.0,-21.0,-25.0
55045,-31.0,-30.0,-28.0
55047,-25.0,-23.0,-22.0
55049,-35.0,-35.0,-31.0
55051,-42.0,-47.0,-42.0
55053,-38.0,-23.0,-29.0
55055,-30.0,-27.0,-29.0
55057,-32.0,-35.0,-30.0
55059,-34.0,-34.0,-32.0
55061,-23.0,-15.0,-29.0
55063,-35.0,-33.0,-36.0
55065,-22.0,-14.0,-25.0
55067,-24.0,-25.0,-26.0
55069,-32.0,-25.0,-28.0
55071,-21.0,-25.0,-28.0
55073,-32.0,-30.0,-32.0
55075,-25.0,-16.0,-27.0
55077,-27.0,-31.0,-25.0
55079,-38.0,-38.0,-36.0
55081,-26.0,-25.0,-29.0
55083,-25.0,-24.0,-20.0
55085,-32.0,-31.0,-27.0
55087,-33.0,-34.0,-35.0
55089,-37.0,-39.0,-37.0
55091,-29.0,-33.0,-33.0
55093,-35.0,-34.0,-33.0
55095,-33.0,-26.0,-32.0
55097,-38.0,-35.0,-38.0
55099,-33.0,-29.0,-41.0
55101,-32.0,-33.0,-33.0
55103,-25.0,-25.0,-23.0
55105,-34.0,-31.0,-33.0
55107,-25.0,-26.0,-42.0
55109,-34.0,-34.0,-32.0
55111,-48.0,-48.0,-45.0
55113,-43.0,-40.0,-47.0
55115,-33.0,-33.0,-33.0
55117,-26.0,-28.0,-31.0
55119,-2.0,-26.0,-16.0
55121,-26.0,-28.0,-24.0
55123,-35.0,-28.0,-19.0
55125,-51.0,-49.0,-39.0
55127,-39.0,-35.0,-34.0
55129,-39.0,-39.0,-28.0
55131,-36.0,-33.0,-32.0
55133,-40.0,-40.0,-35.0
55135,-24.0,-22.0,-24.0
55137,-35.0,-28.0,-25.0
55139,-32.0,-31.0,-30.0
55141,-31.0,-28.0,-25.0
56001,-29.0,-29.0,-32.0
56003,-29.0,-27.0,-34.0
56005,-22.0,-27.0,-28.0
56007,-35.0,-33.0,-27.0
56009,-22.0,-24.0,-27.0
56011,-38.0,-50.0,-29.0
56013,-27.0,-29.0,-31.0
56015,-26.0,-21.0,-24.0
56017,,,
56019,-30.0,-39.0,-37.0
56021,-28.0,-28.0,-31.0
56023,-35.0,-38.0,-27.0
56025,-29.0,-30.0,-33.0
56029,-31.0,-32.0,-25.0
56031,-31.0,-28.0,-31.0
56033,-26.0,-23.0,-34.0
56035,-36.0,-36.0,-40.0
56037,-22.0,-31.0,-27.0
56039,-70.0,-70.0,-66.0
56041,-18.0,-27.0,-22.0
56043,-32.0,-28.0,-40.0
56045,-34.0,-36.0,-43.0
