,Score,TCI+,Jobs+,Trips/Week+,Routes,Transit Shed,Transit,FIPS
2106,0.0,0.0,0,0,0,0,0,1001
799,0.3,0.1,2691,14,1,1,0,1003
2121,0.0,0.0,0,0,0,0,0,1005
1009,0.1,0.0,279,2,0,0,0,1007
2178,0.0,0.0,0,0,0,0,0,1009
2233,0.0,0.0,0,0,0,0,0,1011
2240,0.0,0.0,0,0,0,0,0,1013
673,0.6,0.3,3376,42,1,2,0,1015
2319,0.0,0.0,0,0,0,0,0,1017
2334,0.0,0.0,0,0,0,0,0,1019
2352,0.0,0.0,0,0,0,0,0,1021
2355,0.0,0.0,0,0,0,0,0,1023
977,0.1,0.0,4,4,0,0,0,1025
2380,0.0,0.0,0,0,0,0,0,1027
2398,0.0,0.0,0,0,0,0,0,1029
2414,0.0,0.0,0,0,0,0,0,1031
2419,0.0,0.0,0,0,0,0,0,1033
2437,0.0,0.0,0,0,0,0,0,1035
2444,0.0,0.0,0,0,0,0,0,1037
2453,0.0,0.0,0,0,0,0,0,1039
2469,0.0,0.0,0,0,0,0,0,1041
2480,0.0,0.0,0,0,0,0,0,1043
2496,0.0,0.0,0,0,0,0,0,1045
1016,0.1,0.0,0,1,0,0,0,1047
2523,0.0,0.0,0,0,0,0,0,1049
2596,0.0,0.0,0,0,0,0,0,1051
2604,0.0,0.0,0,0,0,0,0,1053
665,0.7,0.3,2332,46,1,1,0,1055
2620,0.0,0.0,0,0,0,0,0,1057
2645,0.0,0.0,0,0,0,0,0,1059
2696,0.0,0.0,0,0,0,0,0,1061
2756,0.0,0.0,0,0,0,0,0,1063
2786,0.0,0.0,0,0,0,0,0,1065
2852,0.0,0.0,0,0,0,0,0,1067
2886,0.0,0.0,0,0,0,0,0,1069
2932,0.0,0.0,0,0,0,0,0,1071
973,0.1,0.2,1121,1,0,0,0,1073
3067,0.0,0.0,0,0,0,0,0,1075
3085,0.0,0.0,0,0,0,0,0,1077
3091,0.0,0.0,0,0,0,0,0,1079
3102,0.0,0.0,0,0,0,0,0,1081
3128,0.0,0.0,0,0,0,0,0,1083
1137,0.0,0.0,0,0,0,0,0,1085
1152,0.0,0.0,0,0,0,0,1,1087
564,1.0,0.5,13610,66,1,4,0,1089
1176,0.0,0.0,0,0,0,0,0,1091
1179,0.0,0.0,0,0,0,0,0,1093
1192,0.0,0.0,0,0,0,0,0,1095
426,1.7,0.9,19850,183,1,8,0,1097
1291,0.0,0.0,0,0,0,0,0,1099
359,2.1,1.2,38820,152,2,16,0,1101
1318,0.0,0.0,0,0,0,0,0,1103
1051,0.0,0.0,0,1,0,0,0,1105
1478,0.0,0.0,0,0,0,0,0,1107
1483,0.0,0.0,0,0,0,0,0,1109
1556,0.0,0.0,0,0,0,0,0,1111
640,0.7,0.3,2728,34,1,2,0,1113
1738,0.0,0.0,0,0,0,0,0,1115
1688,0.0,0.0,0,0,0,0,0,1117
1773,0.0,0.0,0,0,0,0,0,1119
1788,0.0,0.0,0,0,0,0,0,1121
1790,0.0,0.0,0,0,0,0,0,1123
587,0.9,0.4,9455,47,1,2,0,1125
1898,0.0,0.0,0,0,0,0,0,1127
1919,0.0,0.0,0,0,0,0,0,1129
950,0.1,0.0,105,5,0,0,0,1131
1999,0.0,0.0,0,0,0,0,0,1133
2057,0.0,0.0,0,0,0,0,0,2013
2058,0.0,0.0,0,0,0,0,0,2016
153,3.5,2.6,53537,696,2,9,1,2020
2163,0.0,0.0,0,0,0,0,0,2050
2211,0.0,0.0,0,0,0,0,0,2060
2531,0.0,0.0,0,0,0,0,0,2068
2548,0.0,0.0,0,0,0,0,0,2070
375,2.0,1.0,16547,213,3,12,0,2090
2785,0.0,0.0,0,0,0,0,0,2100
259,2.6,1.4,12550,308,7,8,5,2110
3012,0.0,0.0,0,0,0,0,1,2122
147,3.6,1.5,9157,309,2,8,3,2130
3046,0.0,0.0,0,0,0,0,0,2150
3059,0.0,0.0,0,0,0,0,0,2164
696,0.5,0.2,2828,33,2,2,0,2170
1371,0.0,0.0,0,0,0,0,0,2180
1375,0.0,0.0,0,0,0,0,4,2185
1378,0.0,0.0,0,0,0,0,0,2188
1060,0.0,0.0,0,1,0,0,1,2201
339,2.2,1.1,2798,218,2,4,1,2220
1715,0.0,0.0,0,0,0,0,1,2232
2881,0.0,0.0,0,0,0,0,3,2232
1725,0.0,0.0,0,0,0,0,0,2240
1875,0.0,0.0,0,0,0,0,0,2261
1470,0.0,0.0,0,0,0,0,0,2280
2015,0.0,0.0,0,0,0,0,0,2280
2023,0.0,0.0,0,0,0,0,0,2282
2033,0.0,0.0,0,0,0,0,0,2290
816,0.3,0.0,960,19,1,1,1,4001
642,0.7,0.0,1214,66,1,1,0,4003
352,2.1,1.2,11784,399,3,4,1,4005
2701,0.0,0.0,0,0,0,0,0,4007
2729,0.0,0.0,0,0,0,0,1,4009
2766,0.0,0.0,0,0,0,0,0,4011
1045,0.0,0.0,195,1,0,0,0,4012
93,4.4,3.1,100236,1146,3,25,2,4013
761,0.4,0.2,363,26,0,1,0,4015
964,0.1,0.0,24,2,0,0,1,4017
139,3.7,2.5,56905,885,4,20,2,4019
1015,0.1,0.0,0,1,0,0,0,4021
1649,0.0,0.0,0,0,0,0,0,4023
748,0.4,0.2,879,53,1,1,0,4025
362,2.0,1.1,15567,164,2,10,1,4027
2085,0.0,0.0,0,0,0,0,0,5001
2092,0.0,0.0,0,0,0,0,0,5003
2136,0.0,0.0,0,0,0,0,0,5005
676,0.6,0.3,6197,36,1,2,0,5007
2186,0.0,0.0,0,0,0,0,0,5009
2201,0.0,0.0,0,0,0,0,0,5011
2253,0.0,0.0,0,0,0,0,0,5013
2283,0.0,0.0,0,0,0,0,0,5015
2350,0.0,0.0,0,0,0,0,1,5017
873,0.2,0.1,32,1,0,0,0,5019
2381,0.0,0.0,0,0,0,0,0,5021
2399,0.0,0.0,0,0,0,0,0,5023
2400,0.0,0.0,0,0,0,0,0,5025
2426,0.0,0.0,0,0,0,0,0,5027
2440,0.0,0.0,0,0,0,0,0,5029
488,1.4,0.7,7355,104,1,3,0,5031
2459,0.0,0.0,0,0,0,0,0,5033
489,1.4,0.8,12452,78,1,4,0,5035
2476,0.0,0.0,0,0,0,0,0,5037
2498,0.0,0.0,0,0,0,0,0,5039
2533,0.0,0.0,0,0,0,0,0,5041
2564,0.0,0.0,0,0,0,0,0,5043
2618,0.0,0.0,0,0,0,0,0,5045
2646,0.0,0.0,0,0,0,0,0,5047
2670,0.0,0.0,0,0,0,0,1,5049
598,0.9,0.5,4597,57,1,2,0,5051
2734,0.0,0.0,0,0,0,0,0,5053
2757,0.0,0.0,0,0,0,0,0,5055
792,0.3,0.2,0,5,0,0,0,5057
841,0.3,0.2,12,3,0,0,0,5059
2889,0.0,0.0,0,0,0,0,1,5061
2914,0.0,0.0,0,0,0,0,0,5063
2930,0.0,0.0,0,0,0,0,0,5065
2933,0.0,0.0,0,0,0,0,0,5067
2960,0.0,0.0,0,0,0,0,0,5069
2985,0.0,0.0,0,0,0,0,0,5071
3053,0.0,0.0,0,0,0,0,0,5073
822,0.3,0.2,0,4,0,0,0,5075
3103,0.0,0.0,0,0,0,0,0,5077
3130,0.0,0.0,0,0,0,0,0,5079
1114,0.0,0.0,0,0,0,0,0,5081
1121,0.0,0.0,0,0,0,0,0,5083
1130,0.0,0.0,0,0,0,0,0,5085
1156,0.0,0.0,0,0,0,0,0,5087
1180,0.0,0.0,0,0,0,0,0,5089
478,1.4,0.7,8913,94,2,7,0,5091
1281,0.0,0.0,0,0,0,0,0,5093
1292,0.0,0.0,0,0,0,0,0,5095
1302,0.0,0.0,0,0,0,0,0,5097
1351,0.0,0.0,0,0,0,0,0,5099
1356,0.0,0.0,0,0,0,0,0,5101
1423,0.0,0.0,0,0,0,0,0,5103
1461,0.0,0.0,0,0,0,0,0,5105
1473,0.0,0.0,0,0,0,0,0,5107
1484,0.0,0.0,0,0,0,0,0,5109
1502,0.0,0.0,0,0,0,0,0,5111
1504,0.0,0.0,0,0,0,0,0,5113
1515,0.0,0.0,0,0,0,0,0,5115
1531,0.0,0.0,0,0,0,0,0,5117
317,2.3,1.4,69678,222,2,19,1,5119
1557,0.0,0.0,0,0,0,0,0,5121
1751,0.0,0.0,0,0,0,0,0,5123
1634,0.0,0.0,0,0,0,0,0,5125
1662,0.0,0.0,0,0,0,0,0,5127
1673,0.0,0.0,0,0,0,0,0,5129
487,1.4,0.8,11216,70,1,5,0,5131
1680,0.0,0.0,0,0,0,0,0,5133
1686,0.0,0.0,0,0,0,0,0,5135
1762,0.0,0.0,0,0,0,0,0,5137
1857,0.0,0.0,0,0,0,0,0,5139
1878,0.0,0.0,0,0,0,0,0,5141
270,2.5,1.5,20706,565,6,9,0,5143
1973,0.0,0.0,0,0,0,0,0,5145
2008,0.0,0.0,0,0,0,0,1,5147
2028,0.0,0.0,0,0,0,0,0,5149
22,7.1,8.9,222025,2682,10,32,15,6001
2069,0.0,0.0,0,0,0,0,0,6003
626,0.8,0.3,2268,66,2,4,0,6005
223,2.9,1.7,28092,478,5,13,1,6007
685,0.6,0.1,972,51,1,1,1,6009
2430,0.0,0.0,0,0,0,0,0,6011
64,5.0,4.0,91167,1068,7,26,11,6013
353,2.1,1.1,4316,220,4,7,0,6015
512,1.3,0.6,5406,134,2,3,1,6017
189,3.2,2.1,48607,611,3,16,1,6019
2713,0.0,0.0,0,0,0,0,0,6021
356,2.1,1.1,12880,198,3,6,2,6023
948,0.1,0.0,803,3,0,0,0,6025
769,0.4,0.1,216,27,1,1,1,6027
202,3.1,1.9,26813,552,3,12,0,6029
219,3.0,0.8,9939,450,7,7,0,6031
414,1.8,0.9,3318,174,2,7,1,6033
600,0.9,0.4,1638,51,2,3,0,6035
28,6.8,8.0,321664,2608,8,46,6,6037
527,1.2,0.6,6065,101,2,2,0,6039
75,4.8,3.6,79497,1153,10,17,10,6041
764,0.4,0.1,7938,52,0,5,2,6043
447,1.6,0.8,6309,142,2,4,0,6045
287,2.4,1.5,11658,268,4,7,1,6047
804,0.3,0.1,100,8,0,0,0,6049
161,3.5,1.9,2830,1178,6,3,21,6051
119,4.2,2.4,33243,870,6,16,1,6053
176,3.3,2.0,21478,475,4,7,1,6055
520,1.2,0.5,5333,105,2,4,1,6057
110,4.2,2.7,172595,528,4,32,2,6059
368,2.0,0.9,22351,184,3,7,1,6061
663,0.7,0.2,859,45,1,2,0,6063
182,3.3,2.0,27262,589,3,13,1,6065
71,4.8,4.1,93403,729,6,22,2,6067
421,1.7,1.0,4149,110,2,3,0,6069
95,4.4,3.1,44660,1098,3,17,1,6071
54,5.3,5.1,82735,1358,4,19,3,6073
3,9.6,31.7,653730,11896,26,37,36,6075
214,3.0,1.8,33035,373,5,12,1,6077
264,2.6,0.9,13506,277,4,6,1,6079
37,6.1,6.5,183088,1411,8,27,10,6081
106,4.3,2.5,31301,718,5,10,3,6083
30,6.5,6.7,222227,1629,6,40,4,6085
69,4.8,4.1,33599,1269,6,15,2,6087
416,1.8,1.0,11633,168,3,6,0,6089
1708,0.0,0.0,0,0,0,0,0,6091
594,0.9,0.3,2647,63,2,3,0,6093
129,3.9,2.3,25574,597,5,12,3,6095
172,3.4,2.0,46795,430,7,21,2,6097
150,3.6,2.7,34836,540,4,13,0,6099
253,2.7,1.5,11554,277,2,6,0,6101
563,1.0,0.5,3041,76,3,3,0,6103
691,0.6,0.2,647,35,2,4,0,6105
123,4.1,2.5,29351,885,8,19,0,6107
495,1.3,0.6,2515,143,2,2,0,6109
168,3.4,2.0,33851,468,5,10,1,6111
85,4.6,3.6,77241,661,10,16,4,6113
299,2.4,1.3,7646,320,2,5,1,6115
87,4.5,3.2,93889,843,4,28,4,8001
2053,0.0,0.0,0,0,0,0,0,8003
44,5.8,5.7,110792,1244,4,30,4,8005
2084,0.0,0.0,0,0,0,0,0,8007
2109,0.0,0.0,0,0,0,0,0,8009
2154,0.0,0.0,0,0,0,0,0,8011
59,5.1,3.8,73569,1633,8,24,5,8013
2318,0.0,0.0,0,0,0,0,0,8015
2345,0.0,0.0,0,0,0,0,0,8017
866,0.2,0.0,0,26,1,0,0,8019
2438,0.0,0.0,0,0,0,0,0,8021
2449,0.0,0.0,0,0,0,0,0,8023
2477,0.0,0.0,0,0,0,0,0,8025
2487,0.0,0.0,0,0,0,0,0,8027
2528,0.0,0.0,0,0,0,0,0,8029
16,7.8,10.3,294829,3294,11,51,7,8031
2556,0.0,0.0,0,0,0,0,0,8033
347,2.1,1.5,26032,303,1,8,2,8035
240,2.8,0.7,15044,1298,8,10,5,8037
2587,0.0,0.0,0,0,0,0,0,8039
301,2.4,1.9,27790,334,2,9,0,8041
2664,0.0,0.0,0,0,0,0,0,8043
327,2.2,0.1,7240,604,2,4,4,8045
1054,0.0,0.0,0,0,0,0,1,8047
514,1.2,0.2,1613,485,3,3,3,8049
552,1.1,0.5,1705,71,1,1,3,8051
2868,0.0,0.0,0,0,0,0,0,8053
2898,0.0,0.0,0,0,0,0,1,8055
2934,0.0,0.0,0,0,0,0,0,8057
91,4.5,3.5,94547,766,4,27,3,8059
3032,0.0,0.0,0,0,0,0,0,8061
3035,0.0,0.0,0,0,0,0,0,8063
547,1.1,0.5,1131,64,1,2,1,8065
3079,0.0,0.0,0,0,0,0,1,8067
217,3.0,1.5,26579,610,4,10,1,8069
733,0.5,0.3,0,5,0,0,0,8071
3131,0.0,0.0,0,0,0,0,0,8073
1122,0.0,0.0,0,0,0,0,0,8075
320,2.3,1.2,15556,201,3,8,0,8077
1275,0.0,0.0,0,0,0,0,1,8079
1288,0.0,0.0,0,0,0,0,1,8081
1301,0.0,0.0,0,0,0,0,0,8083
1312,0.0,0.0,0,0,0,0,0,8085
775,0.4,0.2,0,2,0,0,0,8087
803,0.3,0.2,0,2,0,0,0,8089
1424,0.0,0.0,0,0,0,0,0,8091
1029,0.0,0.0,21,5,0,0,1,8093
1474,0.0,0.0,0,0,0,0,0,8095
80,4.7,0.0,13576,5293,13,10,16,8097
700,0.5,0.3,0,3,0,0,0,8099
333,2.2,1.2,19048,156,2,9,1,8101
1594,0.0,0.0,0,0,0,0,1,8103
1595,0.0,0.0,0,0,0,0,0,8105
1619,0.0,0.0,0,0,0,0,3,8107
1633,0.0,0.0,0,0,0,0,0,8109
1646,0.0,0.0,0,0,0,0,0,8111
1647,0.0,0.0,0,0,0,0,13,8113
1674,0.0,0.0,0,0,0,0,0,8115
273,2.5,1.1,6702,739,4,6,7,8117
1803,0.0,0.0,0,0,0,0,0,8119
1920,0.0,0.0,0,0,0,0,0,8121
483,1.4,0.8,13094,107,1,6,0,8123
2034,0.0,0.0,0,0,0,0,0,8125
90,4.5,4.0,67611,734,4,17,11,9001
82,4.6,2.8,93246,1835,5,23,3,9003
651,0.7,0.3,7559,53,1,3,1,9005
311,2.3,1.2,25612,205,3,16,1,9007
83,4.6,3.1,59527,1091,4,19,4,9009
406,1.8,1.0,9935,110,3,7,1,9011
474,1.4,0.5,12775,186,1,3,2,9013
708,0.5,0.3,1832,43,1,1,0,9015
365,2.0,0.9,10049,378,3,6,1,10001
98,4.4,2.5,72686,878,5,20,4,10003
523,1.2,0.5,3978,215,1,3,0,10005
5,9.3,23.3,658064,8095,25,50,37,11001
111,4.2,3.2,52308,1522,6,24,4,12001
2112,0.0,0.0,0,0,0,0,0,12003
443,1.6,0.8,8856,136,1,5,1,12005
2200,0.0,0.0,0,0,0,0,0,12007
377,1.9,0.9,12984,164,2,8,0,12009
63,5.0,3.5,116570,979,4,33,2,12011
2254,0.0,0.0,0,0,0,0,0,12013
1030,0.0,0.0,122,4,0,0,0,12015
679,0.6,0.2,1780,30,1,2,0,12017
843,0.3,0.1,1299,26,0,1,0,12019
389,1.9,0.9,19540,158,3,10,2,12021
2427,0.0,0.0,0,0,0,0,0,12023
2534,0.0,0.0,0,0,0,0,6,12027
2551,0.0,0.0,0,0,0,0,0,12029
135,3.8,2.3,54749,790,3,17,2,12031
291,2.4,1.3,27998,261,2,12,0,12033
2630,0.0,0.0,0,0,0,0,0,12035
2647,0.0,0.0,0,0,0,0,0,12037
2676,0.0,0.0,0,0,0,0,0,12039
2702,0.0,0.0,0,0,0,0,0,12041
2709,0.0,0.0,0,0,0,0,0,12043
2781,0.0,0.0,0,0,0,0,0,12045
2793,0.0,0.0,0,0,0,0,0,12047
2815,0.0,0.0,0,0,0,0,3,12049
2851,0.0,0.0,0,0,0,0,9,12051
458,1.5,0.7,7930,127,1,9,0,12053
986,0.1,0.1,0,1,0,0,2,12055
191,3.2,2.2,56792,662,3,13,1,12057
2874,0.0,0.0,0,0,0,0,0,12059
2915,0.0,0.0,0,0,0,0,0,12061
2935,0.0,0.0,0,0,0,0,0,12063
2961,0.0,0.0,0,0,0,0,0,12065
3054,0.0,0.0,0,0,0,0,0,12067
538,1.1,0.4,6815,96,1,4,0,12069
315,2.3,1.3,21139,261,2,10,0,12071
173,3.3,2.0,54342,773,4,15,1,12073
3117,0.0,0.0,0,0,0,0,0,12075
3125,0.0,0.0,0,0,0,0,5,12077
1157,0.0,0.0,0,0,0,0,0,12079
257,2.6,1.6,25342,307,2,13,0,12081
657,0.7,0.4,6019,68,1,3,0,12083
687,0.6,0.2,2904,44,1,1,0,12085
33,6.5,7.1,169478,1841,6,38,5,12086
445,1.6,0.8,4528,151,2,2,2,12087
985,0.1,0.0,40,9,0,0,0,12089
543,1.1,0.9,5578,81,1,2,0,12091
932,0.1,0.1,0,1,0,0,0,12093
118,4.2,3.6,152899,1038,4,32,2,12095
198,3.1,2.2,38378,584,3,18,1,12097
177,3.3,1.7,42790,457,2,15,2,12099
420,1.7,0.9,10794,131,2,10,0,12101
84,4.6,2.4,82372,763,4,30,1,12103
444,1.6,0.7,14933,143,2,8,0,12105
922,0.1,0.1,17,4,0,0,0,12107
614,0.8,0.3,7856,83,1,3,0,12109
595,0.9,0.4,3188,58,1,2,0,12111
1033,0.0,0.0,389,2,0,0,0,12113
170,3.4,2.1,35250,480,3,20,0,12115
281,2.5,2.0,32162,322,1,9,0,12117
1087,0.0,0.0,0,0,0,0,0,12119
1779,0.0,0.0,0,0,0,0,0,12121
1795,0.0,0.0,0,0,0,0,0,12123
1858,0.0,0.0,0,0,0,0,1,12125
230,2.9,1.7,20252,423,3,14,1,12127
1896,0.0,0.0,0,0,0,0,0,12129
1004,0.1,0.0,47,5,0,0,0,12131
1921,0.0,0.0,0,0,0,0,0,12133
2081,0.0,0.0,0,0,0,0,0,13001
2097,0.0,0.0,0,0,0,0,0,13003
2110,0.0,0.0,0,0,0,0,1,13005
2113,0.0,0.0,0,0,0,0,0,13007
2114,0.0,0.0,0,0,0,0,0,13009
2117,0.0,0.0,0,0,0,0,0,13011
2127,0.0,0.0,0,0,0,0,0,13013
1047,0.0,0.0,3960,4,0,0,0,13015
2151,0.0,0.0,0,0,0,0,0,13017
2161,0.0,0.0,0,0,0,0,0,13019
342,2.1,1.1,30609,158,2,18,1,13021
2176,0.0,0.0,0,0,0,0,0,13023
2204,0.0,0.0,0,0,0,0,1,13025
2215,0.0,0.0,0,0,0,0,0,13027
2226,0.0,0.0,0,0,0,0,0,13029
2232,0.0,0.0,0,0,0,0,1,13031
2234,0.0,0.0,0,0,0,0,0,13033
2247,0.0,0.0,0,0,0,0,0,13035
2255,0.0,0.0,0,0,0,0,0,13037
2265,0.0,0.0,0,0,0,0,0,13039
2275,0.0,0.0,0,0,0,0,0,13043
2284,0.0,0.0,0,0,0,0,0,13045
2312,0.0,0.0,0,0,0,0,0,13047
2326,0.0,0.0,0,0,0,0,0,13049
184,3.3,2.0,36749,471,3,16,2,13051
1063,0.0,0.0,0,0,0,0,0,13053
2329,0.0,0.0,0,0,0,0,0,13055
847,0.3,0.1,6360,16,0,1,0,13057
141,3.7,2.5,34713,1432,8,14,4,13059
2382,0.0,0.0,0,0,0,0,0,13061
163,3.4,1.9,60814,556,2,18,2,13063
2402,0.0,0.0,0,0,0,0,0,13065
398,1.8,0.7,38884,298,1,8,1,13067
2415,0.0,0.0,0,0,0,0,0,13069
2425,0.0,0.0,0,0,0,0,1,13071
988,0.1,0.0,324,3,0,0,0,13073
2441,0.0,0.0,0,0,0,0,0,13075
1038,0.0,0.0,788,5,0,0,0,13077
2460,0.0,0.0,0,0,0,0,0,13079
2470,0.0,0.0,0,0,0,0,0,13081
2493,0.0,0.0,0,0,0,0,0,13083
2508,0.0,0.0,0,0,0,0,0,13085
2516,0.0,0.0,0,0,0,0,0,13087
45,5.7,5.0,109867,1416,4,29,8,13089
2554,0.0,0.0,0,0,0,0,0,13091
2558,0.0,0.0,0,0,0,0,0,13093
325,2.2,1.2,19415,191,3,11,2,13095
738,0.4,0.1,32237,67,1,2,0,13097
2573,0.0,0.0,0,0,0,0,0,13099
2577,0.0,0.0,0,0,0,0,0,13101
2586,0.0,0.0,0,0,0,0,0,13103
2588,0.0,0.0,0,0,0,0,0,13105
2598,0.0,0.0,0,0,0,0,1,13107
2610,0.0,0.0,0,0,0,0,0,13109
2614,0.0,0.0,0,0,0,0,0,13111
962,0.1,0.0,2855,29,0,1,0,13113
2633,0.0,0.0,0,0,0,0,0,13115
982,0.1,0.0,1090,7,0,0,0,13117
2648,0.0,0.0,0,0,0,0,0,13119
48,5.6,6.4,171216,2329,8,26,8,13121
2707,0.0,0.0,0,0,0,0,0,13123
2711,0.0,0.0,0,0,0,0,0,13125
2715,0.0,0.0,0,0,0,0,0,13127
2723,0.0,0.0,0,0,0,0,0,13129
2727,0.0,0.0,0,0,0,0,0,13131
2758,0.0,0.0,0,0,0,0,0,13133
502,1.3,0.5,33970,160,1,7,1,13135
2784,0.0,0.0,0,0,0,0,0,13137
637,0.8,0.4,10155,49,1,3,0,13139
2801,0.0,0.0,0,0,0,0,1,13141
2814,0.0,0.0,0,0,0,0,0,13143
2832,0.0,0.0,0,0,0,0,0,13145
2838,0.0,0.0,0,0,0,0,0,13147
2847,0.0,0.0,0,0,0,0,0,13149
878,0.2,0.0,17286,27,0,1,1,13151
1064,0.0,0.0,75,1,0,0,0,13153
2924,0.0,0.0,0,0,0,0,0,13155
2936,0.0,0.0,0,0,0,0,0,13157
2951,0.0,0.0,0,0,0,0,0,13159
2958,0.0,0.0,0,0,0,0,0,13161
2962,0.0,0.0,0,0,0,0,0,13163
2977,0.0,0.0,0,0,0,0,0,13165
2986,0.0,0.0,0,0,0,0,0,13167
827,0.3,0.1,9284,31,1,5,0,13169
3068,0.0,0.0,0,0,0,0,0,13171
3078,0.0,0.0,0,0,0,0,0,13173
3088,0.0,0.0,0,0,0,0,0,13175
1028,0.0,0.0,629,4,0,0,0,13177
3126,0.0,0.0,0,0,0,0,0,13179
3132,0.0,0.0,0,0,0,0,0,13181
1129,0.0,0.0,0,0,0,0,0,13183
1138,0.0,0.0,0,0,0,0,0,13185
1142,0.0,0.0,0,0,0,0,0,13187
1225,0.0,0.0,0,0,0,0,0,13189
1227,0.0,0.0,0,0,0,0,0,13191
1153,0.0,0.0,0,0,0,0,0,13193
1158,0.0,0.0,0,0,0,0,0,13195
1181,0.0,0.0,0,0,0,0,1,13197
1262,0.0,0.0,0,0,0,0,0,13199
1271,0.0,0.0,0,0,0,0,1,13201
1283,0.0,0.0,0,0,0,0,0,13205
953,0.1,0.0,684,13,0,0,0,13207
1303,0.0,0.0,0,0,0,0,0,13209
1319,0.0,0.0,0,0,0,0,0,13211
1336,0.0,0.0,0,0,0,0,0,13213
336,2.2,1.2,28692,160,2,14,1,13215
1357,0.0,0.0,0,0,0,0,0,13217
975,0.1,0.0,766,21,0,1,0,13219
1393,0.0,0.0,0,0,0,0,0,13221
1000,0.1,0.0,545,13,0,0,0,13223
1449,0.0,0.0,0,0,0,0,1,13225
1479,0.0,0.0,0,0,0,0,0,13227
1481,0.0,0.0,0,0,0,0,0,13229
1485,0.0,0.0,0,0,0,0,0,13231
1505,0.0,0.0,0,0,0,0,0,13233
1540,0.0,0.0,0,0,0,0,0,13235
1545,0.0,0.0,0,0,0,0,0,13237
1552,0.0,0.0,0,0,0,0,0,13239
1553,0.0,0.0,0,0,0,0,0,13241
1558,0.0,0.0,0,0,0,0,0,13243
394,1.9,1.0,18191,162,1,6,1,13245
903,0.2,0.0,11078,23,1,1,1,13247
1654,0.0,0.0,0,0,0,0,0,13249
1671,0.0,0.0,0,0,0,0,0,13251
1675,0.0,0.0,0,0,0,0,0,13253
1726,0.0,0.0,0,0,0,0,0,13255
875,0.2,0.1,0,2,0,0,0,13257
1749,0.0,0.0,0,0,0,0,0,13259
1774,0.0,0.0,0,0,0,0,0,13261
1786,0.0,0.0,0,0,0,0,0,13263
1787,0.0,0.0,0,0,0,0,0,13265
1794,0.0,0.0,0,0,0,0,0,13267
1796,0.0,0.0,0,0,0,0,0,13269
1802,0.0,0.0,0,0,0,0,0,13271
1805,0.0,0.0,0,0,0,0,0,13273
1813,0.0,0.0,0,0,0,0,0,13275
1818,0.0,0.0,0,0,0,0,0,13277
1827,0.0,0.0,0,0,0,0,0,13279
1829,0.0,0.0,0,0,0,0,0,13281
1836,0.0,0.0,0,0,0,0,0,13283
1841,0.0,0.0,0,0,0,0,0,13285
1845,0.0,0.0,0,0,0,0,0,13287
1849,0.0,0.0,0,0,0,0,1,13289
1859,0.0,0.0,0,0,0,0,0,13291
1872,0.0,0.0,0,0,0,0,0,13293
956,0.1,0.0,1372,17,0,0,0,13295
1904,0.0,0.0,0,0,0,0,0,13297
1908,0.0,0.0,0,0,0,0,1,13299
1909,0.0,0.0,0,0,0,0,0,13301
1922,0.0,0.0,0,0,0,0,0,13303
869,0.2,0.1,0,2,0,0,0,13305
1953,0.0,0.0,0,0,0,0,0,13307
1970,0.0,0.0,0,0,0,0,0,13309
1974,0.0,0.0,0,0,0,0,0,13311
1979,0.0,0.0,0,0,0,0,0,13313
1985,0.0,0.0,0,0,0,0,0,13315
1986,0.0,0.0,0,0,0,0,0,13317
1989,0.0,0.0,0,0,0,0,0,13319
2012,0.0,0.0,0,0,0,0,0,13321
577,1.0,0.4,2819,119,2,2,1,15001
34,6.4,5.9,146342,2575,11,26,8,15003
3000,0.0,0.0,0,0,0,0,0,15005
3006,0.0,0.0,0,0,0,0,0,15007
346,2.1,1.1,5950,230,2,3,2,15009
326,2.2,1.2,46228,280,3,10,0,16001
2045,0.0,0.0,0,0,0,0,0,16003
245,2.7,1.5,19134,347,4,11,1,16005
2139,0.0,0.0,0,0,0,0,0,16007
863,0.2,0.0,223,37,0,1,0,16009
965,0.1,0.0,231,2,0,0,2,16011
407,1.8,0.8,7978,341,4,9,1,16013
2181,0.0,0.0,0,0,0,0,0,16015
910,0.2,0.1,0,2,0,0,0,16017
429,1.7,0.8,13047,175,2,4,3,16019
2193,0.0,0.0,0,0,0,0,0,16021
2245,0.0,0.0,0,0,0,0,1,16023
2264,0.0,0.0,0,0,0,0,0,16025
521,1.2,0.5,13859,124,2,4,0,16027
2280,0.0,0.0,0,0,0,0,0,16029
2308,0.0,0.0,0,0,0,0,0,16031
2371,0.0,0.0,0,0,0,0,0,16033
2396,0.0,0.0,0,0,0,0,0,16035
2488,0.0,0.0,0,0,0,0,1,16037
2597,0.0,0.0,0,0,0,0,0,16039
819,0.3,0.1,1697,12,0,1,0,16041
2666,0.0,0.0,0,0,0,0,1,16043
2694,0.0,0.0,0,0,0,0,0,16045
2722,0.0,0.0,0,0,0,0,0,16047
2913,0.0,0.0,0,0,0,0,0,16049
2964,0.0,0.0,0,0,0,0,2,16051
2980,0.0,0.0,0,0,0,0,0,16053
554,1.1,0.5,8579,77,1,3,0,16055
3083,0.0,0.0,0,0,0,0,0,16057
3110,0.0,0.0,0,0,0,0,0,16059
3119,0.0,0.0,0,0,0,0,0,16061
3133,0.0,0.0,0,0,0,0,1,16063
1160,0.0,0.0,0,0,0,0,0,16065
1279,0.0,0.0,0,0,0,0,0,16067
567,1.0,0.0,3777,7,0,1,0,16069
1401,0.0,0.0,0,0,0,0,0,16071
1429,0.0,0.0,0,0,0,0,0,16073
892,0.2,0.1,1143,34,1,0,0,16075
1528,0.0,0.0,0,0,0,0,0,16077
1706,0.0,0.0,0,0,0,0,0,16079
1807,0.0,0.0,0,0,0,0,1,16081
1850,0.0,0.0,0,0,0,0,0,16083
1876,0.0,0.0,0,0,0,0,0,16085
1924,0.0,0.0,0,0,0,0,0,16087
499,1.3,0.7,5599,109,2,2,0,17001
2059,0.0,0.0,0,0,0,0,0,17003
2184,0.0,0.0,0,0,0,0,0,17005
2187,0.0,0.0,0,0,0,0,0,17007
2217,0.0,0.0,0,0,0,0,0,17009
806,0.3,0.2,217,8,0,0,0,17011
2257,0.0,0.0,0,0,0,0,1,17013
2286,0.0,0.0,0,0,0,0,0,17015
2302,0.0,0.0,0,0,0,0,0,17017
50,5.4,5.3,46147,3720,11,19,6,17019
2360,0.0,0.0,0,0,0,0,0,17021
2372,0.0,0.0,0,0,0,0,0,17023
2384,0.0,0.0,0,0,0,0,1,17025
931,0.1,0.1,236,2,0,0,1,17027
789,0.3,0.2,57,5,0,0,0,17029
20,7.3,12.5,352561,3722,7,42,19,17031
2462,0.0,0.0,0,0,0,0,0,17033
2481,0.0,0.0,0,0,0,0,0,17035
422,1.7,1.1,4848,337,2,2,2,17037
2540,0.0,0.0,0,0,0,0,0,17039
2560,0.0,0.0,0,0,0,0,0,17041
171,3.4,2.3,71087,235,3,19,7,17043
2579,0.0,0.0,0,0,0,0,0,17045
2583,0.0,0.0,0,0,0,0,0,17047
760,0.4,0.3,140,4,0,0,0,17049
2622,0.0,0.0,0,0,0,0,1,17051
2639,0.0,0.0,0,0,0,0,0,17053
2650,0.0,0.0,0,0,0,0,0,17055
2671,0.0,0.0,0,0,0,0,0,17057
2680,0.0,0.0,0,0,0,0,0,17059
2760,0.0,0.0,0,0,0,0,0,17061
2776,0.0,0.0,0,0,0,0,0,17063
2795,0.0,0.0,0,0,0,0,2,17065
2803,0.0,0.0,0,0,0,0,0,17067
2819,0.0,0.0,0,0,0,0,0,17069
1076,0.0,0.0,0,0,0,0,0,17071
722,0.5,0.3,552,21,0,1,0,17073
1008,0.1,0.0,216,2,0,0,0,17075
384,1.9,1.0,7601,210,3,3,1,17077
2953,0.0,0.0,0,0,0,0,0,17079
2965,0.0,0.0,0,0,0,0,0,17081
2981,0.0,0.0,0,0,0,0,0,17083
1070,0.0,0.0,0,0,0,0,1,17085
2987,0.0,0.0,0,0,0,0,0,17087
248,2.7,1.8,27973,300,2,11,2,17089
276,2.5,1.5,9858,335,3,6,1,17091
921,0.1,0.1,131,2,0,0,3,17093
309,2.3,0.6,7833,152,2,5,0,17095
209,3.0,2.2,28367,274,2,12,4,17097
992,0.1,0.1,29,1,0,0,0,17099
3092,0.0,0.0,0,0,0,0,0,17101
3104,0.0,0.0,0,0,0,0,0,17103
641,0.7,0.5,205,12,0,0,0,17105
621,0.8,0.6,165,8,0,0,0,17107
267,2.6,1.6,4321,647,6,2,1,17109
461,1.5,1.0,9345,78,1,6,2,17111
138,3.7,2.8,36298,893,4,10,1,17113
227,2.9,1.7,17764,370,3,11,1,17115
888,0.2,0.1,2,5,0,0,0,17117
187,3.2,2.0,20477,551,3,12,1,17119
715,0.5,0.3,561,9,0,0,0,17121
1193,0.0,0.0,0,0,0,0,0,17123
1207,0.0,0.0,0,0,0,0,0,17125
1211,0.0,0.0,0,0,0,0,0,17127
1251,0.0,0.0,0,0,0,0,0,17129
1256,0.0,0.0,0,0,0,0,0,17131
570,1.0,0.3,4197,75,0,5,0,17133
1305,0.0,0.0,0,0,0,0,0,17135
1320,0.0,0.0,0,0,0,0,0,17137
1334,0.0,0.0,0,0,0,0,0,17139
1392,0.0,0.0,0,0,0,0,0,17141
237,2.8,1.9,34714,336,3,12,2,17143
747,0.4,0.3,0,8,0,0,0,17145
1476,0.0,0.0,0,0,0,0,0,17147
1486,0.0,0.0,0,0,0,0,0,17149
1516,0.0,0.0,0,0,0,0,1,17151
983,0.1,0.0,1036,10,0,0,0,17153
1546,0.0,0.0,0,0,0,0,0,17155
1559,0.0,0.0,0,0,0,0,0,17157
1586,0.0,0.0,0,0,0,0,0,17159
62,5.1,3.6,35640,1085,6,20,1,17161
61,5.1,3.8,31231,1510,3,16,4,17163
1635,0.0,0.0,0,0,0,0,0,17165
229,2.9,1.6,56685,293,4,12,1,17167
1657,0.0,0.0,0,0,0,0,0,17169
1663,0.0,0.0,0,0,0,0,0,17171
1690,0.0,0.0,0,0,0,0,0,17173
1735,0.0,0.0,0,0,0,0,0,17175
1744,0.0,0.0,0,0,0,0,0,17177
580,1.0,0.7,8740,64,1,2,0,17179
1860,0.0,0.0,0,0,0,0,0,17181
515,1.2,0.6,4631,172,3,3,0,17183
1891,0.0,0.0,0,0,0,0,0,17185
1910,0.0,0.0,0,0,0,0,0,17187
995,0.1,0.0,151,4,0,0,0,17189
1942,0.0,0.0,0,0,0,0,0,17191
1975,0.0,0.0,0,0,0,0,0,17193
1053,0.0,0.0,46,4,0,0,0,17195
425,1.7,1.0,15170,129,1,8,3,17197
1992,0.0,0.0,0,0,0,0,0,17199
288,2.4,1.4,38588,207,3,18,1,17201
2006,0.0,0.0,0,0,0,0,0,17203
2046,0.0,0.0,0,0,0,0,0,18001
349,2.1,1.2,23030,185,3,8,0,18003
2130,0.0,0.0,0,0,0,0,0,18005
2156,0.0,0.0,0,0,0,0,0,18007
2169,0.0,0.0,0,0,0,0,0,18009
2188,0.0,0.0,0,0,0,0,0,18011
2218,0.0,0.0,0,0,0,0,0,18013
2287,0.0,0.0,0,0,0,0,0,18015
2303,0.0,0.0,0,0,0,0,0,18017
396,1.8,1.0,41590,138,1,6,0,18019
2385,0.0,0.0,0,0,0,0,0,18021
2403,0.0,0.0,0,0,0,0,0,18023
2463,0.0,0.0,0,0,0,0,0,18025
2503,0.0,0.0,0,0,0,0,0,18027
2514,0.0,0.0,0,0,0,0,0,18029
2518,0.0,0.0,0,0,0,0,0,18031
967,0.1,0.1,22,2,0,0,0,18033
211,3.0,1.5,16631,502,3,9,1,18035
2565,0.0,0.0,0,0,0,0,0,18037
400,1.8,0.9,13441,193,1,6,0,18039
837,0.3,0.1,0,1,0,0,0,18041
494,1.3,0.7,25405,105,1,4,0,18043
2643,0.0,0.0,0,0,0,0,0,18045
2651,0.0,0.0,0,0,0,0,0,18047
2672,0.0,0.0,0,0,0,0,0,18049
2699,0.0,0.0,0,0,0,0,0,18051
2735,0.0,0.0,0,0,0,0,0,18053
2761,0.0,0.0,0,0,0,0,0,18055
1088,0.0,0.0,0,0,0,0,0,18057
2804,0.0,0.0,0,0,0,0,0,18059
2834,0.0,0.0,0,0,0,0,0,18061
880,0.2,0.1,2990,24,0,1,0,18063
2853,0.0,0.0,0,0,0,0,0,18065
2891,0.0,0.0,0,0,0,0,0,18067
2905,0.0,0.0,0,0,0,0,0,18069
2938,0.0,0.0,0,0,0,0,0,18071
916,0.2,0.1,0,1,0,0,0,18073
2957,0.0,0.0,0,0,0,0,0,18075
2966,0.0,0.0,0,0,0,0,0,18077
2978,0.0,0.0,0,0,0,0,0,18079
705,0.5,0.2,3230,62,0,1,0,18081
3039,0.0,0.0,0,0,0,0,0,18083
3048,0.0,0.0,0,0,0,0,0,18085
3058,0.0,0.0,0,0,0,0,0,18087
581,1.0,0.6,4812,58,1,2,2,18089
664,0.7,0.5,233,21,0,0,0,18091
3093,0.0,0.0,0,0,0,0,0,18093
1161,0.0,0.0,0,0,0,0,0,18095
72,4.8,2.5,107458,1486,3,22,1,18097
1194,0.0,0.0,0,0,0,0,0,18099
1202,0.0,0.0,0,0,0,0,0,18101
1265,0.0,0.0,0,0,0,0,0,18103
210,3.0,2.0,28219,462,5,8,4,18105
860,0.2,0.1,0,1,0,0,0,18107
1321,0.0,0.0,0,0,0,0,0,18109
1358,0.0,0.0,0,0,0,0,0,18111
1365,0.0,0.0,0,0,0,0,0,18113
1394,0.0,0.0,0,0,0,0,0,18115
1405,0.0,0.0,0,0,0,0,0,18117
1426,0.0,0.0,0,0,0,0,1,18119
1439,0.0,0.0,0,0,0,0,0,18121
1462,0.0,0.0,0,0,0,0,0,18123
1487,0.0,0.0,0,0,0,0,0,18125
635,0.8,0.4,4550,44,0,2,1,18127
1520,0.0,0.0,0,0,0,0,0,18129
1541,0.0,0.0,0,0,0,0,0,18131
1547,0.0,0.0,0,0,0,0,0,18133
1560,0.0,0.0,0,0,0,0,0,18135
1596,0.0,0.0,0,0,0,0,0,18137
1622,0.0,0.0,0,0,0,0,0,18139
212,3.0,1.8,26394,368,3,10,1,18141
1664,0.0,0.0,0,0,0,0,0,18143
1691,0.0,0.0,0,0,0,0,0,18145
1727,0.0,0.0,0,0,0,0,0,18147
1737,0.0,0.0,0,0,0,0,0,18149
1746,0.0,0.0,0,0,0,0,0,18151
1769,0.0,0.0,0,0,0,0,0,18153
1785,0.0,0.0,0,0,0,0,0,18155
112,4.2,3.3,35306,1130,5,13,3,18157
1821,0.0,0.0,0,0,0,0,0,18159
1861,0.0,0.0,0,0,0,0,0,18161
241,2.8,1.6,30068,281,3,9,1,18163
1885,0.0,0.0,0,0,0,0,0,18165
452,1.6,0.8,7424,133,2,3,1,18167
1892,0.0,0.0,0,0,0,0,0,18169
1911,0.0,0.0,0,0,0,0,0,18171
959,0.1,0.0,1728,8,0,0,0,18173
1925,0.0,0.0,0,0,0,0,0,18175
1943,0.0,0.0,0,0,0,0,0,18177
1960,0.0,0.0,0,0,0,0,0,18179
1976,0.0,0.0,0,0,0,0,0,18181
1980,0.0,0.0,0,0,0,0,0,18183
2041,0.0,0.0,0,0,0,0,0,19001
2044,0.0,0.0,0,0,0,0,0,19003
2062,0.0,0.0,0,0,0,0,0,19005
2080,0.0,0.0,0,0,0,0,0,19007
2101,0.0,0.0,0,0,0,0,0,19009
2155,0.0,0.0,0,0,0,0,0,19011
401,1.8,1.2,7132,221,3,2,0,19013
1081,0.0,0.0,0,0,0,0,0,19015
2209,0.0,0.0,0,0,0,0,0,19017
2227,0.0,0.0,0,0,0,0,0,19019
2229,0.0,0.0,0,0,0,0,0,19021
2241,0.0,0.0,0,0,0,0,0,19023
2256,0.0,0.0,0,0,0,0,0,19025
2285,0.0,0.0,0,0,0,0,0,19027
2301,0.0,0.0,0,0,0,0,0,19029
2315,0.0,0.0,0,0,0,0,0,19031
393,1.9,0.8,4827,187,2,3,0,19033
2335,0.0,0.0,0,0,0,0,0,19035
2348,0.0,0.0,0,0,0,0,0,19037
707,0.5,0.3,0,6,0,0,0,19039
2383,0.0,0.0,0,0,0,0,0,19041
2395,0.0,0.0,0,0,0,0,0,19043
378,1.9,0.9,5435,158,2,4,0,19045
2461,0.0,0.0,0,0,0,0,0,19047
601,0.9,0.4,25827,89,1,4,0,19049
2505,0.0,0.0,0,0,0,0,0,19051
2517,0.0,0.0,0,0,0,0,0,19053
2526,0.0,0.0,0,0,0,0,0,19055
475,1.4,0.1,8976,40,3,7,0,19057
2545,0.0,0.0,0,0,0,0,0,19059
204,3.1,1.2,20387,511,6,8,1,19061
2599,0.0,0.0,0,0,0,0,0,19063
2621,0.0,0.0,0,0,0,0,0,19065
2634,0.0,0.0,0,0,0,0,0,19067
2649,0.0,0.0,0,0,0,0,0,19069
2665,0.0,0.0,0,0,0,0,0,19071
2759,0.0,0.0,0,0,0,0,0,19073
2775,0.0,0.0,0,0,0,0,0,19075
2782,0.0,0.0,0,0,0,0,0,19077
2794,0.0,0.0,0,0,0,0,0,19079
2802,0.0,0.0,0,0,0,0,0,19081
2818,0.0,0.0,0,0,0,0,0,19083
2833,0.0,0.0,0,0,0,0,0,19085
800,0.3,0.2,0,3,0,0,0,19087
2890,0.0,0.0,0,0,0,0,0,19089
2901,0.0,0.0,0,0,0,0,0,19091
2912,0.0,0.0,0,0,0,0,0,19093
2918,0.0,0.0,0,0,0,0,0,19095
2937,0.0,0.0,0,0,0,0,0,19097
2952,0.0,0.0,0,0,0,0,0,19099
2963,0.0,0.0,0,0,0,0,0,19101
164,3.4,2.6,41759,765,9,13,6,19103
2993,0.0,0.0,0,0,0,0,0,19105
3016,0.0,0.0,0,0,0,0,0,19107
3049,0.0,0.0,0,0,0,0,0,19109
909,0.2,0.1,0,1,0,0,0,19111
283,2.5,1.3,34350,200,2,11,0,19113
1132,0.0,0.0,0,0,0,0,0,19115
1140,0.0,0.0,0,0,0,0,0,19117
1146,0.0,0.0,0,0,0,0,0,19119
1159,0.0,0.0,0,0,0,0,0,19121
625,0.8,0.0,2536,16,0,2,0,19123
1182,0.0,0.0,0,0,0,0,0,19125
497,1.3,0.0,7400,89,3,3,0,19127
1273,0.0,0.0,0,0,0,0,1,19129
1284,0.0,0.0,0,0,0,0,0,19131
1290,0.0,0.0,0,0,0,0,0,19133
1293,0.0,0.0,0,0,0,0,0,19135
1304,0.0,0.0,0,0,0,0,0,19137
391,1.9,0.0,7190,130,2,4,0,19139
1387,0.0,0.0,0,0,0,0,3,19141
1412,0.0,0.0,0,0,0,0,0,19143
1432,0.0,0.0,0,0,0,0,0,19145
1434,0.0,0.0,0,0,0,0,0,19147
1499,0.0,0.0,0,0,0,0,0,19149
1500,0.0,0.0,0,0,0,0,0,19151
183,3.3,1.9,84268,531,3,17,1,19153
438,1.6,0.8,23582,146,1,4,1,19155
1529,0.0,0.0,0,0,0,0,0,19157
1593,0.0,0.0,0,0,0,0,0,19159
1632,0.0,0.0,0,0,0,0,0,19161
338,2.2,2.3,13175,249,3,4,0,19163
1689,0.0,0.0,0,0,0,0,0,19165
1712,0.0,0.0,0,0,0,0,0,19167
115,4.2,3.2,20856,1223,7,9,5,19169
1791,0.0,0.0,0,0,0,0,0,19171
1797,0.0,0.0,0,0,0,0,0,19173
704,0.5,0.3,0,2,0,0,0,19175
1879,0.0,0.0,0,0,0,0,1,19177
857,0.2,0.1,0,1,0,0,0,19179
976,0.1,0.0,3935,3,0,1,0,19181
1923,0.0,0.0,0,0,0,0,0,19183
1941,0.0,0.0,0,0,0,0,0,19185
310,2.3,0.9,8910,248,5,6,0,19187
1996,0.0,0.0,0,0,0,0,0,19189
1997,0.0,0.0,0,0,0,0,0,19191
226,2.9,1.3,20795,248,3,10,1,19193
2013,0.0,0.0,0,0,0,0,0,19195
2016,0.0,0.0,0,0,0,0,0,19197
2064,0.0,0.0,0,0,0,0,0,20001
2072,0.0,0.0,0,0,0,0,0,20003
2095,0.0,0.0,0,0,0,0,0,20005
2120,0.0,0.0,0,0,0,0,0,20007
2131,0.0,0.0,0,0,0,0,0,20009
2194,0.0,0.0,0,0,0,0,0,20011
2219,0.0,0.0,0,0,0,0,0,20013
2242,0.0,0.0,0,0,0,0,0,20015
2327,0.0,0.0,0,0,0,0,1,20017
2330,0.0,0.0,0,0,0,0,0,20019
2336,0.0,0.0,0,0,0,0,0,20021
2346,0.0,0.0,0,0,0,0,0,20023
2373,0.0,0.0,0,0,0,0,0,20025
2386,0.0,0.0,0,0,0,0,0,20027
2408,0.0,0.0,0,0,0,0,0,20029
2417,0.0,0.0,0,0,0,0,0,20031
2432,0.0,0.0,0,0,0,0,0,20033
2455,0.0,0.0,0,0,0,0,0,20035
2464,0.0,0.0,0,0,0,0,0,20037
2519,0.0,0.0,0,0,0,0,0,20039
2546,0.0,0.0,0,0,0,0,0,20041
1014,0.1,0.0,0,0,1,0,0,20043
105,4.3,2.5,26769,1298,6,10,2,20045
2584,0.0,0.0,0,0,0,0,0,20047
2589,0.0,0.0,0,0,0,0,0,20049
2592,0.0,0.0,0,0,0,0,0,20051
2595,0.0,0.0,0,0,0,0,0,20053
851,0.2,0.1,0,1,0,0,0,20055
779,0.3,0.2,0,2,0,0,0,20057
2652,0.0,0.0,0,0,0,0,0,20059
2692,0.0,0.0,0,0,0,0,0,20061
2726,0.0,0.0,0,0,0,0,0,20063
2730,0.0,0.0,0,0,0,0,0,20065
2736,0.0,0.0,0,0,0,0,0,20067
2748,0.0,0.0,0,0,0,0,0,20069
2752,0.0,0.0,0,0,0,0,0,20071
2768,0.0,0.0,0,0,0,0,0,20073
2796,0.0,0.0,0,0,0,0,0,20075
2830,0.0,0.0,0,0,0,0,0,20077
762,0.4,0.2,0,2,0,0,0,20079
2841,0.0,0.0,0,0,0,0,0,20081
2872,0.0,0.0,0,0,0,0,0,20083
2939,0.0,0.0,0,0,0,0,0,20085
2967,0.0,0.0,0,0,0,0,0,20087
2982,0.0,0.0,0,0,0,0,0,20089
381,1.9,0.8,51483,177,2,11,0,20091
3009,0.0,0.0,0,0,0,0,0,20093
3028,0.0,0.0,0,0,0,0,0,20095
3033,0.0,0.0,0,0,0,0,0,20097
3050,0.0,0.0,0,0,0,0,0,20099
3076,0.0,0.0,0,0,0,0,0,20101
3101,0.0,0.0,0,0,0,0,0,20103
3134,0.0,0.0,0,0,0,0,0,20105
1111,0.0,0.0,0,0,0,0,0,20107
1123,0.0,0.0,0,0,0,0,0,20109
1147,0.0,0.0,0,0,0,0,0,20111
1238,0.0,0.0,0,0,0,0,0,20113
1183,0.0,0.0,0,0,0,0,0,20115
1195,0.0,0.0,0,0,0,0,0,20117
1241,0.0,0.0,0,0,0,0,0,20119
1266,0.0,0.0,0,0,0,0,0,20121
1285,0.0,0.0,0,0,0,0,0,20123
1306,0.0,0.0,0,0,0,0,0,20125
1328,0.0,0.0,0,0,0,0,0,20127
1332,0.0,0.0,0,0,0,0,0,20129
1346,0.0,0.0,0,0,0,0,0,20131
1348,0.0,0.0,0,0,0,0,0,20133
1350,0.0,0.0,0,0,0,0,0,20135
1380,0.0,0.0,0,0,0,0,0,20137
1409,0.0,0.0,0,0,0,0,0,20139
1411,0.0,0.0,0,0,0,0,0,20141
1419,0.0,0.0,0,0,0,0,0,20143
1445,0.0,0.0,0,0,0,0,0,20145
1475,0.0,0.0,0,0,0,0,0,20147
1521,0.0,0.0,0,0,0,0,0,20149
1533,0.0,0.0,0,0,0,0,0,20151
1567,0.0,0.0,0,0,0,0,0,20153
894,0.2,0.1,0,1,0,0,0,20155
1579,0.0,0.0,0,0,0,0,0,20157
1582,0.0,0.0,0,0,0,0,0,20159
1592,0.0,0.0,0,0,0,0,0,20161
1613,0.0,0.0,0,0,0,0,0,20163
1623,0.0,0.0,0,0,0,0,0,20165
1626,0.0,0.0,0,0,0,0,0,20167
236,2.8,1.6,10288,287,2,5,0,20169
1665,0.0,0.0,0,0,0,0,0,20171
345,2.1,1.2,34153,177,2,10,0,20173
1681,0.0,0.0,0,0,0,0,0,20175
277,2.5,1.3,38251,258,3,11,0,20177
1697,0.0,0.0,0,0,0,0,0,20179
1702,0.0,0.0,0,0,0,0,0,20181
1717,0.0,0.0,0,0,0,0,0,20183
1730,0.0,0.0,0,0,0,0,0,20185
1733,0.0,0.0,0,0,0,0,1,20187
1747,0.0,0.0,0,0,0,0,0,20189
1772,0.0,0.0,0,0,0,0,0,20191
1814,0.0,0.0,0,0,0,0,0,20193
1834,0.0,0.0,0,0,0,0,0,20195
1893,0.0,0.0,0,0,0,0,0,20197
1900,0.0,0.0,0,0,0,0,0,20199
1926,0.0,0.0,0,0,0,0,0,20201
1983,0.0,0.0,0,0,0,0,0,20203
1993,0.0,0.0,0,0,0,0,0,20205
2010,0.0,0.0,0,0,0,0,0,20207
169,3.4,2.1,53417,473,3,15,1,20209
2042,0.0,0.0,0,0,0,0,0,21001
2065,0.0,0.0,0,0,0,0,0,21003
2073,0.0,0.0,0,0,0,0,0,21005
2115,0.0,0.0,0,0,0,0,2,21007
2125,0.0,0.0,0,0,0,0,0,21009
2134,0.0,0.0,0,0,0,0,0,21011
2149,0.0,0.0,0,0,0,0,0,21013
471,1.5,0.7,25837,127,1,4,0,21015
2195,0.0,0.0,0,0,0,0,0,21017
419,1.7,1.0,11539,87,2,7,0,21019
678,0.6,0.0,2571,21,1,1,0,21021
2199,0.0,0.0,0,0,0,0,0,21023
2207,0.0,0.0,0,0,0,0,0,21025
2208,0.0,0.0,0,0,0,0,1,21027
773,0.4,0.1,3608,9,0,2,0,21029
2243,0.0,0.0,0,0,0,0,0,21031
2249,0.0,0.0,0,0,0,0,0,21033
2263,0.0,0.0,0,0,0,0,0,21035
157,3.5,2.4,73897,501,4,13,2,21037
2281,0.0,0.0,0,0,0,0,0,21039
2288,0.0,0.0,0,0,0,0,0,21041
2296,0.0,0.0,0,0,0,0,0,21043
2300,0.0,0.0,0,0,0,0,0,21045
1006,0.1,0.0,138,4,0,0,0,21047
2374,0.0,0.0,0,0,0,0,0,21049
2387,0.0,0.0,0,0,0,0,0,21051
2404,0.0,0.0,0,0,0,0,0,21053
2471,0.0,0.0,0,0,0,0,0,21055
2482,0.0,0.0,0,0,0,0,0,21057
334,2.2,1.3,17068,173,2,6,0,21059
2581,0.0,0.0,0,0,0,0,0,21061
2591,0.0,0.0,0,0,0,0,0,21063
2607,0.0,0.0,0,0,0,0,0,21065
137,3.8,2.0,52947,609,3,10,2,21067
2631,0.0,0.0,0,0,0,0,0,21069
2635,0.0,0.0,0,0,0,0,0,21071
2653,0.0,0.0,0,0,0,0,0,21073
883,0.2,0.1,0,2,0,0,0,21075
2681,0.0,0.0,0,0,0,0,0,21077
2689,0.0,0.0,0,0,0,0,0,21079
2737,0.0,0.0,0,0,0,0,0,21081
2747,0.0,0.0,0,0,0,0,0,21083
2750,0.0,0.0,0,0,0,0,0,21085
2754,0.0,0.0,0,0,0,0,0,21087
944,0.1,0.1,766,3,0,0,0,21089
2805,0.0,0.0,0,0,0,0,0,21091
2820,0.0,0.0,0,0,0,0,0,21093
2826,0.0,0.0,0,0,0,0,0,21095
2835,0.0,0.0,0,0,0,0,0,21097
2839,0.0,0.0,0,0,0,0,0,21099
440,1.6,1.3,5977,115,2,4,0,21101
2854,0.0,0.0,0,0,0,0,0,21103
2861,0.0,0.0,0,0,0,0,0,21105
2882,0.0,0.0,0,0,0,0,0,21107
2940,0.0,0.0,0,0,0,0,2,21109
108,4.3,2.9,99721,704,4,22,2,21111
645,0.7,0.0,2178,26,1,1,0,21113
2988,0.0,0.0,0,0,0,0,0,21115
192,3.2,2.3,74818,576,5,15,2,21117
3038,0.0,0.0,0,0,0,0,0,21119
3040,0.0,0.0,0,0,0,0,0,21121
3080,0.0,0.0,0,0,0,0,0,21123
3087,0.0,0.0,0,0,0,0,0,21125
3094,0.0,0.0,0,0,0,0,0,21127
3105,0.0,0.0,0,0,0,0,0,21129
3114,0.0,0.0,0,0,0,0,1,21131
3116,0.0,0.0,0,0,0,0,0,21133
3120,0.0,0.0,0,0,0,0,0,21135
3135,0.0,0.0,0,0,0,0,0,21137
1116,0.0,0.0,0,0,0,0,0,21139
1124,0.0,0.0,0,0,0,0,0,21141
1148,0.0,0.0,0,0,0,0,0,21143
541,1.1,0.6,9191,60,1,4,0,21145
1219,0.0,0.0,0,0,0,0,0,21147
1232,0.0,0.0,0,0,0,0,0,21149
1162,0.0,0.0,0,0,0,0,0,21151
1171,0.0,0.0,0,0,0,0,0,21153
1184,0.0,0.0,0,0,0,0,0,21155
1196,0.0,0.0,0,0,0,0,0,21157
1041,0.0,0.0,201,1,0,0,0,21159
940,0.1,0.1,0,0,0,0,0,21161
1242,0.0,0.0,0,0,0,0,0,21163
1253,0.0,0.0,0,0,0,0,1,21165
1257,0.0,0.0,0,0,0,0,0,21167
1264,0.0,0.0,0,0,0,0,0,21169
1294,0.0,0.0,0,0,0,0,0,21171
1307,0.0,0.0,0,0,0,0,0,21173
1322,0.0,0.0,0,0,0,0,0,21175
1335,0.0,0.0,0,0,0,0,0,21177
1344,0.0,0.0,0,0,0,0,0,21179
1361,0.0,0.0,0,0,0,0,1,21181
1395,0.0,0.0,0,0,0,0,0,21183
848,0.2,0.1,3687,13,0,0,0,21185
1427,0.0,0.0,0,0,0,0,0,21187
1428,0.0,0.0,0,0,0,0,0,21189
1454,0.0,0.0,0,0,0,0,0,21191
1463,0.0,0.0,0,0,0,0,0,21193
1048,0.0,0.0,127,1,0,0,0,21195
1526,0.0,0.0,0,0,0,0,0,21197
1542,0.0,0.0,0,0,0,0,0,21199
1603,0.0,0.0,0,0,0,0,0,21201
1606,0.0,0.0,0,0,0,0,0,21203
1620,0.0,0.0,0,0,0,0,1,21205
1627,0.0,0.0,0,0,0,0,0,21207
690,0.6,0.0,1033,27,0,1,0,21209
1692,0.0,0.0,0,0,0,0,0,21211
1710,0.0,0.0,0,0,0,0,0,21213
1728,0.0,0.0,0,0,0,0,0,21215
1798,0.0,0.0,0,0,0,0,0,21217
1825,0.0,0.0,0,0,0,0,0,21219
1837,0.0,0.0,0,0,0,0,0,21221
1838,0.0,0.0,0,0,0,0,0,21223
1862,0.0,0.0,0,0,0,0,0,21225
526,1.2,0.6,11293,69,2,3,0,21227
1927,0.0,0.0,0,0,0,0,1,21229
1944,0.0,0.0,0,0,0,0,0,21231
1954,0.0,0.0,0,0,0,0,0,21233
1981,0.0,0.0,0,0,0,0,0,21235
2004,0.0,0.0,0,0,0,0,0,21237
2007,0.0,0.0,0,0,0,0,0,21239
2039,0.0,0.0,0,0,0,0,0,22001
2067,0.0,0.0,0,0,0,0,0,22003
2089,0.0,0.0,0,0,0,0,0,22005
2093,0.0,0.0,0,0,0,0,0,22007
2108,0.0,0.0,0,0,0,0,0,22009
2140,0.0,0.0,0,0,0,0,0,22011
2164,0.0,0.0,0,0,0,0,0,22013
599,0.9,0.4,35472,49,1,20,0,22015
238,2.8,1.5,68917,284,2,39,1,22017
597,0.9,0.5,7174,40,1,2,0,22019
2252,0.0,0.0,0,0,0,0,0,22021
2269,0.0,0.0,0,0,0,0,0,22023
2311,0.0,0.0,0,0,0,0,0,22025
2367,0.0,0.0,0,0,0,0,0,22027
2436,0.0,0.0,0,0,0,0,0,22029
2535,0.0,0.0,0,0,0,0,0,22031
196,3.2,1.9,48624,466,3,14,1,22033
2574,0.0,0.0,0,0,0,0,0,22035
2575,0.0,0.0,0,0,0,0,0,22037
2609,0.0,0.0,0,0,0,0,0,22039
2661,0.0,0.0,0,0,0,0,0,22041
2744,0.0,0.0,0,0,0,0,0,22043
912,0.2,0.1,49,0,0,0,0,22045
2911,0.0,0.0,0,0,0,0,0,22047
2950,0.0,0.0,0,0,0,0,0,22049
243,2.7,1.6,82208,193,2,16,1,22051
2976,0.0,0.0,0,0,0,0,0,22053
380,1.9,1.1,31344,173,2,10,0,22055
699,0.5,0.3,3546,26,0,2,0,22057
3082,0.0,0.0,0,0,0,0,1,22059
1110,0.0,0.0,0,0,0,0,0,22061
1119,0.0,0.0,0,0,0,0,0,22063
1170,0.0,0.0,0,0,0,0,0,22065
1317,0.0,0.0,0,0,0,0,0,22067
1342,0.0,0.0,0,0,0,0,0,22069
19,7.4,9.1,124481,1737,6,29,7,22071
476,1.4,0.8,19832,106,2,10,1,22073
946,0.1,0.0,3150,55,0,1,0,22075
1503,0.0,0.0,0,0,0,0,0,22077
1564,0.0,0.0,0,0,0,0,1,22079
1573,0.0,0.0,0,0,0,0,0,22081
1590,0.0,0.0,0,0,0,0,0,22083
1631,0.0,0.0,0,0,0,0,0,22085
404,1.8,0.8,6429,195,1,2,1,22087
1096,0.0,0.0,0,0,0,0,0,22089
1753,0.0,0.0,0,0,0,0,0,22091
1755,0.0,0.0,0,0,0,0,0,22093
1756,0.0,0.0,0,0,0,0,0,22095
1758,0.0,0.0,0,0,0,0,0,22097
1759,0.0,0.0,0,0,0,0,0,22099
1760,0.0,0.0,0,0,0,0,0,22101
1034,0.0,0.0,12,0,0,0,0,22103
997,0.1,0.0,0,0,0,0,0,22105
1804,0.0,0.0,0,0,0,0,0,22107
446,1.6,0.8,14277,109,1,6,0,22109
1869,0.0,0.0,0,0,0,0,0,22111
1884,0.0,0.0,0,0,0,0,0,22113
1888,0.0,0.0,0,0,0,0,0,22115
1935,0.0,0.0,0,0,0,0,0,22117
1959,0.0,0.0,0,0,0,0,0,22119
1100,0.0,0.0,0,0,0,0,0,22121
1962,0.0,0.0,0,0,0,0,0,22123
1963,0.0,0.0,0,0,0,0,0,22125
1998,0.0,0.0,0,0,0,0,1,22127
530,1.2,0.6,7491,102,2,2,0,23001
2087,0.0,0.0,0,0,0,0,0,23003
260,2.6,1.4,33046,486,3,9,1,23005
2654,0.0,0.0,0,0,0,0,0,23007
2806,0.0,0.0,0,0,0,0,0,23009
648,0.7,0.3,6829,46,1,3,0,23011
3041,0.0,0.0,0,0,0,0,0,23013
3136,0.0,0.0,0,0,0,0,0,23015
1430,0.0,0.0,0,0,0,0,0,23017
532,1.2,0.6,12074,98,2,6,0,23019
1492,0.0,0.0,0,0,0,0,0,23021
1021,0.1,0.0,0,0,0,0,0,23023
984,0.1,0.0,579,2,0,0,0,23025
1897,0.0,0.0,0,0,0,0,0,23027
1928,0.0,0.0,0,0,0,0,0,23029
632,0.8,0.4,6026,46,1,2,0,23031
417,1.8,0.9,12591,136,3,11,0,24001
297,2.4,2.1,45956,384,2,9,3,24003
100,4.4,5.0,83893,902,3,16,5,24005
534,1.2,0.6,2992,120,2,4,3,24009
688,0.6,0.2,2362,23,1,2,0,24011
741,0.4,0.2,1907,17,1,1,0,24013
579,1.0,0.5,6217,83,1,5,1,24015
323,2.3,1.3,9703,301,4,10,6,24017
468,1.5,0.6,3999,133,3,4,0,24019
379,1.9,1.1,38610,181,4,9,3,24021
1078,0.0,0.0,4,0,0,0,0,24023
456,1.6,0.9,12715,112,2,6,1,24025
228,2.9,1.7,135489,368,4,21,4,24027
736,0.4,0.2,1003,17,0,1,2,24029
24,6.9,8.6,228284,3054,10,48,16,24031
42,5.9,6.4,110582,1709,7,32,16,24033
634,0.8,0.3,4637,95,3,2,2,24035
457,1.6,0.6,7554,274,3,6,2,24037
545,1.1,0.5,3182,138,2,3,0,24039
506,1.3,0.6,7856,111,4,4,1,24041
544,1.1,0.5,4113,141,2,1,1,24043
517,1.2,0.5,7332,116,2,2,0,24045
431,1.7,1.2,3621,190,2,3,2,24047
14,8.4,17.0,289911,3930,11,49,18,24510
516,1.2,0.7,3110,129,2,2,1,25001
439,1.6,0.7,6275,174,2,2,1,25003
298,2.4,2.1,20935,212,3,8,2,25005
148,3.6,2.5,2851,1048,5,6,4,25007
132,3.8,2.9,44523,563,4,11,6,25009
491,1.4,0.7,5860,136,2,3,1,25011
94,4.4,2.5,54176,1269,4,14,2,25013
250,2.7,1.6,18332,750,3,7,3,25015
51,5.3,6.8,230700,1864,6,23,12,25017
127,4.0,4.0,3470,592,3,5,1,25019
66,4.9,6.8,159808,1353,3,22,15,25021
318,2.3,1.6,15902,292,2,6,5,25023
6,9.2,23.7,614647,7663,15,46,33,25025
306,2.3,1.2,23913,355,3,6,1,25027
2055,0.0,0.0,0,0,0,0,0,26001
2061,0.0,0.0,0,0,0,0,2,26003
877,0.2,0.1,1741,15,0,1,0,26005
2068,0.0,0.0,0,0,0,0,0,26007
2079,0.0,0.0,0,0,0,0,0,26009
854,0.2,0.1,2264,14,0,4,0,26011
2119,0.0,0.0,0,0,0,0,0,26013
2128,0.0,0.0,0,0,0,0,0,26015
233,2.8,1.6,20793,309,3,27,0,26017
2160,0.0,0.0,0,0,0,0,1,26019
896,0.2,0.1,55,2,0,0,0,26021
2203,0.0,0.0,0,0,0,0,0,26023
437,1.6,1.0,10586,136,2,6,0,26025
862,0.2,0.2,381,3,0,0,0,26027
2324,0.0,0.0,0,0,0,0,0,26029
2332,0.0,0.0,0,0,0,0,1,26031
2353,0.0,0.0,0,0,0,0,0,26033
2368,0.0,0.0,0,0,0,0,1,26035
742,0.4,0.2,6889,94,0,2,1,26037
2465,0.0,0.0,0,0,0,0,0,26039
2529,0.0,0.0,0,0,0,0,0,26041
2547,0.0,0.0,0,0,0,0,0,26043
622,0.8,0.4,15728,93,0,3,1,26045
2600,0.0,0.0,0,0,0,0,0,26047
382,1.9,1.2,13581,252,1,9,1,26049
2710,0.0,0.0,0,0,0,0,0,26051
2716,0.0,0.0,0,0,0,0,0,26053
361,2.1,1.1,10476,447,2,4,1,26055
2746,0.0,0.0,0,0,0,0,0,26057
2867,0.0,0.0,0,0,0,0,0,26059
2885,0.0,0.0,0,0,0,0,0,26061
2906,0.0,0.0,0,0,0,0,0,26063
103,4.3,2.8,69396,878,4,18,3,26065
2916,0.0,0.0,0,0,0,0,0,26067
2917,0.0,0.0,0,0,0,0,0,26069
2921,0.0,0.0,0,0,0,0,0,26071
2925,0.0,0.0,0,0,0,0,1,26073
575,1.0,0.5,2802,91,1,1,0,26075
251,2.7,1.3,24528,293,3,9,1,26077
3001,0.0,0.0,0,0,0,0,0,26079
140,3.7,2.7,58890,990,3,16,2,26081
3019,0.0,0.0,0,0,0,0,0,26083
3060,0.0,0.0,0,0,0,0,0,26085
969,0.1,0.1,31,1,0,0,0,26087
712,0.5,0.1,3393,75,1,1,0,26089
3111,0.0,0.0,0,0,0,0,0,26091
1117,0.0,0.0,0,0,0,0,0,26093
1141,0.0,0.0,0,0,0,0,0,26095
1151,0.0,0.0,0,0,0,0,2,26097
274,2.5,1.5,52595,284,2,23,0,26099
1174,0.0,0.0,0,0,0,0,0,26101
492,1.4,0.6,3311,137,2,2,0,26103
1208,0.0,0.0,0,0,0,0,0,26105
978,0.1,0.0,12,6,0,0,0,26107
1254,0.0,0.0,0,0,0,0,0,26109
832,0.3,0.1,2970,19,0,3,0,26111
1280,0.0,0.0,0,0,0,0,0,26113
616,0.8,0.4,3359,94,1,2,1,26115
1300,0.0,0.0,0,0,0,0,0,26117
1310,0.0,0.0,0,0,0,0,0,26119
486,1.4,0.7,5672,111,2,5,0,26121
1352,0.0,0.0,0,0,0,0,0,26123
367,2.0,1.2,63852,263,2,17,0,26125
1388,0.0,0.0,0,0,0,0,0,26127
1391,0.0,0.0,0,0,0,0,0,26129
1403,0.0,0.0,0,0,0,0,0,26131
1413,0.0,0.0,0,0,0,0,0,26133
1414,0.0,0.0,0,0,0,0,0,26135
1417,0.0,0.0,0,0,0,0,0,26137
551,1.1,0.6,7575,234,1,3,0,26139
1537,0.0,0.0,0,0,0,0,0,26141
1615,0.0,0.0,0,0,0,0,0,26143
403,1.8,1.1,14963,219,2,7,0,26145
490,1.4,0.8,4883,151,1,3,0,26147
1757,0.0,0.0,0,0,0,0,0,26149
1644,0.0,0.0,0,0,0,0,0,26151
1656,0.0,0.0,0,0,0,0,1,26153
999,0.1,0.0,26,1,0,0,0,26155
1848,0.0,0.0,0,0,0,0,0,26157
1043,0.0,0.0,0,1,0,0,0,26159
70,4.8,3.1,61656,2282,6,15,5,26161
121,4.1,3.1,93998,918,4,36,3,26163
1967,0.0,0.0,0,0,0,0,0,26165
2052,0.0,0.0,0,0,0,0,0,27001
284,2.4,1.8,46945,258,2,12,3,27003
805,0.3,0.2,0,4,0,0,0,27005
2150,0.0,0.0,0,0,0,0,2,27007
303,2.4,1.4,26180,257,3,9,1,27009
2167,0.0,0.0,0,0,0,0,0,27011
2180,0.0,0.0,0,0,0,0,1,27013
2220,0.0,0.0,0,0,0,0,0,27015
2282,0.0,0.0,0,0,0,0,0,27017
669,0.6,0.3,10438,49,1,1,2,27019
2304,0.0,0.0,0,0,0,0,0,27021
2354,0.0,0.0,0,0,0,0,1,27023
1050,0.0,0.0,0,1,0,0,1,27025
203,3.1,1.7,17640,500,3,7,1,27027
2397,0.0,0.0,0,0,0,0,0,27029
2442,0.0,0.0,0,0,0,0,1,27031
2452,0.0,0.0,0,0,0,0,0,27033
2478,0.0,0.0,0,0,0,0,0,27035
225,2.9,2.4,61951,390,3,12,3,27037
701,0.5,0.2,10111,12,1,1,1,27039
2561,0.0,0.0,0,0,0,0,0,27041
2616,0.0,0.0,0,0,0,0,0,27043
849,0.2,0.1,3094,12,0,0,2,27045
2662,0.0,0.0,0,0,0,0,0,27047
783,0.3,0.2,3281,6,0,0,1,27049
2738,0.0,0.0,0,0,0,0,0,27051
49,5.5,6.3,199848,1996,9,34,7,27053
754,0.4,0.2,1680,11,0,0,0,27055
2896,0.0,0.0,0,0,0,0,0,27057
2926,0.0,0.0,0,0,0,0,1,27059
2928,0.0,0.0,0,0,0,0,0,27061
2941,0.0,0.0,0,0,0,0,0,27063
3002,0.0,0.0,0,0,0,0,0,27065
3003,0.0,0.0,0,0,0,0,0,27067
3036,0.0,0.0,0,0,0,0,1,27069
3047,0.0,0.0,0,0,0,0,1,27071
3052,0.0,0.0,0,0,0,0,0,27073
3061,0.0,0.0,0,0,0,0,0,27075
3066,0.0,0.0,0,0,0,0,0,27077
3115,0.0,0.0,0,0,0,0,0,27079
3137,0.0,0.0,0,0,0,0,0,27081
1149,0.0,0.0,0,0,0,0,0,27083
1234,0.0,0.0,0,0,0,0,0,27085
1172,0.0,0.0,0,0,0,0,1,27087
1197,0.0,0.0,0,0,0,0,0,27089
1203,0.0,0.0,0,0,0,0,1,27091
1247,0.0,0.0,0,0,0,0,0,27093
1270,0.0,0.0,0,0,0,0,0,27095
1330,0.0,0.0,0,0,0,0,0,27097
887,0.2,0.1,302,7,0,0,1,27099
1337,0.0,0.0,0,0,0,0,0,27101
1363,0.0,0.0,0,0,0,0,0,27103
1368,0.0,0.0,0,0,0,0,0,27105
1372,0.0,0.0,0,0,0,0,0,27107
745,0.4,1.7,9571,28,3,1,5,27109
1422,0.0,0.0,0,0,0,0,0,27111
1456,0.0,0.0,0,0,0,0,0,27113
1490,0.0,0.0,0,0,0,0,0,27115
1491,0.0,0.0,0,0,0,0,0,27117
668,0.6,0.4,3433,46,1,2,0,27119
1517,0.0,0.0,0,0,0,0,0,27121
40,6.0,6.8,191877,1657,6,34,7,27123
1571,0.0,0.0,0,0,0,0,0,27125
1574,0.0,0.0,0,0,0,0,0,27127
1577,0.0,0.0,0,0,0,0,0,27129
1583,0.0,0.0,0,0,0,0,0,27131
1607,0.0,0.0,0,0,0,0,0,27133
1616,0.0,0.0,0,0,0,0,0,27135
293,2.4,1.6,20672,470,3,9,2,27137
522,1.2,0.8,8611,164,1,3,1,27139
655,0.7,0.4,4545,78,1,2,1,27141
1707,0.0,0.0,0,0,0,0,0,27143
351,2.1,1.3,23403,333,3,8,1,27145
1001,0.1,0.0,23,1,0,0,1,27147
1748,0.0,0.0,0,0,0,0,1,27149
1783,0.0,0.0,0,0,0,0,0,27151
924,0.1,0.1,0,3,0,0,0,27153
1832,0.0,0.0,0,0,0,0,0,27155
709,0.5,0.1,2340,20,0,1,1,27157
1082,0.0,0.0,0,0,0,0,0,27159
1916,0.0,0.0,0,0,0,0,0,27161
549,1.1,0.6,16928,81,1,5,2,27163
1938,0.0,0.0,0,0,0,0,0,27165
1988,0.0,0.0,0,0,0,0,1,27167
716,0.5,0.3,211,11,0,0,2,27169
1058,0.0,0.0,0,0,0,0,0,27171
2029,0.0,0.0,0,0,0,0,0,27173
2047,0.0,0.0,0,0,0,0,0,28001
2056,0.0,0.0,0,0,0,0,0,28003
2071,0.0,0.0,0,0,0,0,2,28005
2099,0.0,0.0,0,0,0,0,0,28007
2158,0.0,0.0,0,0,0,0,0,28009
2182,0.0,0.0,0,0,0,0,0,28011
2258,0.0,0.0,0,0,0,0,0,28013
2290,0.0,0.0,0,0,0,0,0,28015
2349,0.0,0.0,0,0,0,0,0,28017
2356,0.0,0.0,0,0,0,0,0,28019
2365,0.0,0.0,0,0,0,0,0,28021
2378,0.0,0.0,0,0,0,0,0,28023
2388,0.0,0.0,0,0,0,0,0,28025
2409,0.0,0.0,0,0,0,0,0,28027
905,0.2,0.1,48,2,0,0,0,28029
2454,0.0,0.0,0,0,0,0,0,28031
1039,0.0,0.0,590,1,0,0,0,28033
503,1.3,0.7,8014,66,1,4,0,28035
2655,0.0,0.0,0,0,0,0,0,28037
2698,0.0,0.0,0,0,0,0,1,28039
2762,0.0,0.0,0,0,0,0,0,28041
2772,0.0,0.0,0,0,0,0,0,28043
2807,0.0,0.0,0,0,0,0,0,28045
435,1.6,0.9,15328,148,1,7,0,28047
388,1.9,0.9,18592,171,2,5,0,28049
2875,0.0,0.0,0,0,0,0,1,28051
2902,0.0,0.0,0,0,0,0,0,28053
2927,0.0,0.0,0,0,0,0,0,28055
2929,0.0,0.0,0,0,0,0,0,28057
778,0.4,0.2,3577,21,0,1,0,28059
2954,0.0,0.0,0,0,0,0,0,28061
2968,0.0,0.0,0,0,0,0,0,28063
2975,0.0,0.0,0,0,0,0,1,28065
958,0.1,0.1,0,1,0,0,0,28067
3011,0.0,0.0,0,0,0,0,0,28069
3056,0.0,0.0,0,0,0,0,0,28071
795,0.3,0.1,3222,14,0,1,0,28073
991,0.1,0.1,0,0,0,0,0,28075
3096,0.0,0.0,0,0,0,0,0,28077
3100,0.0,0.0,0,0,0,0,0,28079
3106,0.0,0.0,0,0,0,0,0,28081
755,0.4,0.3,0,2,0,0,0,28083
861,0.2,0.1,430,2,0,0,0,28085
1139,0.0,0.0,0,0,0,0,0,28087
955,0.1,0.0,554,7,0,0,0,28089
1186,0.0,0.0,0,0,0,0,0,28091
1198,0.0,0.0,0,0,0,0,0,28093
1296,0.0,0.0,0,0,0,0,0,28095
1308,0.0,0.0,0,0,0,0,0,28097
1349,0.0,0.0,0,0,0,0,0,28099
1359,0.0,0.0,0,0,0,0,0,28101
1383,0.0,0.0,0,0,0,0,0,28103
1398,0.0,0.0,0,0,0,0,0,28105
1436,0.0,0.0,0,0,0,0,0,28107
943,0.1,0.1,42,1,0,0,0,28109
1465,0.0,0.0,0,0,0,0,0,28111
852,0.2,0.1,38,2,0,0,0,28113
1513,0.0,0.0,0,0,0,0,0,28115
1535,0.0,0.0,0,0,0,0,0,28117
802,0.3,0.0,0,4,0,0,0,28119
1071,0.0,0.0,716,2,0,0,0,28121
1667,0.0,0.0,0,0,0,0,0,28123
1685,0.0,0.0,0,0,0,0,2,28125
1711,0.0,0.0,0,0,0,0,0,28127
1718,0.0,0.0,0,0,0,0,0,28129
1764,0.0,0.0,0,0,0,0,0,28131
1775,0.0,0.0,0,0,0,0,0,28133
1789,0.0,0.0,0,0,0,0,0,28135
1793,0.0,0.0,0,0,0,0,0,28137
1820,0.0,0.0,0,0,0,0,0,28139
1823,0.0,0.0,0,0,0,0,0,28141
1844,0.0,0.0,0,0,0,0,0,28143
1863,0.0,0.0,0,0,0,0,0,28145
1903,0.0,0.0,0,0,0,0,0,28147
1912,0.0,0.0,0,0,0,0,0,28149
1930,0.0,0.0,0,0,0,0,0,28151
1946,0.0,0.0,0,0,0,0,1,28153
1956,0.0,0.0,0,0,0,0,0,28155
1990,0.0,0.0,0,0,0,0,0,28157
2000,0.0,0.0,0,0,0,0,0,28159
2024,0.0,0.0,0,0,0,0,0,28161
808,0.3,0.2,0,2,0,0,0,28163
1074,0.0,0.0,0,0,0,0,0,29001
801,0.3,0.1,1769,31,0,1,0,29003
2096,0.0,0.0,0,0,0,0,0,29005
2100,0.0,0.0,0,0,0,0,0,29007
2129,0.0,0.0,0,0,0,0,0,29009
2132,0.0,0.0,0,0,0,0,0,29011
2133,0.0,0.0,0,0,0,0,0,29013
2157,0.0,0.0,0,0,0,0,0,29015
2183,0.0,0.0,0,0,0,0,1,29017
279,2.5,1.3,33230,287,2,11,1,29019
201,3.1,1.8,18523,337,3,11,0,29021
889,0.2,0.1,0,2,0,0,0,29023
2250,0.0,0.0,0,0,0,0,0,29025
1067,0.0,0.0,0,0,0,0,0,29027
2266,0.0,0.0,0,0,0,0,0,29029
2277,0.0,0.0,0,0,0,0,0,29031
2289,0.0,0.0,0,0,0,0,0,29033
2297,0.0,0.0,0,0,0,0,0,29035
2305,0.0,0.0,0,0,0,0,0,29037
2316,0.0,0.0,0,0,0,0,0,29039
2321,0.0,0.0,0,0,0,0,0,29041
2361,0.0,0.0,0,0,0,0,0,29043
2375,0.0,0.0,0,0,0,0,0,29045
409,1.8,0.9,42339,188,2,11,0,29047
2405,0.0,0.0,0,0,0,0,0,29049
410,1.8,1.0,15941,117,2,5,0,29051
2443,0.0,0.0,0,0,0,0,0,29053
2466,0.0,0.0,0,0,0,0,0,29055
2494,0.0,0.0,0,0,0,0,0,29057
2499,0.0,0.0,0,0,0,0,0,29059
2504,0.0,0.0,0,0,0,0,0,29061
2524,0.0,0.0,0,0,0,0,0,29063
2532,0.0,0.0,0,0,0,0,0,29065
2562,0.0,0.0,0,0,0,0,0,29067
2568,0.0,0.0,0,0,0,0,0,29069
971,0.1,0.1,7,1,0,0,0,29071
895,0.2,0.1,143,5,0,0,0,29073
2697,0.0,0.0,0,0,0,0,0,29075
263,2.6,1.5,37377,309,2,11,0,29077
2777,0.0,0.0,0,0,0,0,1,29079
2836,0.0,0.0,0,0,0,0,0,29081
2855,0.0,0.0,0,0,0,0,0,29083
2863,0.0,0.0,0,0,0,0,0,29085
2877,0.0,0.0,0,0,0,0,0,29087
2892,0.0,0.0,0,0,0,0,0,29089
2895,0.0,0.0,0,0,0,0,0,29091
858,0.2,0.0,0,7,0,0,0,29093
155,3.5,2.9,71586,865,4,20,2,29095
656,0.7,0.3,3020,33,1,1,0,29097
702,0.5,0.2,2033,25,1,1,0,29099
791,0.3,0.2,72,3,0,0,0,29101
3042,0.0,0.0,0,0,0,0,0,29103
3051,0.0,0.0,0,0,0,0,0,29105
3055,0.0,0.0,0,0,0,0,0,29107
3095,0.0,0.0,0,0,0,0,0,29109
3121,0.0,0.0,0,0,0,0,0,29111
3138,0.0,0.0,0,0,0,0,0,29113
1112,0.0,0.0,0,0,0,0,0,29115
1118,0.0,0.0,0,0,0,0,0,29117
1222,0.0,0.0,0,0,0,0,0,29119
990,0.1,0.0,0,1,0,0,0,29121
1163,0.0,0.0,0,0,0,0,0,29123
1177,0.0,0.0,0,0,0,0,0,29125
1185,0.0,0.0,0,0,0,0,0,29127
1258,0.0,0.0,0,0,0,0,1,29129
1272,0.0,0.0,0,0,0,0,0,29131
1282,0.0,0.0,0,0,0,0,0,29133
1289,0.0,0.0,0,0,0,0,0,29135
1295,0.0,0.0,0,0,0,0,0,29137
1062,0.0,0.0,0,0,0,0,0,29139
1323,0.0,0.0,0,0,0,0,0,29141
1355,0.0,0.0,0,0,0,0,0,29143
886,0.2,0.1,1161,12,0,0,0,29145
1369,0.0,0.0,0,0,0,0,0,29147
1407,0.0,0.0,0,0,0,0,2,29149
1410,0.0,0.0,0,0,0,0,0,29151
1431,0.0,0.0,0,0,0,0,0,29153
1452,0.0,0.0,0,0,0,0,0,29155
1464,0.0,0.0,0,0,0,0,0,29157
823,0.3,0.2,84,2,0,0,0,29159
1472,0.0,0.0,0,0,0,0,0,29161
1488,0.0,0.0,0,0,0,0,0,29163
376,1.9,1.1,41049,281,1,11,0,29165
1506,0.0,0.0,0,0,0,0,0,29167
1543,0.0,0.0,0,0,0,0,0,29169
1548,0.0,0.0,0,0,0,0,0,29171
1555,0.0,0.0,0,0,0,0,0,29173
1561,0.0,0.0,0,0,0,0,0,29175
1568,0.0,0.0,0,0,0,0,0,29177
1580,0.0,0.0,0,0,0,0,0,29179
1597,0.0,0.0,0,0,0,0,0,29181
782,0.3,0.2,3128,17,0,1,0,29183
1739,0.0,0.0,0,0,0,0,0,29185
1741,0.0,0.0,0,0,0,0,0,29186
1752,0.0,0.0,0,0,0,0,0,29187
60,5.1,3.1,82218,1356,3,24,2,29189
1636,0.0,0.0,0,0,0,0,0,29195
1658,0.0,0.0,0,0,0,0,0,29197
1660,0.0,0.0,0,0,0,0,0,29199
1666,0.0,0.0,0,0,0,0,0,29201
1684,0.0,0.0,0,0,0,0,0,29203
1693,0.0,0.0,0,0,0,0,0,29205
1761,0.0,0.0,0,0,0,0,0,29207
1763,0.0,0.0,0,0,0,0,0,29209
1770,0.0,0.0,0,0,0,0,0,29211
1792,0.0,0.0,0,0,0,0,0,29213
1810,0.0,0.0,0,0,0,0,0,29215
1886,0.0,0.0,0,0,0,0,0,29217
1055,0.0,0.0,0,0,0,0,0,29219
1929,0.0,0.0,0,0,0,0,0,29221
1945,0.0,0.0,0,0,0,0,0,29223
1955,0.0,0.0,0,0,0,0,0,29225
2014,0.0,0.0,0,0,0,0,0,29227
2017,0.0,0.0,0,0,0,0,0,29229
15,8.4,8.4,199125,4495,7,45,9,29510
2143,0.0,0.0,0,0,0,0,0,30001
2165,0.0,0.0,0,0,0,0,0,30003
2171,0.0,0.0,0,0,0,0,1,30005
2212,0.0,0.0,0,0,0,0,0,30007
2278,0.0,0.0,0,0,0,0,1,30009
2298,0.0,0.0,0,0,0,0,0,30011
2299,0.0,0.0,0,0,0,0,0,30013
2358,0.0,0.0,0,0,0,0,0,30015
2489,0.0,0.0,0,0,0,0,0,30017
2500,0.0,0.0,0,0,0,0,0,30019
2509,0.0,0.0,0,0,0,0,0,30021
2521,0.0,0.0,0,0,0,0,0,30023
2612,0.0,0.0,0,0,0,0,0,30025
2626,0.0,0.0,0,0,0,0,0,30027
960,0.1,0.1,0,2,0,0,0,30029
542,1.1,0.7,12265,55,2,5,0,30031
2684,0.0,0.0,0,0,0,0,0,30033
689,0.6,0.3,0,13,0,0,0,30035
2717,0.0,0.0,0,0,0,0,0,30037
2733,0.0,0.0,0,0,0,0,0,30039
714,0.5,0.3,0,3,0,0,0,30041
2969,0.0,0.0,0,0,0,0,0,30043
2997,0.0,0.0,0,0,0,0,0,30045
3062,0.0,0.0,0,0,0,0,0,30047
3118,0.0,0.0,0,0,0,0,0,30049
3127,0.0,0.0,0,0,0,0,0,30051
839,0.3,0.2,0,4,0,0,0,30053
1216,0.0,0.0,0,0,0,0,0,30055
1164,0.0,0.0,0,0,0,0,0,30057
1244,0.0,0.0,0,0,0,0,0,30059
1276,0.0,0.0,0,0,0,0,0,30061
154,3.5,2.4,26057,717,4,9,2,30063
1340,0.0,0.0,0,0,0,0,0,30065
882,0.2,0.0,989,4,0,1,1,30067
1471,0.0,0.0,0,0,0,0,0,30069
606,0.8,0.6,0,15,0,0,1,30071
1512,0.0,0.0,0,0,0,0,0,30073
1525,0.0,0.0,0,0,0,0,0,30075
1527,0.0,0.0,0,0,0,0,0,30077
1532,0.0,0.0,0,0,0,0,0,30079
1566,0.0,0.0,0,0,0,0,0,30081
1587,0.0,0.0,0,0,0,0,0,30083
737,0.4,0.3,0,4,0,0,1,30085
1617,0.0,0.0,0,0,0,0,0,30087
1642,0.0,0.0,0,0,0,0,0,30089
1698,0.0,0.0,0,0,0,0,0,30091
275,2.5,1.4,9980,175,3,7,0,30093
1754,0.0,0.0,0,0,0,0,2,30095
1781,0.0,0.0,0,0,0,0,8,30097
1808,0.0,0.0,0,0,0,0,0,30099
576,1.0,0.7,0,17,0,0,0,30101
1833,0.0,0.0,0,0,0,0,0,30103
693,0.6,0.4,0,8,0,0,0,30105
1969,0.0,0.0,0,0,0,0,1,30107
1982,0.0,0.0,0,0,0,0,0,30109
262,2.6,1.5,37809,249,5,15,0,30111
740,0.4,0.3,0,2,0,0,0,31001
2078,0.0,0.0,0,0,0,0,0,31003
2088,0.0,0.0,0,0,0,0,0,31005
2118,0.0,0.0,0,0,0,0,0,31007
2172,0.0,0.0,0,0,0,0,0,31009
2189,0.0,0.0,0,0,0,0,0,31011
2197,0.0,0.0,0,0,0,0,0,31013
2198,0.0,0.0,0,0,0,0,0,31015
2221,0.0,0.0,0,0,0,0,0,31017
2230,0.0,0.0,0,0,0,0,0,31019
2239,0.0,0.0,0,0,0,0,0,31021
2244,0.0,0.0,0,0,0,0,0,31023
2306,0.0,0.0,0,0,0,0,0,31025
2317,0.0,0.0,0,0,0,0,0,31027
2328,0.0,0.0,0,0,0,0,0,31029
2341,0.0,0.0,0,0,0,0,0,31031
2347,0.0,0.0,0,0,0,0,0,31033
2390,0.0,0.0,0,0,0,0,0,31035
2421,0.0,0.0,0,0,0,0,0,31037
2485,0.0,0.0,0,0,0,0,0,31039
2490,0.0,0.0,0,0,0,0,0,31041
385,1.9,0.7,17683,101,1,9,0,31043
2507,0.0,0.0,0,0,0,0,0,31045
2510,0.0,0.0,0,0,0,0,0,31047
2536,0.0,0.0,0,0,0,0,0,31049
2552,0.0,0.0,0,0,0,0,0,31051
2555,0.0,0.0,0,0,0,0,0,31053
122,4.1,3.4,63332,1232,3,14,1,31055
2567,0.0,0.0,0,0,0,0,0,31057
2628,0.0,0.0,0,0,0,0,0,31059
2657,0.0,0.0,0,0,0,0,0,31061
2669,0.0,0.0,0,0,0,0,0,31063
2675,0.0,0.0,0,0,0,0,0,31065
2677,0.0,0.0,0,0,0,0,0,31067
2683,0.0,0.0,0,0,0,0,0,31069
2685,0.0,0.0,0,0,0,0,0,31071
2725,0.0,0.0,0,0,0,0,1,31073
2740,0.0,0.0,0,0,0,0,0,31075
2753,0.0,0.0,0,0,0,0,1,31077
2790,0.0,0.0,0,0,0,0,0,31079
2797,0.0,0.0,0,0,0,0,0,31081
2827,0.0,0.0,0,0,0,0,0,31083
2844,0.0,0.0,0,0,0,0,0,31085
2869,0.0,0.0,0,0,0,0,0,31087
2878,0.0,0.0,0,0,0,0,0,31089
2880,0.0,0.0,0,0,0,0,1,31091
2893,0.0,0.0,0,0,0,0,0,31093
2970,0.0,0.0,0,0,0,0,0,31095
2989,0.0,0.0,0,0,0,0,0,31097
3008,0.0,0.0,0,0,0,0,0,31099
3010,0.0,0.0,0,0,0,0,1,31101
3020,0.0,0.0,0,0,0,0,0,31103
3022,0.0,0.0,0,0,0,0,0,31105
3043,0.0,0.0,0,0,0,0,0,31107
167,3.4,1.9,66512,352,3,21,1,31109
1102,0.0,0.0,0,0,0,0,0,31111
1126,0.0,0.0,0,0,0,0,0,31113
1134,0.0,0.0,0,0,0,0,0,31115
1239,0.0,0.0,0,0,0,0,0,31117
1166,0.0,0.0,0,0,0,0,0,31119
1263,0.0,0.0,0,0,0,0,0,31121
1327,0.0,0.0,0,0,0,0,0,31123
1341,0.0,0.0,0,0,0,0,0,31125
1347,0.0,0.0,0,0,0,0,0,31127
1384,0.0,0.0,0,0,0,0,0,31129
1416,0.0,0.0,0,0,0,0,0,31131
1446,0.0,0.0,0,0,0,0,0,31133
1458,0.0,0.0,0,0,0,0,0,31135
732,0.5,0.3,0,3,0,0,0,31137
1482,0.0,0.0,0,0,0,0,0,31139
1496,0.0,0.0,0,0,0,0,0,31141
1508,0.0,0.0,0,0,0,0,0,31143
731,0.5,0.3,0,2,0,0,0,31145
1584,0.0,0.0,0,0,0,0,0,31147
1608,0.0,0.0,0,0,0,0,0,31149
1637,0.0,0.0,0,0,0,0,0,31151
781,0.3,0.2,6391,22,0,1,0,31153
1651,0.0,0.0,0,0,0,0,0,31155
1670,0.0,0.0,0,0,0,0,0,31157
1682,0.0,0.0,0,0,0,0,0,31159
1700,0.0,0.0,0,0,0,0,0,31161
1703,0.0,0.0,0,0,0,0,0,31163
1714,0.0,0.0,0,0,0,0,0,31165
1734,0.0,0.0,0,0,0,0,0,31167
1812,0.0,0.0,0,0,0,0,0,31169
1815,0.0,0.0,0,0,0,0,0,31171
1817,0.0,0.0,0,0,0,0,1,31173
1877,0.0,0.0,0,0,0,0,0,31175
1932,0.0,0.0,0,0,0,0,0,31177
1947,0.0,0.0,0,0,0,0,0,31179
1957,0.0,0.0,0,0,0,0,0,31181
1971,0.0,0.0,0,0,0,0,0,31183
2031,0.0,0.0,0,0,0,0,0,31185
2362,0.0,0.0,0,0,0,0,0,32001
74,4.8,3.2,119359,1070,3,27,3,32003
613,0.8,0.4,2918,80,1,1,0,32005
942,0.1,0.1,0,1,0,0,15,32007
2605,0.0,0.0,0,0,0,0,0,32009
2608,0.0,0.0,0,0,0,0,9,32011
770,0.4,0.2,0,3,0,0,15,32013
3075,0.0,0.0,0,0,0,0,11,32015
1104,0.0,0.0,0,0,0,0,0,32017
1150,0.0,0.0,0,0,0,0,0,32019
1277,0.0,0.0,0,0,0,0,0,32021
1385,0.0,0.0,0,0,0,0,1,32023
1468,0.0,0.0,0,0,0,0,1,32027
1766,0.0,0.0,0,0,0,0,1,32029
190,3.2,1.7,46685,730,3,11,2,32031
1978,0.0,0.0,0,0,0,0,1,32033
244,2.7,0.3,14222,202,3,6,0,32510
2148,0.0,0.0,0,0,0,0,0,33001
2291,0.0,0.0,0,0,0,0,0,33003
646,0.7,0.3,3396,53,1,1,0,33005
2445,0.0,0.0,0,0,0,0,0,33007
591,0.9,0.4,7941,155,2,3,1,33009
423,1.7,1.0,22804,129,2,6,0,33011
680,0.6,0.3,7141,37,1,2,0,33013
681,0.6,0.4,4269,58,0,2,0,33015
313,2.3,1.4,18568,389,2,12,2,33017
949,0.1,0.1,147,1,0,0,0,33019
133,3.8,2.9,27039,804,3,14,6,34001
35,6.4,5.9,251232,1552,7,37,15,34003
252,2.7,1.9,27142,271,2,10,3,34005
57,5.2,4.6,145662,930,4,28,7,34007
354,2.1,1.2,7277,206,1,7,2,34009
314,2.3,1.2,10664,354,2,11,1,34011
18,7.5,10.0,231451,3022,9,40,21,34013
234,2.8,1.5,35967,356,3,19,2,34015
7,9.1,19.1,1187924,4604,14,33,43,34017
638,0.7,0.4,6488,32,0,2,2,34019
86,4.6,3.9,58713,824,5,19,8,34021
126,4.1,3.0,58041,505,4,15,9,34023
185,3.3,2.4,19931,320,2,10,8,34025
247,2.7,1.9,37102,195,2,10,5,34027
441,1.6,0.8,13032,178,1,7,1,34029
41,6.0,5.6,153217,1317,6,38,9,34031
413,1.8,1.0,5664,150,1,6,1,34033
312,2.3,1.3,27474,224,3,8,5,34035
652,0.7,0.3,1548,49,1,1,1,34037
36,6.4,6.0,154307,1042,5,30,12,34039
473,1.5,0.7,5287,96,1,3,1,34041
92,4.5,2.9,105638,804,5,30,1,35001
2313,0.0,0.0,0,0,0,0,0,35003
2331,0.0,0.0,0,0,0,0,0,35005
2363,0.0,0.0,0,0,0,0,0,35006
753,0.4,0.3,0,2,0,0,0,35007
2486,0.0,0.0,0,0,0,0,0,35009
2515,0.0,0.0,0,0,0,0,0,35011
408,1.8,0.9,20183,186,2,8,0,35013
631,0.8,0.0,2005,38,1,1,0,35015
2741,0.0,0.0,0,0,0,0,0,35017
2779,0.0,0.0,0,0,0,0,0,35019
2824,0.0,0.0,0,0,0,0,0,35021
615,0.8,0.6,0,5,0,0,0,35023
3099,0.0,0.0,0,0,0,0,0,35025
1103,0.0,0.0,0,0,0,0,0,35027
670,0.6,0.3,10430,76,1,5,3,35028
824,0.3,0.2,0,2,0,0,0,35029
743,0.4,0.1,1095,18,1,1,0,35031
1316,0.0,0.0,0,0,0,0,0,35033
1415,0.0,0.0,0,0,0,0,0,35035
1551,0.0,0.0,0,0,0,0,0,35037
465,1.5,0.5,8390,266,3,8,1,35039
1614,0.0,0.0,0,0,0,0,0,35041
585,0.9,0.5,5330,49,1,3,1,35043
574,1.0,0.5,5557,63,2,3,0,35045
710,0.5,0.2,9121,15,0,2,0,35047
180,3.3,2.2,28389,538,5,12,1,35049
1709,0.0,0.0,0,0,0,0,0,35051
1722,0.0,0.0,0,0,0,0,0,35053
466,1.5,0.4,4195,311,3,6,0,35055
1019,0.1,0.0,21,3,0,0,0,35057
1864,0.0,0.0,0,0,0,0,0,35059
605,0.8,0.5,1005,30,1,1,0,35061
52,5.3,4.3,95883,2218,8,21,6,36001
993,0.1,0.0,248,4,0,0,0,36003
2,9.7,29.5,879842,12585,14,37,62,36005
220,2.9,1.8,40213,300,3,16,3,36007
1026,0.0,0.0,2,1,0,0,0,36009
399,1.8,1.6,9721,186,2,12,1,36011
449,1.6,0.8,8911,108,3,6,0,36013
998,0.1,0.0,215,2,0,0,2,36015
2333,0.0,0.0,0,0,0,0,0,36017
815,0.3,0.1,2,24,0,0,0,36019
845,0.3,0.2,21,8,0,0,2,36021
2447,0.0,0.0,0,0,0,0,0,36023
1042,0.0,0.0,7,2,0,0,1,36025
363,2.0,1.5,12202,196,2,5,5,36027
107,4.3,3.8,84023,892,4,23,3,36029
938,0.1,0.1,44,6,0,0,0,36031
2658,0.0,0.0,0,0,0,0,0,36033
633,0.8,0.0,1943,35,1,1,0,36035
2695,0.0,0.0,0,0,0,0,0,36037
1031,0.0,0.0,0,0,0,0,1,36039
2798,0.0,0.0,0,0,0,0,0,36041
1018,0.1,0.0,875,9,0,0,1,36043
2971,0.0,0.0,0,0,0,0,0,36045
1,9.7,34.5,1216216,12632,13,41,64,36047
3122,0.0,0.0,0,0,0,0,0,36049
603,0.9,0.3,2329,85,2,2,0,36051
1167,0.0,0.0,0,0,0,0,0,36053
156,3.5,2.3,87248,558,4,22,3,36055
757,0.4,0.1,1013,8,1,0,1,36057
43,5.9,5.5,139112,1101,5,28,17,36059
0,9.9,52.6,2599093,22918,41,50,63,36061
337,2.2,1.4,12564,218,1,6,0,36063
278,2.5,2.2,19992,279,3,8,1,36065
174,3.3,2.9,77703,417,4,24,3,36067
1017,0.1,0.0,1452,5,0,0,0,36069
602,0.9,0.3,2620,82,1,2,5,36071
1408,0.0,0.0,0,0,0,0,0,36073
818,0.3,0.1,8318,6,0,9,0,36075
1418,0.0,0.0,0,0,0,0,2,36077
479,1.4,1.0,5075,142,1,3,8,36079
4,9.4,23.8,864524,8911,13,41,53,36081
158,3.5,2.2,38859,891,3,11,3,36083
10,8.6,12.3,257810,4786,13,35,30,36085
332,2.2,1.4,16449,198,2,7,9,36087
744,0.4,0.1,1241,19,1,1,0,36089
518,1.2,0.6,8415,200,1,3,0,36091
78,4.7,3.7,40791,1152,3,16,4,36093
1655,0.0,0.0,0,0,0,0,1,36095
1659,0.0,0.0,0,0,0,0,0,36097
1032,0.0,0.0,1375,7,0,1,0,36099
550,1.1,0.0,3552,104,2,2,0,36101
134,3.8,1.7,61720,431,3,25,6,36103
694,0.5,0.0,1707,58,1,2,2,36105
954,0.1,0.0,866,4,0,0,0,36107
178,3.3,2.3,26787,995,8,23,6,36109
588,0.9,0.4,3070,84,2,2,2,36111
481,1.4,0.7,13808,164,3,6,0,36113
644,0.7,0.4,5854,43,0,2,0,36115
915,0.2,0.0,1472,4,0,0,0,36117
21,7.3,8.5,156477,3498,8,29,23,36119
838,0.3,0.1,366,13,0,0,0,36121
2027,0.0,0.0,0,0,0,0,0,36123
814,0.3,0.1,2960,11,0,1,0,37001
844,0.3,0.0,646,17,0,0,0,37003
2063,0.0,0.0,0,0,0,0,0,37005
2077,0.0,0.0,0,0,0,0,0,37007
2090,0.0,0.0,0,0,0,0,0,37009
2107,0.0,0.0,0,0,0,0,0,37011
1061,0.0,0.0,0,2,0,0,0,37013
2162,0.0,0.0,0,0,0,0,0,37015
2170,0.0,0.0,0,0,0,0,0,37017
842,0.3,0.1,317,16,0,1,0,37019
383,1.9,1.0,25108,302,2,8,0,37021
2235,0.0,0.0,0,0,0,0,0,37023
480,1.4,0.7,10420,177,1,5,0,37025
2251,0.0,0.0,0,0,0,0,0,37027
2267,0.0,0.0,0,0,0,0,0,37029
1065,0.0,0.0,0,1,0,0,0,37031
2310,0.0,0.0,0,0,0,0,0,37033
611,0.8,0.3,7142,57,1,3,0,37035
963,0.1,0.0,2292,29,0,0,0,37037
2337,0.0,0.0,0,0,0,0,0,37039
2359,0.0,0.0,0,0,0,0,0,37041
2389,0.0,0.0,0,0,0,0,0,37043
2401,0.0,0.0,0,0,0,0,0,37045
2429,0.0,0.0,0,0,0,0,0,37047
751,0.4,0.2,2550,22,1,1,0,37049
358,2.1,1.5,12792,307,2,6,0,37051
830,0.3,0.1,0,19,0,0,0,37053
1024,0.1,0.0,0,4,0,0,0,37055
867,0.2,0.0,1050,8,0,0,0,37057
2502,0.0,0.0,0,0,0,0,0,37059
2571,0.0,0.0,0,0,0,0,0,37061
117,4.2,2.7,52817,1088,6,15,3,37063
569,1.0,0.6,5429,78,2,3,0,37065
331,2.2,1.3,43339,327,3,15,1,37067
2656,0.0,0.0,0,0,0,0,0,37069
609,0.8,0.5,7351,58,1,4,0,37071
2691,0.0,0.0,0,0,0,0,0,37073
2731,0.0,0.0,0,0,0,0,0,37075
2745,0.0,0.0,0,0,0,0,0,37077
2763,0.0,0.0,0,0,0,0,0,37079
254,2.7,1.6,40046,416,3,12,1,37081
2788,0.0,0.0,0,0,0,0,0,37083
2829,0.0,0.0,0,0,0,0,0,37085
2845,0.0,0.0,0,0,0,0,0,37087
1002,0.1,0.0,1304,7,0,0,0,37089
2859,0.0,0.0,0,0,0,0,0,37091
2873,0.0,0.0,0,0,0,0,1,37093
826,0.3,0.2,0,29,0,0,1,37095
1072,0.0,0.0,159,1,0,0,0,37097
2942,0.0,0.0,0,0,0,0,0,37099
937,0.1,0.1,8427,7,0,2,0,37101
2994,0.0,0.0,0,0,0,0,0,37103
3107,0.0,0.0,0,0,0,0,0,37105
3112,0.0,0.0,0,0,0,0,0,37107
1101,0.0,0.0,0,0,0,0,0,37109
1223,0.0,0.0,0,0,0,0,0,37111
1154,0.0,0.0,0,0,0,0,0,37113
1165,0.0,0.0,0,0,0,0,0,37115
1204,0.0,0.0,0,0,0,0,0,37117
97,4.4,2.7,116365,1115,4,23,3,37119
1286,0.0,0.0,0,0,0,0,0,37121
1309,0.0,0.0,0,0,0,0,0,37123
1007,0.1,0.0,0,0,0,0,0,37125
568,1.0,0.5,7454,73,1,5,0,37127
344,2.1,1.1,21099,212,3,8,1,37129
1373,0.0,0.0,0,0,0,0,0,37131
629,0.8,0.4,3068,68,0,1,0,37133
152,3.5,2.2,45233,1191,7,15,7,37135
809,0.3,0.2,0,60,0,0,0,37137
1442,0.0,0.0,0,0,0,0,0,37139
1453,0.0,0.0,0,0,0,0,0,37141
1460,0.0,0.0,0,0,0,0,0,37143
1469,0.0,0.0,0,0,0,0,0,37145
511,1.3,0.6,13779,79,1,4,1,37147
1507,0.0,0.0,0,0,0,0,0,37149
904,0.2,0.0,1371,11,0,0,0,37151
951,0.1,0.1,0,0,0,0,0,37153
1605,0.0,0.0,0,0,0,0,0,37155
1609,0.0,0.0,0,0,0,0,0,37157
607,0.8,0.5,4734,40,1,3,0,37159
1629,0.0,0.0,0,0,0,0,0,37161
1639,0.0,0.0,0,0,0,0,0,37163
1661,0.0,0.0,0,0,0,0,0,37165
1732,0.0,0.0,0,0,0,0,0,37167
1012,0.1,0.0,6323,2,0,3,0,37169
981,0.1,0.0,3668,3,0,1,0,37171
1780,0.0,0.0,0,0,0,0,0,37173
1831,0.0,0.0,0,0,0,0,0,37175
1853,0.0,0.0,0,0,0,0,0,37177
1020,0.1,0.0,32,4,0,0,0,37179
1881,0.0,0.0,0,0,0,0,0,37181
232,2.8,1.8,74970,742,5,18,1,37183
1913,0.0,0.0,0,0,0,0,0,37185
1931,0.0,0.0,0,0,0,0,0,37187
1937,0.0,0.0,0,0,0,0,2,37189
612,0.8,0.4,4611,57,1,3,0,37191
1987,0.0,0.0,0,0,0,0,0,37193
897,0.2,0.0,0,0,0,0,0,37195
2022,0.0,0.0,0,0,0,0,0,37197
2025,0.0,0.0,0,0,0,0,0,37199
2048,0.0,0.0,0,0,0,0,0,38001
2123,0.0,0.0,0,0,0,0,1,38003
2153,0.0,0.0,0,0,0,0,0,38005
2168,0.0,0.0,0,0,0,0,2,38007
2192,0.0,0.0,0,0,0,0,0,38009
2196,0.0,0.0,0,0,0,0,0,38011
2236,0.0,0.0,0,0,0,0,0,38013
266,2.6,1.4,33499,198,4,11,0,38015
195,3.2,1.9,42957,409,3,10,0,38017
2314,0.0,0.0,0,0,0,0,0,38019
2544,0.0,0.0,0,0,0,0,0,38021
2550,0.0,0.0,0,0,0,0,0,38023
2569,0.0,0.0,0,0,0,0,0,38025
2578,0.0,0.0,0,0,0,0,0,38027
2601,0.0,0.0,0,0,0,0,0,38029
2642,0.0,0.0,0,0,0,0,0,38031
2718,0.0,0.0,0,0,0,0,0,38033
175,3.3,2.1,20634,336,5,8,0,38035
2739,0.0,0.0,0,0,0,0,0,38037
2773,0.0,0.0,0,0,0,0,0,38039
2860,0.0,0.0,0,0,0,0,0,38041
3021,0.0,0.0,0,0,0,0,0,38043
3071,0.0,0.0,0,0,0,0,0,38045
1125,0.0,0.0,0,0,0,0,0,38047
1226,0.0,0.0,0,0,0,0,0,38049
1228,0.0,0.0,0,0,0,0,0,38051
1231,0.0,0.0,0,0,0,0,0,38053
1233,0.0,0.0,0,0,0,0,0,38055
1259,0.0,0.0,0,0,0,0,0,38057
467,1.5,0.7,17488,58,2,8,0,38059
797,0.3,0.2,0,0,0,0,0,38061
1345,0.0,0.0,0,0,0,0,0,38063
1400,0.0,0.0,0,0,0,0,0,38065
1451,0.0,0.0,0,0,0,0,0,38067
608,0.8,0.6,0,0,0,0,0,38069
660,0.7,0.5,0,0,0,0,0,38071
1563,0.0,0.0,0,0,0,0,0,38073
1578,0.0,0.0,0,0,0,0,0,38075
1588,0.0,0.0,0,0,0,0,0,38077
1612,0.0,0.0,0,0,0,0,0,38079
1650,0.0,0.0,0,0,0,0,0,38081
1699,0.0,0.0,0,0,0,0,0,38083
1713,0.0,0.0,0,0,0,0,0,38085
1716,0.0,0.0,0,0,0,0,1,38087
1736,0.0,0.0,0,0,0,0,0,38089
1740,0.0,0.0,0,0,0,0,0,38091
1767,0.0,0.0,0,0,0,0,0,38093
1828,0.0,0.0,0,0,0,0,0,38095
1830,0.0,0.0,0,0,0,0,0,38097
1902,0.0,0.0,0,0,0,0,0,38099
825,0.3,0.2,0,0,0,0,0,38101
1961,0.0,0.0,0,0,0,0,0,38103
794,0.3,0.2,0,0,0,0,0,38105
2049,0.0,0.0,0,0,0,0,0,39001
509,1.3,0.7,10061,61,2,5,0,39003
2091,0.0,0.0,0,0,0,0,0,39005
1094,0.0,0.0,0,0,0,0,0,39007
427,1.7,1.0,5966,273,2,3,0,39009
2102,0.0,0.0,0,0,0,0,0,39011
647,0.7,0.3,4862,45,1,3,0,39013
1057,0.0,0.0,0,0,0,0,0,39015
528,1.2,0.4,7885,102,2,4,0,39017
2292,0.0,0.0,0,0,0,0,0,39019
2320,0.0,0.0,0,0,0,0,0,39021
592,0.9,0.5,3658,55,1,2,0,39023
987,0.1,0.1,343,3,0,0,0,39025
2406,0.0,0.0,0,0,0,0,0,39027
1059,0.0,0.0,130,6,0,0,0,39029
2448,0.0,0.0,0,0,0,0,0,39031
2467,0.0,0.0,0,0,0,0,0,39033
23,7.0,5.1,110142,4229,4,28,5,39035
2501,0.0,0.0,0,0,0,0,0,39037
2522,0.0,0.0,0,0,0,0,0,39039
610,0.8,0.4,8580,80,1,2,0,39041
829,0.3,0.2,0,3,0,0,0,39043
1093,0.0,0.0,0,0,0,0,0,39045
2623,0.0,0.0,0,0,0,0,0,39047
96,4.4,3.1,107604,1055,3,21,2,39049
2673,0.0,0.0,0,0,0,0,0,39051
2682,0.0,0.0,0,0,0,0,0,39053
2693,0.0,0.0,0,0,0,0,0,39055
746,0.4,0.2,6436,44,0,2,0,39057
675,0.6,0.3,3550,30,1,2,0,39059
89,4.5,3.5,130033,1019,5,35,3,39061
2808,0.0,0.0,0,0,0,0,0,39063
2821,0.0,0.0,0,0,0,0,0,39065
2837,0.0,0.0,0,0,0,0,0,39067
2856,0.0,0.0,0,0,0,0,0,39069
2864,0.0,0.0,0,0,0,0,0,39071
2870,0.0,0.0,0,0,0,0,0,39073
2876,0.0,0.0,0,0,0,0,0,39075
2907,0.0,0.0,0,0,0,0,0,39077
2943,0.0,0.0,0,0,0,0,0,39079
914,0.2,0.1,503,6,0,0,0,39081
3044,0.0,0.0,0,0,0,0,0,39083
340,2.2,1.1,36422,262,2,11,0,39085
682,0.6,0.2,9120,20,1,3,0,39087
926,0.1,0.1,747,24,0,0,0,39089
1127,0.0,0.0,0,0,0,0,0,39091
692,0.6,0.3,2620,30,1,1,0,39093
218,3.0,1.6,55292,346,3,25,1,39095
1168,0.0,0.0,0,0,0,0,0,39097
335,2.2,1.2,28270,155,2,18,1,39099
1187,0.0,0.0,0,0,0,0,0,39101
828,0.3,0.1,1348,15,0,1,0,39103
1248,0.0,0.0,0,0,0,0,0,39105
1260,0.0,0.0,0,0,0,0,0,39107
1085,0.0,0.0,0,0,0,0,0,39109
1297,0.0,0.0,0,0,0,0,1,39111
99,4.4,2.9,70677,760,4,28,2,39113
1324,0.0,0.0,0,0,0,0,0,39115
1331,0.0,0.0,0,0,0,0,1,39117
566,1.0,0.5,4471,73,1,2,0,39119
1366,0.0,0.0,0,0,0,0,0,39121
1420,0.0,0.0,0,0,0,0,1,39123
1444,0.0,0.0,0,0,0,0,0,39125
1466,0.0,0.0,0,0,0,0,0,39127
1477,0.0,0.0,0,0,0,0,0,39129
1489,0.0,0.0,0,0,0,0,0,39131
462,1.5,0.8,15450,244,1,7,0,39133
1534,0.0,0.0,0,0,0,0,0,39135
1549,0.0,0.0,0,0,0,0,0,39137
540,1.1,0.5,8425,98,2,5,1,39139
1618,0.0,0.0,0,0,0,0,0,39141
1643,0.0,0.0,0,0,0,0,0,39143
1073,0.0,0.0,0,0,0,0,0,39145
1677,0.0,0.0,0,0,0,0,0,39147
1694,0.0,0.0,0,0,0,0,0,39149
272,2.5,1.4,28921,339,2,11,1,39151
162,3.4,2.0,48697,541,3,18,1,39153
720,0.5,0.2,7000,22,0,3,0,39155
1847,0.0,0.0,0,0,0,0,0,39157
1865,0.0,0.0,0,0,0,0,0,39159
1882,0.0,0.0,0,0,0,0,0,39161
1890,0.0,0.0,0,0,0,0,0,39163
788,0.3,0.1,6395,14,0,2,0,39165
1077,0.0,0.0,0,0,0,0,0,39167
1948,0.0,0.0,0,0,0,0,0,39169
812,0.3,0.2,50,4,0,0,0,39171
796,0.3,0.1,10008,14,0,3,0,39173
2018,0.0,0.0,0,0,0,0,0,39175
2043,0.0,0.0,0,0,0,0,0,40001
2060,0.0,0.0,0,0,0,0,0,40003
2098,0.0,0.0,0,0,0,0,0,40005
2141,0.0,0.0,0,0,0,0,0,40007
2144,0.0,0.0,0,0,0,0,0,40009
2173,0.0,0.0,0,0,0,0,0,40011
674,0.6,0.3,1763,67,1,0,0,40013
2248,0.0,0.0,0,0,0,0,0,40015
2274,0.0,0.0,0,0,0,0,0,40017
890,0.2,0.1,0,1,0,0,0,40019
2338,0.0,0.0,0,0,0,0,0,40021
2357,0.0,0.0,0,0,0,0,0,40023
2364,0.0,0.0,0,0,0,0,0,40025
519,1.2,0.7,14655,113,1,4,0,40027
2410,0.0,0.0,0,0,0,0,0,40029
2433,0.0,0.0,0,0,0,0,0,40031
2451,0.0,0.0,0,0,0,0,0,40033
2456,0.0,0.0,0,0,0,0,0,40035
1037,0.0,0.0,896,4,0,0,0,40037
2491,0.0,0.0,0,0,0,0,0,40039
2527,0.0,0.0,0,0,0,0,0,40041
2538,0.0,0.0,0,0,0,0,0,40043
2593,0.0,0.0,0,0,0,0,0,40045
2686,0.0,0.0,0,0,0,0,0,40047
934,0.1,0.1,44,1,0,0,0,40049
2728,0.0,0.0,0,0,0,0,0,40051
2742,0.0,0.0,0,0,0,0,0,40053
2770,0.0,0.0,0,0,0,0,0,40055
2828,0.0,0.0,0,0,0,0,0,40057
2831,0.0,0.0,0,0,0,0,0,40059
2842,0.0,0.0,0,0,0,0,0,40061
2899,0.0,0.0,0,0,0,0,1,40063
2944,0.0,0.0,0,0,0,0,0,40065
2972,0.0,0.0,0,0,0,0,0,40067
2992,0.0,0.0,0,0,0,0,0,40069
3007,0.0,0.0,0,0,0,0,0,40071
3026,0.0,0.0,0,0,0,0,0,40073
3034,0.0,0.0,0,0,0,0,0,40075
3084,0.0,0.0,0,0,0,0,0,40077
1095,0.0,0.0,0,0,0,0,0,40079
1105,0.0,0.0,0,0,0,0,0,40081
1128,0.0,0.0,0,0,0,0,0,40083
1135,0.0,0.0,0,0,0,0,0,40085
945,0.1,0.1,352,1,0,0,0,40087
1221,0.0,0.0,0,0,0,0,0,40089
1229,0.0,0.0,0,0,0,0,0,40091
1173,0.0,0.0,0,0,0,0,0,40093
1199,0.0,0.0,0,0,0,0,0,40095
1215,0.0,0.0,0,0,0,0,0,40097
1338,0.0,0.0,0,0,0,0,0,40099
1339,0.0,0.0,0,0,0,0,0,40101
1367,0.0,0.0,0,0,0,0,0,40103
1382,0.0,0.0,0,0,0,0,0,40105
1396,0.0,0.0,0,0,0,0,0,40107
296,2.4,1.4,77366,257,2,19,0,40109
1397,0.0,0.0,0,0,0,0,0,40111
772,0.4,0.2,7873,49,0,2,0,40113
1421,0.0,0.0,0,0,0,0,0,40115
1447,0.0,0.0,0,0,0,0,0,40117
1448,0.0,0.0,0,0,0,0,1,40119
1493,0.0,0.0,0,0,0,0,0,40121
1514,0.0,0.0,0,0,0,0,0,40123
1522,0.0,0.0,0,0,0,0,0,40125
1544,0.0,0.0,0,0,0,0,0,40127
1610,0.0,0.0,0,0,0,0,0,40129
1611,0.0,0.0,0,0,0,0,0,40131
1676,0.0,0.0,0,0,0,0,0,40133
1679,0.0,0.0,0,0,0,0,0,40135
1742,0.0,0.0,0,0,0,0,0,40137
1811,0.0,0.0,0,0,0,0,0,40139
1819,0.0,0.0,0,0,0,0,0,40141
265,2.6,1.4,48609,279,2,13,0,40143
1894,0.0,0.0,0,0,0,0,0,40145
1933,0.0,0.0,0,0,0,0,0,40147
1936,0.0,0.0,0,0,0,0,0,40149
2009,0.0,0.0,0,0,0,0,0,40151
2011,0.0,0.0,0,0,0,0,0,40153
620,0.8,0.3,1640,55,1,1,0,41001
215,3.0,1.8,22702,354,6,11,2,41003
67,4.9,3.4,61128,2131,4,21,3,41005
451,1.6,0.7,3881,180,2,4,0,41007
537,1.2,0.4,7786,134,2,2,0,41009
559,1.1,0.4,3637,46,2,2,1,41011
727,0.5,0.1,1157,29,1,0,0,41013
730,0.5,0.1,306,26,1,0,0,41015
369,2.0,1.0,20747,360,3,6,0,41017
525,1.2,0.5,6977,96,2,5,0,41019
2706,0.0,0.0,0,0,0,0,0,41021
771,0.4,0.0,239,33,0,0,0,41023
768,0.4,0.0,480,18,0,1,0,41025
482,1.4,0.2,2542,107,2,1,0,41027
256,2.6,1.3,12965,374,2,5,0,41029
684,0.6,0.1,1544,37,1,2,0,41031
485,1.4,0.7,6761,108,2,3,0,41033
300,2.4,1.3,6288,242,2,5,0,41035
3063,0.0,0.0,0,0,0,0,0,41037
114,4.2,2.8,53123,1199,6,18,3,41039
464,1.5,0.7,4653,127,2,5,1,41041
477,1.4,0.6,10389,93,2,4,0,41043
596,0.9,0.4,3077,39,1,2,0,41045
81,4.6,3.4,43138,1386,5,12,1,41047
925,0.1,0.1,112,2,0,0,0,41049
13,8.6,12.3,221700,7298,9,44,12,41051
280,2.5,1.0,27077,547,3,6,0,41053
1704,0.0,0.0,0,0,0,0,0,41055
513,1.3,0.5,2305,117,2,2,0,41057
573,1.0,0.3,4009,46,2,3,0,41059
496,1.3,0.7,3171,74,1,2,0,41061
706,0.5,0.0,971,61,2,1,0,41063
813,0.3,0.1,481,17,0,0,0,41065
32,6.5,5.3,110983,2578,4,25,6,41067
936,0.1,0.0,6,5,0,0,0,41069
424,1.7,0.8,8886,138,3,4,0,41071
718,0.5,0.3,2090,30,1,1,0,42001
58,5.2,5.2,161554,1717,7,36,9,42003
979,0.1,0.0,315,4,0,1,0,42005
402,1.8,0.9,101479,150,1,22,2,42007
2145,0.0,0.0,0,0,0,0,0,42009
292,2.4,1.6,29718,442,3,8,1,42011
856,0.2,0.1,158,1,0,0,0,42013
739,0.4,0.1,1543,14,1,1,0,42015
261,2.6,1.9,35683,245,1,12,3,42017
697,0.5,0.3,3269,38,1,2,0,42019
371,2.0,1.2,14072,247,3,13,1,42021
2268,0.0,0.0,0,0,0,0,0,42023
930,0.1,0.1,915,13,0,1,0,42025
159,3.5,3.3,17507,1022,6,13,5,42027
316,2.3,1.5,34987,211,2,9,3,42029
2370,0.0,0.0,0,0,0,0,0,42031
759,0.4,0.2,1530,31,1,1,0,42033
2407,0.0,0.0,0,0,0,0,0,42035
1097,0.0,0.0,0,0,0,0,0,42037
593,0.9,0.5,3574,75,1,2,0,42039
535,1.2,0.8,31995,56,1,6,0,42041
295,2.4,2.5,48334,204,4,12,2,42043
29,6.7,8.5,177848,1447,5,37,10,42045
2590,0.0,0.0,0,0,0,0,0,42047
224,2.9,1.8,37862,291,4,16,1,42049
529,1.2,0.5,10119,78,2,7,0,42051
2640,0.0,0.0,0,0,0,0,0,42053
1080,0.0,0.0,28,1,0,0,0,42055
2674,0.0,0.0,0,0,0,0,0,42057
1027,0.0,0.0,373,3,0,0,0,42059
891,0.2,0.1,41,2,0,0,0,42061
450,1.6,0.9,8230,372,2,5,0,42063
957,0.1,0.0,467,2,0,0,0,42065
2999,0.0,0.0,0,0,0,0,0,42067
199,3.1,1.9,36048,376,4,18,0,42069
302,2.4,1.4,71791,233,2,30,1,42071
833,0.3,0.1,688,9,0,0,0,42073
469,1.5,0.7,28121,138,2,8,0,42075
149,3.6,2.1,46419,544,4,15,2,42077
289,2.4,1.4,42524,207,4,24,1,42079
470,1.5,0.7,10817,134,2,4,1,42081
1230,0.0,0.0,0,0,0,0,1,42083
628,0.8,0.4,4353,46,1,3,0,42085
907,0.2,0.1,0,1,0,0,0,42087
556,1.1,0.6,4578,99,1,4,4,42089
88,4.5,4.0,95700,680,3,21,5,42091
1311,0.0,0.0,0,0,0,0,0,42093
206,3.0,1.8,29696,405,3,13,2,42095
1376,0.0,0.0,0,0,0,0,0,42097
1091,0.0,0.0,0,0,0,0,0,42099
8,9.0,20.2,378628,5879,12,52,26,42101
785,0.3,0.1,949,25,0,1,3,42103
1523,0.0,0.0,0,0,0,0,0,42105
500,1.3,0.7,6862,88,1,5,0,42107
1721,0.0,0.0,0,0,0,0,0,42109
902,0.2,0.1,1595,6,0,1,0,42111
735,0.4,0.1,664,19,0,1,0,42113
1776,0.0,0.0,0,0,0,0,0,42115
672,0.6,0.3,1953,43,1,1,0,42117
1866,0.0,0.0,0,0,0,0,0,42119
589,0.9,0.4,3044,41,1,2,0,42121
531,1.2,0.5,3822,88,1,3,0,42123
619,0.8,0.4,59196,72,1,14,1,42125
881,0.2,0.0,272,12,0,0,1,42127
442,1.6,0.7,99375,97,2,26,1,42129
2019,0.0,0.0,0,0,0,0,0,42131
472,1.5,0.9,14225,137,2,4,0,42133
216,3.0,1.7,40367,422,2,14,1,44001
205,3.1,1.9,40375,298,2,13,1,44003
179,3.3,2.4,16495,435,2,13,2,44005
65,5.0,3.9,87714,1078,5,21,3,44007
387,1.9,1.1,10587,194,2,8,1,44009
2037,0.0,0.0,0,0,0,0,0,45001
1049,0.0,0.0,830,1,0,0,0,45003
2066,0.0,0.0,0,0,0,0,2,45005
677,0.6,0.3,4110,32,1,2,0,45007
871,0.2,0.1,0,3,0,0,1,45009
2124,0.0,0.0,0,0,0,0,0,45011
1083,0.0,0.0,0,0,0,0,0,45013
898,0.2,0.1,4556,28,0,1,0,45015
2259,0.0,0.0,0,0,0,0,0,45017
271,2.5,1.4,46483,400,3,10,1,45019
2339,0.0,0.0,0,0,0,0,0,45021
2342,0.0,0.0,0,0,0,0,0,45023
2344,0.0,0.0,0,0,0,0,0,45025
2369,0.0,0.0,0,0,0,0,0,45027
2422,0.0,0.0,0,0,0,0,0,45029
810,0.3,0.1,742,14,0,1,0,45031
899,0.2,0.1,0,1,0,0,0,45033
776,0.4,0.1,6344,39,0,2,0,45035
2580,0.0,0.0,0,0,0,0,1,45037
2611,0.0,0.0,0,0,0,0,0,45039
578,1.0,0.5,6617,49,1,3,0,45041
749,0.4,0.1,1793,18,0,1,0,45043
536,1.2,0.6,22997,77,1,6,0,45045
2769,0.0,0.0,0,0,0,0,0,45047
1025,0.0,0.0,0,2,0,0,1,45049
686,0.6,0.2,5372,40,1,2,0,45051
2955,0.0,0.0,0,0,0,0,0,45053
1013,0.1,0.0,0,0,0,0,0,45055
3073,0.0,0.0,0,0,0,0,0,45057
3089,0.0,0.0,0,0,0,0,0,45059
3108,0.0,0.0,0,0,0,0,0,45061
703,0.5,0.1,10124,46,1,2,0,45063
1218,0.0,0.0,0,0,0,0,0,45065
874,0.2,0.1,509,3,0,0,1,45067
1190,0.0,0.0,0,0,0,0,0,45069
1353,0.0,0.0,0,0,0,0,0,45071
698,0.5,0.3,1245,62,1,1,0,45073
1404,0.0,0.0,0,0,0,0,0,45075
653,0.7,0.3,1032,92,0,1,1,45077
197,3.1,1.0,48623,700,5,12,1,45079
1638,0.0,0.0,0,0,0,0,1,45081
659,0.7,0.4,6170,61,1,3,0,45083
586,0.9,0.4,10629,39,2,7,0,45085
1867,0.0,0.0,0,0,0,0,0,45087
884,0.2,0.1,0,3,0,0,1,45089
933,0.1,0.0,3266,8,0,0,0,45091
2104,0.0,0.0,0,0,0,0,0,46003
2138,0.0,0.0,0,0,0,0,1,46005
2152,0.0,0.0,0,0,0,0,1,46007
2185,0.0,0.0,0,0,0,0,0,46009
2214,0.0,0.0,0,0,0,0,0,46011
2222,0.0,0.0,0,0,0,0,0,46013
2224,0.0,0.0,0,0,0,0,1,46015
2231,0.0,0.0,0,0,0,0,0,46017
2246,0.0,0.0,0,0,0,0,0,46019
2270,0.0,0.0,0,0,0,0,0,46021
2323,0.0,0.0,0,0,0,0,0,46023
2376,0.0,0.0,0,0,0,0,0,46025
2391,0.0,0.0,0,0,0,0,0,46027
2413,0.0,0.0,0,0,0,0,0,46029
2446,0.0,0.0,0,0,0,0,0,46031
2492,0.0,0.0,0,0,0,0,0,46033
2506,0.0,0.0,0,0,0,0,1,46035
2512,0.0,0.0,0,0,0,0,0,46037
2537,0.0,0.0,0,0,0,0,0,46039
2539,0.0,0.0,0,0,0,0,0,46041
2563,0.0,0.0,0,0,0,0,0,46043
2582,0.0,0.0,0,0,0,0,0,46045
2613,0.0,0.0,0,0,0,0,0,46047
2617,0.0,0.0,0,0,0,0,0,46049
2743,0.0,0.0,0,0,0,0,0,46051
2771,0.0,0.0,0,0,0,0,0,46053
2783,0.0,0.0,0,0,0,0,0,46055
2800,0.0,0.0,0,0,0,0,0,46057
2811,0.0,0.0,0,0,0,0,0,46059
2813,0.0,0.0,0,0,0,0,0,46061
2825,0.0,0.0,0,0,0,0,0,46063
2900,0.0,0.0,0,0,0,0,0,46065
2908,0.0,0.0,0,0,0,0,0,46067
2910,0.0,0.0,0,0,0,0,1,46069
2945,0.0,0.0,0,0,0,0,2,46071
2979,0.0,0.0,0,0,0,0,1,46073
2995,0.0,0.0,0,0,0,0,0,46075
3029,0.0,0.0,0,0,0,0,0,46077
3064,0.0,0.0,0,0,0,0,0,46079
3097,0.0,0.0,0,0,0,0,0,46081
865,0.2,0.1,2510,19,0,0,0,46083
1144,0.0,0.0,0,0,0,0,0,46085
1217,0.0,0.0,0,0,0,0,0,46087
1240,0.0,0.0,0,0,0,0,0,46089
1200,0.0,0.0,0,0,0,0,0,46091
1243,0.0,0.0,0,0,0,0,0,46093
1250,0.0,0.0,0,0,0,0,0,46095
1278,0.0,0.0,0,0,0,0,0,46097
269,2.5,1.5,32367,247,3,7,0,46099
1313,0.0,0.0,0,0,0,0,0,46101
433,1.6,0.8,20377,124,2,8,0,46103
1459,0.0,0.0,0,0,0,0,1,46105
1524,0.0,0.0,0,0,0,0,0,46107
1601,0.0,0.0,0,0,0,0,0,46109
1641,0.0,0.0,0,0,0,0,0,46111
1729,0.0,0.0,0,0,0,0,0,46115
1731,0.0,0.0,0,0,0,0,0,46117
1771,0.0,0.0,0,0,0,0,2,46119
1826,0.0,0.0,0,0,0,0,1,46121
1840,0.0,0.0,0,0,0,0,1,46123
1846,0.0,0.0,0,0,0,0,0,46125
711,0.5,0.1,6983,85,1,3,0,46127
1905,0.0,0.0,0,0,0,0,1,46129
2026,0.0,0.0,0,0,0,0,0,46135
2038,0.0,0.0,0,0,0,0,0,46137
2074,0.0,0.0,0,0,0,0,0,47001
2146,0.0,0.0,0,0,0,0,0,47003
2159,0.0,0.0,0,0,0,0,0,47005
2177,0.0,0.0,0,0,0,0,0,47007
2179,0.0,0.0,0,0,0,0,0,47009
2202,0.0,0.0,0,0,0,0,0,47011
2271,0.0,0.0,0,0,0,0,0,47013
2276,0.0,0.0,0,0,0,0,0,47015
2293,0.0,0.0,0,0,0,0,0,47017
952,0.1,0.0,655,8,0,1,0,47019
1023,0.1,0.0,1,2,0,0,0,47021
2343,0.0,0.0,0,0,0,0,0,47023
2366,0.0,0.0,0,0,0,0,0,47025
2392,0.0,0.0,0,0,0,0,0,47027
2412,0.0,0.0,0,0,0,0,0,47029
2416,0.0,0.0,0,0,0,0,0,47031
2472,0.0,0.0,0,0,0,0,0,47033
2483,0.0,0.0,0,0,0,0,0,47035
144,3.6,2.2,86746,683,4,15,2,47037
2520,0.0,0.0,0,0,0,0,0,47039
2525,0.0,0.0,0,0,0,0,0,47041
1035,0.0,0.0,0,2,0,0,0,47043
989,0.1,0.0,0,2,0,0,0,47045
2624,0.0,0.0,0,0,0,0,0,47047
2625,0.0,0.0,0,0,0,0,0,47049
2659,0.0,0.0,0,0,0,0,0,47051
2700,0.0,0.0,0,0,0,0,0,47053
2703,0.0,0.0,0,0,0,0,0,47055
2732,0.0,0.0,0,0,0,0,0,47057
2764,0.0,0.0,0,0,0,0,0,47059
2778,0.0,0.0,0,0,0,0,0,47061
2792,0.0,0.0,0,0,0,0,0,47063
418,1.7,0.9,21746,343,2,6,1,47065
2809,0.0,0.0,0,0,0,0,1,47067
2816,0.0,0.0,0,0,0,0,0,47069
2822,0.0,0.0,0,0,0,0,0,47071
947,0.1,0.1,842,4,0,0,0,47073
2846,0.0,0.0,0,0,0,0,0,47075
2849,0.0,0.0,0,0,0,0,0,47077
2857,0.0,0.0,0,0,0,0,0,47079
2862,0.0,0.0,0,0,0,0,0,47081
2887,0.0,0.0,0,0,0,0,0,47083
2903,0.0,0.0,0,0,0,0,0,47085
2946,0.0,0.0,0,0,0,0,0,47087
2973,0.0,0.0,0,0,0,0,0,47089
2990,0.0,0.0,0,0,0,0,0,47091
343,2.1,1.2,24027,474,2,7,0,47093
3065,0.0,0.0,0,0,0,0,0,47095
3086,0.0,0.0,0,0,0,0,0,47097
3098,0.0,0.0,0,0,0,0,0,47099
3123,0.0,0.0,0,0,0,0,0,47101
1106,0.0,0.0,0,0,0,0,0,47103
1131,0.0,0.0,0,0,0,0,0,47105
1235,0.0,0.0,0,0,0,0,0,47107
1237,0.0,0.0,0,0,0,0,0,47109
1155,0.0,0.0,0,0,0,0,0,47111
397,1.8,1.0,12724,199,2,6,0,47113
1188,0.0,0.0,0,0,0,0,0,47115
1201,0.0,0.0,0,0,0,0,0,47117
1036,0.0,0.0,0,2,0,0,0,47119
1249,0.0,0.0,0,0,0,0,0,47121
1298,0.0,0.0,0,0,0,0,0,47123
565,1.0,0.4,4401,129,2,2,0,47125
1314,0.0,0.0,0,0,0,0,0,47127
1325,0.0,0.0,0,0,0,0,0,47129
1386,0.0,0.0,0,0,0,0,0,47131
1425,0.0,0.0,0,0,0,0,0,47133
1467,0.0,0.0,0,0,0,0,0,47135
1480,0.0,0.0,0,0,0,0,0,47137
1509,0.0,0.0,0,0,0,0,0,47139
1550,0.0,0.0,0,0,0,0,0,47141
1581,0.0,0.0,0,0,0,0,0,47143
1599,0.0,0.0,0,0,0,0,0,47145
970,0.1,0.0,126,3,0,0,0,47147
561,1.0,0.5,12855,81,1,3,0,47149
1668,0.0,0.0,0,0,0,0,0,47151
1678,0.0,0.0,0,0,0,0,0,47153
834,0.3,0.1,618,61,0,0,0,47155
200,3.1,1.9,59040,455,3,21,1,47157
1719,0.0,0.0,0,0,0,0,0,47159
1750,0.0,0.0,0,0,0,0,0,47161
560,1.0,0.5,8973,56,1,5,0,47163
1003,0.1,0.0,380,3,0,0,0,47165
1822,0.0,0.0,0,0,0,0,0,47167
1842,0.0,0.0,0,0,0,0,0,47169
1856,0.0,0.0,0,0,0,0,0,47171
1868,0.0,0.0,0,0,0,0,0,47173
1880,0.0,0.0,0,0,0,0,0,47175
1914,0.0,0.0,0,0,0,0,0,47177
432,1.7,1.0,10001,245,2,5,0,47179
1949,0.0,0.0,0,0,0,0,0,47181
1952,0.0,0.0,0,0,0,0,0,47183
1977,0.0,0.0,0,0,0,0,0,47185
695,0.5,0.2,4340,29,1,1,0,47187
767,0.4,0.2,783,9,0,0,0,47189
2075,0.0,0.0,0,0,0,0,0,48001
2076,0.0,0.0,0,0,0,0,0,48003
617,0.8,0.4,5495,52,1,2,0,48005
1090,0.0,0.0,0,0,0,0,0,48007
2083,0.0,0.0,0,0,0,0,0,48009
2086,0.0,0.0,0,0,0,0,0,48011
2094,0.0,0.0,0,0,0,0,0,48013
2105,0.0,0.0,0,0,0,0,0,48015
2111,0.0,0.0,0,0,0,0,0,48017
2116,0.0,0.0,0,0,0,0,0,48019
917,0.2,0.0,266,7,0,0,0,48021
2137,0.0,0.0,0,0,0,0,0,48023
2147,0.0,0.0,0,0,0,0,0,48025
395,1.8,1.0,8332,171,2,4,0,48027
46,5.7,3.4,108383,2582,8,31,2,48029
2174,0.0,0.0,0,0,0,0,0,48031
2190,0.0,0.0,0,0,0,0,0,48033
2191,0.0,0.0,0,0,0,0,0,48035
553,1.1,0.6,7187,68,1,5,0,48037
2206,0.0,0.0,0,0,0,0,0,48039
428,1.7,0.8,13886,109,2,6,2,48041
630,0.8,0.5,0,7,0,0,0,48043
2210,0.0,0.0,0,0,0,0,0,48045
2216,0.0,0.0,0,0,0,0,0,48047
2223,0.0,0.0,0,0,0,0,0,48049
2237,0.0,0.0,0,0,0,0,0,48051
996,0.1,0.0,69,2,0,0,0,48053
913,0.2,0.0,440,3,0,0,0,48055
2260,0.0,0.0,0,0,0,0,0,48057
2262,0.0,0.0,0,0,0,0,0,48059
372,2.0,1.0,22008,152,3,10,0,48061
2273,0.0,0.0,0,0,0,0,0,48063
2295,0.0,0.0,0,0,0,0,0,48065
2307,0.0,0.0,0,0,0,0,0,48067
2309,0.0,0.0,0,0,0,0,0,48069
1084,0.0,0.0,0,0,0,0,0,48071
2340,0.0,0.0,0,0,0,0,0,48073
2351,0.0,0.0,0,0,0,0,0,48075
2393,0.0,0.0,0,0,0,0,0,48077
2411,0.0,0.0,0,0,0,0,0,48079
2418,0.0,0.0,0,0,0,0,0,48081
2420,0.0,0.0,0,0,0,0,0,48083
405,1.8,1.2,38687,222,2,6,1,48085
2423,0.0,0.0,0,0,0,0,0,48087
2424,0.0,0.0,0,0,0,0,1,48089
2431,0.0,0.0,0,0,0,0,0,48091
2434,0.0,0.0,0,0,0,0,0,48093
2435,0.0,0.0,0,0,0,0,0,48095
836,0.3,0.2,0,1,0,0,0,48097
548,1.1,0.6,3849,78,1,2,0,48099
2450,0.0,0.0,0,0,0,0,0,48101
2458,0.0,0.0,0,0,0,0,1,48103
2473,0.0,0.0,0,0,0,0,0,48105
2475,0.0,0.0,0,0,0,0,0,48107
2479,0.0,0.0,0,0,0,0,0,48109
2497,0.0,0.0,0,0,0,0,0,48111
55,5.2,5.3,143358,1269,5,24,2,48113
2511,0.0,0.0,0,0,0,0,0,48115
2513,0.0,0.0,0,0,0,0,0,48117
2530,0.0,0.0,0,0,0,0,0,48119
430,1.7,1.1,15152,209,1,4,0,48121
2541,0.0,0.0,0,0,0,0,0,48123
2542,0.0,0.0,0,0,0,0,0,48125
2549,0.0,0.0,0,0,0,0,0,48127
2557,0.0,0.0,0,0,0,0,0,48129
2572,0.0,0.0,0,0,0,0,0,48131
2576,0.0,0.0,0,0,0,0,0,48133
390,1.9,1.0,19408,101,2,8,0,48135
2585,0.0,0.0,0,0,0,0,0,48137
2594,0.0,0.0,0,0,0,0,0,48139
120,4.1,2.8,42387,769,5,16,1,48141
2603,0.0,0.0,0,0,0,0,0,48143
787,0.3,0.1,1297,12,1,1,1,48145
2615,0.0,0.0,0,0,0,0,0,48147
968,0.1,0.0,277,3,0,0,0,48149
2629,0.0,0.0,0,0,0,0,0,48151
2636,0.0,0.0,0,0,0,0,0,48153
2638,0.0,0.0,0,0,0,0,0,48155
763,0.4,0.2,1593,54,0,1,1,48157
2660,0.0,0.0,0,0,0,0,0,48159
2663,0.0,0.0,0,0,0,0,0,48161
2668,0.0,0.0,0,0,0,0,0,48163
2678,0.0,0.0,0,0,0,0,0,48165
658,0.7,0.4,4213,54,1,1,0,48167
2690,0.0,0.0,0,0,0,0,0,48169
2705,0.0,0.0,0,0,0,0,0,48171
2712,0.0,0.0,0,0,0,0,0,48173
2719,0.0,0.0,0,0,0,0,0,48175
2720,0.0,0.0,0,0,0,0,1,48177
2749,0.0,0.0,0,0,0,0,0,48179
661,0.7,0.3,1732,55,1,1,0,48181
460,1.5,0.7,12288,94,2,6,0,48183
2774,0.0,0.0,0,0,0,0,0,48185
2780,0.0,0.0,0,0,0,0,0,48187
2787,0.0,0.0,0,0,0,0,0,48189
2791,0.0,0.0,0,0,0,0,0,48191
2799,0.0,0.0,0,0,0,0,0,48193
2812,0.0,0.0,0,0,0,0,0,48195
2817,0.0,0.0,0,0,0,0,0,48197
2823,0.0,0.0,0,0,0,0,0,48199
130,3.9,3.4,137574,1196,3,20,2,48201
929,0.1,0.1,569,4,0,0,0,48203
2840,0.0,0.0,0,0,0,0,0,48205
2843,0.0,0.0,0,0,0,0,0,48207
908,0.2,0.1,768,6,0,0,0,48209
2848,0.0,0.0,0,0,0,0,0,48211
2850,0.0,0.0,0,0,0,0,0,48213
557,1.1,0.5,14424,80,1,5,0,48215
2866,0.0,0.0,0,0,0,0,0,48217
2871,0.0,0.0,0,0,0,0,0,48219
2879,0.0,0.0,0,0,0,0,0,48221
2883,0.0,0.0,0,0,0,0,0,48223
2888,0.0,0.0,0,0,0,0,0,48225
2894,0.0,0.0,0,0,0,0,0,48227
2897,0.0,0.0,0,0,0,0,0,48229
2904,0.0,0.0,0,0,0,0,0,48231
2909,0.0,0.0,0,0,0,0,0,48233
2920,0.0,0.0,0,0,0,0,1,48235
2931,0.0,0.0,0,0,0,0,0,48237
2947,0.0,0.0,0,0,0,0,1,48239
2956,0.0,0.0,0,0,0,0,0,48241
2959,0.0,0.0,0,0,0,0,0,48243
319,2.3,1.3,13583,222,2,7,0,48245
2983,0.0,0.0,0,0,0,0,1,48247
2984,0.0,0.0,0,0,0,0,0,48249
918,0.2,0.1,384,4,0,0,0,48251
2996,0.0,0.0,0,0,0,0,0,48253
3005,0.0,0.0,0,0,0,0,0,48255
790,0.3,0.1,759,24,1,1,0,48257
3013,0.0,0.0,0,0,0,0,0,48259
3014,0.0,0.0,0,0,0,0,0,48261
3015,0.0,0.0,0,0,0,0,0,48263
3017,0.0,0.0,0,0,0,0,0,48265
3023,0.0,0.0,0,0,0,0,0,48267
3025,0.0,0.0,0,0,0,0,0,48269
3031,0.0,0.0,0,0,0,0,1,48271
3037,0.0,0.0,0,0,0,0,0,48273
3045,0.0,0.0,0,0,0,0,0,48275
3069,0.0,0.0,0,0,0,0,0,48277
3070,0.0,0.0,0,0,0,0,0,48279
3072,0.0,0.0,0,0,0,0,0,48281
3081,0.0,0.0,0,0,0,0,0,48283
3090,0.0,0.0,0,0,0,0,0,48285
1011,0.1,0.0,184,1,0,0,0,48287
3113,0.0,0.0,0,0,0,0,0,48289
729,0.5,0.2,1553,16,0,2,0,48291
3129,0.0,0.0,0,0,0,0,0,48293
1113,0.0,0.0,0,0,0,0,0,48295
1115,0.0,0.0,0,0,0,0,0,48297
1120,0.0,0.0,0,0,0,0,0,48299
1136,0.0,0.0,0,0,0,0,0,48301
258,2.6,1.6,23806,404,2,7,0,48303
1145,0.0,0.0,0,0,0,0,0,48305
1220,0.0,0.0,0,0,0,0,0,48307
412,1.8,0.9,19156,158,2,8,0,48309
1236,0.0,0.0,0,0,0,0,0,48311
1169,0.0,0.0,0,0,0,0,0,48313
1189,0.0,0.0,0,0,0,0,0,48315
1205,0.0,0.0,0,0,0,0,0,48317
1209,0.0,0.0,0,0,0,0,0,48319
1212,0.0,0.0,0,0,0,0,0,48321
1214,0.0,0.0,0,0,0,0,0,48323
1246,0.0,0.0,0,0,0,0,0,48325
1252,0.0,0.0,0,0,0,0,0,48327
348,2.1,1.1,34011,130,3,11,0,48329
1268,0.0,0.0,0,0,0,0,0,48331
1274,0.0,0.0,0,0,0,0,0,48333
1287,0.0,0.0,0,0,0,0,0,48335
1299,0.0,0.0,0,0,0,0,0,48337
935,0.1,0.0,16569,7,0,1,1,48339
1315,0.0,0.0,0,0,0,0,0,48341
1329,0.0,0.0,0,0,0,0,0,48343
1333,0.0,0.0,0,0,0,0,0,48345
604,0.9,0.4,4739,41,1,3,0,48347
1343,0.0,0.0,0,0,0,0,0,48349
1360,0.0,0.0,0,0,0,0,0,48351
1370,0.0,0.0,0,0,0,0,0,48353
104,4.3,2.8,38724,748,4,15,1,48355
1389,0.0,0.0,0,0,0,0,0,48357
1399,0.0,0.0,0,0,0,0,0,48359
1086,0.0,0.0,0,0,0,0,0,48361
1435,0.0,0.0,0,0,0,0,0,48363
1437,0.0,0.0,0,0,0,0,0,48365
1440,0.0,0.0,0,0,0,0,0,48367
1441,0.0,0.0,0,0,0,0,0,48369
1450,0.0,0.0,0,0,0,0,0,48371
1510,0.0,0.0,0,0,0,0,0,48373
286,2.4,1.3,34570,134,2,12,0,48375
1536,0.0,0.0,0,0,0,0,1,48377
1554,0.0,0.0,0,0,0,0,0,48379
504,1.3,0.6,21601,62,1,7,0,48381
1569,0.0,0.0,0,0,0,0,0,48383
1570,0.0,0.0,0,0,0,0,0,48385
1572,0.0,0.0,0,0,0,0,0,48387
1575,0.0,0.0,0,0,0,0,0,48389
1576,0.0,0.0,0,0,0,0,0,48391
1602,0.0,0.0,0,0,0,0,0,48393
1604,0.0,0.0,0,0,0,0,0,48395
868,0.2,0.1,659,22,0,0,0,48397
1621,0.0,0.0,0,0,0,0,0,48399
1624,0.0,0.0,0,0,0,0,0,48401
1630,0.0,0.0,0,0,0,0,0,48403
1640,0.0,0.0,0,0,0,0,0,48405
1645,0.0,0.0,0,0,0,0,0,48407
974,0.1,0.0,469,5,0,0,0,48409
1648,0.0,0.0,0,0,0,0,0,48411
1653,0.0,0.0,0,0,0,0,0,48413
1672,0.0,0.0,0,0,0,0,0,48415
1683,0.0,0.0,0,0,0,0,0,48417
1695,0.0,0.0,0,0,0,0,0,48419
1705,0.0,0.0,0,0,0,0,0,48421
546,1.1,0.5,15796,72,1,5,0,48423
1723,0.0,0.0,0,0,0,0,0,48425
1075,0.0,0.0,11,0,0,0,0,48427
1743,0.0,0.0,0,0,0,0,0,48429
1745,0.0,0.0,0,0,0,0,0,48431
1765,0.0,0.0,0,0,0,0,0,48433
1778,0.0,0.0,0,0,0,0,0,48435
1784,0.0,0.0,0,0,0,0,0,48437
455,1.6,0.8,14354,227,1,4,0,48439
374,2.0,1.1,18601,108,2,9,0,48441
817,0.3,0.0,0,12,0,0,0,48443
1806,0.0,0.0,0,0,0,0,0,48445
1816,0.0,0.0,0,0,0,0,0,48447
1824,0.0,0.0,0,0,0,0,0,48449
454,1.6,0.8,11083,85,2,5,0,48451
113,4.2,3.1,126650,1400,4,18,3,48453
1839,0.0,0.0,0,0,0,0,0,48455
1851,0.0,0.0,0,0,0,0,0,48457
1870,0.0,0.0,0,0,0,0,0,48459
1873,0.0,0.0,0,0,0,0,0,48461
1874,0.0,0.0,0,0,0,0,0,48463
793,0.3,0.2,0,1,0,0,0,48465
1883,0.0,0.0,0,0,0,0,0,48467
321,2.3,1.3,9870,261,2,5,0,48469
1899,0.0,0.0,0,0,0,0,0,48471
1901,0.0,0.0,0,0,0,0,0,48473
1907,0.0,0.0,0,0,0,0,0,48475
1934,0.0,0.0,0,0,0,0,0,48477
125,4.1,2.7,40784,672,5,16,1,48479
1968,0.0,0.0,0,0,0,0,0,48481
1972,0.0,0.0,0,0,0,0,0,48483
386,1.9,1.0,10122,125,2,6,0,48485
1984,0.0,0.0,0,0,0,0,0,48487
1991,0.0,0.0,0,0,0,0,0,48489
618,0.8,0.2,7866,91,1,2,0,48491
1994,0.0,0.0,0,0,0,0,0,48493
1995,0.0,0.0,0,0,0,0,0,48495
2002,0.0,0.0,0,0,0,0,0,48497
994,0.1,0.0,0,1,0,0,0,48499
2030,0.0,0.0,0,0,0,0,0,48501
2032,0.0,0.0,0,0,0,0,0,48503
2035,0.0,0.0,0,0,0,0,0,48505
2036,0.0,0.0,0,0,0,0,0,48507
2142,0.0,0.0,0,0,0,0,0,49001
392,1.9,0.8,5733,226,1,5,0,49003
290,2.4,1.4,27359,236,5,15,2,49005
840,0.3,0.1,9,6,0,0,0,49007
2495,0.0,0.0,0,0,0,0,0,49009
68,4.9,2.5,54698,1129,3,19,2,49011
2566,0.0,0.0,0,0,0,0,0,49013
1044,0.0,0.0,0,3,0,0,1,49015
2687,0.0,0.0,0,0,0,0,0,49017
784,0.3,0.1,436,11,0,0,0,49019
2922,0.0,0.0,0,0,0,0,0,49021
811,0.3,0.1,0,10,0,0,0,49023
3004,0.0,0.0,0,0,0,0,0,49025
1269,0.0,0.0,0,0,0,0,0,49027
1066,0.0,0.0,12,0,0,0,0,49029
1495,0.0,0.0,0,0,0,0,0,49031
1585,0.0,0.0,0,0,0,0,0,49033
26,6.9,6.2,119546,2611,6,31,4,49035
766,0.4,0.1,407,15,1,1,0,49037
807,0.3,0.1,554,8,0,0,0,49039
911,0.2,0.0,85,4,0,0,0,49041
194,3.2,1.9,7975,1660,4,5,1,49043
308,2.3,0.9,4759,330,2,4,1,49045
1855,0.0,0.0,0,0,0,0,0,49047
143,3.7,1.9,35885,1082,2,9,2,49049
831,0.3,0.0,2644,241,1,1,0,49051
493,1.3,0.7,5907,143,1,3,0,49053
1950,0.0,0.0,0,0,0,0,0,49055
56,5.2,3.0,45235,1563,3,19,1,49057
555,1.1,0.4,10479,169,3,6,0,50001
498,1.3,0.5,4037,167,3,4,0,50003
643,0.7,0.3,1984,55,1,2,0,50005
193,3.2,1.8,52841,549,6,16,2,50007
1005,0.1,0.0,2,5,0,0,0,50009
582,0.9,0.4,20227,35,1,6,0,50011
571,1.0,0.0,295,196,0,0,0,50013
623,0.8,0.2,2715,106,1,3,0,50015
671,0.6,0.2,7200,54,1,4,0,50017
728,0.5,0.1,977,26,1,1,0,50019
350,2.1,1.2,7019,318,4,6,1,50021
459,1.5,0.7,20290,143,3,7,1,50023
533,1.2,0.5,3464,122,2,3,1,50025
572,1.0,0.4,7761,88,2,4,0,50027
2040,0.0,0.0,0,0,0,0,0,51001
364,2.0,1.2,22117,453,2,5,1,51003
627,0.8,0.4,1122,35,1,1,0,51005
2070,0.0,0.0,0,0,0,0,1,51007
683,0.6,0.3,5506,45,1,3,0,51009
2082,0.0,0.0,0,0,0,0,0,51011
9,8.9,15.9,629260,5505,19,45,27,51013
2103,0.0,0.0,0,0,0,0,0,51015
2135,0.0,0.0,0,0,0,0,1,51017
919,0.2,0.0,1770,12,0,1,0,51019
2175,0.0,0.0,0,0,0,0,0,51021
1068,0.0,0.0,25,1,0,0,0,51023
2225,0.0,0.0,0,0,0,0,0,51025
2228,0.0,0.0,0,0,0,0,0,51027
835,0.3,0.0,3463,13,0,1,1,51029
734,0.4,0.1,4300,40,1,2,0,51031
752,0.4,0.1,1840,20,1,2,0,51033
2294,0.0,0.0,0,0,0,0,0,51035
2322,0.0,0.0,0,0,0,0,0,51036
2325,0.0,0.0,0,0,0,0,0,51037
750,0.4,0.2,6781,88,0,1,0,51041
2379,0.0,0.0,0,0,0,0,0,51043
2457,0.0,0.0,0,0,0,0,0,51045
723,0.5,0.3,47,5,0,0,1,51047
2484,0.0,0.0,0,0,0,0,0,51049
2543,0.0,0.0,0,0,0,0,0,51051
906,0.2,0.1,404,3,0,0,0,51053
2606,0.0,0.0,0,0,0,0,0,51057
47,5.7,5.1,153102,1401,7,26,10,51059
2619,0.0,0.0,0,0,0,0,1,51061
2637,0.0,0.0,0,0,0,0,0,51063
726,0.5,0.1,12859,12,0,3,0,51065
941,0.1,0.0,297,6,0,0,0,51067
1046,0.0,0.0,174,1,0,0,0,51069
2704,0.0,0.0,0,0,0,0,0,51071
2714,0.0,0.0,0,0,0,0,0,51073
2721,0.0,0.0,0,0,0,0,0,51075
2751,0.0,0.0,0,0,0,0,0,51077
864,0.2,0.0,2724,8,0,1,0,51079
2767,0.0,0.0,0,0,0,0,0,51081
2789,0.0,0.0,0,0,0,0,0,51083
923,0.1,0.1,712,5,0,0,0,51085
285,2.4,1.5,46361,572,1,7,1,51087
2858,0.0,0.0,0,0,0,0,0,51089
2865,0.0,0.0,0,0,0,0,0,51091
855,0.2,0.1,4728,10,0,1,0,51093
415,1.8,0.9,8040,219,2,5,0,51095
3024,0.0,0.0,0,0,0,0,0,51097
3027,0.0,0.0,0,0,0,0,1,51099
3030,0.0,0.0,0,0,0,0,0,51101
3074,0.0,0.0,0,0,0,0,0,51103
3109,0.0,0.0,0,0,0,0,0,51105
341,2.2,0.9,165631,191,2,12,4,51107
1133,0.0,0.0,0,0,0,0,0,51109
1143,0.0,0.0,0,0,0,0,0,51111
901,0.2,0.0,892,6,0,0,0,51113
1213,0.0,0.0,0,0,0,0,0,51115
1245,0.0,0.0,0,0,0,0,0,51117
1267,0.0,0.0,0,0,0,0,0,51119
207,3.0,2.7,17310,940,4,7,5,51121
900,0.2,0.0,547,5,0,1,0,51125
1354,0.0,0.0,0,0,0,0,0,51127
1374,0.0,0.0,0,0,0,0,1,51131
1377,0.0,0.0,0,0,0,0,0,51133
1381,0.0,0.0,0,0,0,0,0,51135
1406,0.0,0.0,0,0,0,0,1,51137
1433,0.0,0.0,0,0,0,0,0,51139
1443,0.0,0.0,0,0,0,0,0,51141
1494,0.0,0.0,0,0,0,0,0,51143
1530,0.0,0.0,0,0,0,0,0,51145
1539,0.0,0.0,0,0,0,0,0,51147
859,0.2,0.1,1895,23,1,1,0,51149
328,2.2,1.2,14935,258,2,6,5,51153
717,0.5,0.2,1565,70,1,1,0,51155
1565,0.0,0.0,0,0,0,0,0,51157
1591,0.0,0.0,0,0,0,0,1,51159
584,0.9,0.5,12216,100,1,3,0,51161
846,0.3,0.1,1165,24,0,1,0,51163
821,0.3,0.1,4300,89,1,1,0,51165
1628,0.0,0.0,0,0,0,0,0,51167
1669,0.0,0.0,0,0,0,0,0,51169
1696,0.0,0.0,0,0,0,0,0,51171
1720,0.0,0.0,0,0,0,0,0,51173
1724,0.0,0.0,0,0,0,0,0,51175
558,1.1,0.5,8887,69,2,4,2,51177
508,1.3,0.6,6810,82,1,3,4,51179
798,0.3,0.1,183,26,1,0,2,51181
1777,0.0,0.0,0,0,0,0,0,51183
1801,0.0,0.0,0,0,0,0,0,51185
1915,0.0,0.0,0,0,0,0,0,51187
980,0.1,0.0,1820,6,0,1,0,51191
1964,0.0,0.0,0,0,0,0,0,51193
2003,0.0,0.0,0,0,0,0,0,51195
2021,0.0,0.0,0,0,0,0,0,51197
662,0.7,0.3,4383,130,1,2,0,51199
11,8.6,11.8,416204,4254,17,39,23,51510
282,2.5,1.3,17643,130,3,15,1,51520
505,1.3,0.6,1508,57,1,1,0,51530
25,6.9,6.8,49863,2530,11,14,8,51540
366,2.0,1.1,18850,246,2,6,0,51550
667,0.7,0.3,3031,29,1,2,1,51570
510,1.3,0.6,2216,37,1,2,0,51580
927,0.1,0.1,0,0,0,0,2,51590
2602,0.0,0.0,0,0,0,0,0,51595
31,6.5,4.7,174963,1159,7,35,10,51600
12,8.6,12.1,407904,2491,10,44,21,51610
2644,0.0,0.0,0,0,0,0,0,51620
101,4.3,3.0,31838,387,7,13,4,51630
2679,0.0,0.0,0,0,0,0,0,51640
73,4.8,2.6,36193,963,5,15,2,51650
53,5.3,3.1,29781,1335,13,11,2,51660
434,1.6,0.8,7094,74,1,4,1,51670
453,1.6,0.8,2775,55,1,2,0,51678
145,3.6,2.3,29221,416,5,15,3,51680
128,4.0,2.8,20253,227,3,7,3,51683
181,3.3,2.3,15850,98,2,5,6,51685
1206,0.0,0.0,0,0,0,0,1,51690
79,4.7,2.8,41070,910,6,15,3,51700
38,6.1,5.3,72788,1497,5,21,3,51710
1379,0.0,0.0,0,0,0,0,0,51720
165,3.4,2.0,14105,393,6,12,2,51730
1518,0.0,0.0,0,0,0,0,0,51735
131,3.9,2.8,28802,463,3,9,2,51740
102,4.3,2.8,8275,725,4,6,0,51750
17,7.7,9.0,140933,5564,10,28,5,51760
77,4.7,2.9,49891,675,10,17,3,51770
322,2.3,1.1,37607,178,3,11,0,51775
777,0.4,0.2,0,2,0,0,0,51790
893,0.2,0.1,806,10,0,0,0,51800
186,3.2,1.8,30693,484,2,8,0,51810
1951,0.0,0.0,0,0,0,0,0,51820
76,4.7,3.2,15784,695,5,9,6,51830
920,0.2,0.1,441,4,0,0,0,51840
2050,0.0,0.0,0,0,0,0,0,53001
872,0.2,0.0,264,0,0,0,0,53003
136,3.8,2.6,29425,614,4,16,1,53005
166,3.4,2.2,18788,631,6,12,1,53007
330,2.2,1.1,6783,294,3,10,1,53009
146,3.6,1.8,37587,750,3,12,2,53011
2428,0.0,0.0,0,0,0,0,1,53013
370,2.0,1.3,8687,165,2,5,0,53015
246,2.7,1.5,16172,330,5,11,0,53017
2627,0.0,0.0,0,0,0,0,0,53019
124,4.1,2.8,26747,719,5,15,0,53021
2688,0.0,0.0,0,0,0,0,0,53023
507,1.3,0.6,4316,162,3,3,2,53025
1010,0.1,0.0,12,3,0,0,0,53027
304,2.4,1.1,4698,263,4,14,2,53029
324,2.3,1.3,2884,250,5,10,2,53031
39,6.1,6.0,233130,3051,10,30,14,53033
249,2.7,1.8,14201,249,4,12,9,53035
786,0.3,0.1,617,15,0,0,0,53037
928,0.1,0.1,0,1,0,0,0,53039
853,0.2,0.2,0,6,0,0,0,53041
1107,0.0,0.0,0,0,0,0,0,53043
562,1.0,0.4,2238,150,3,2,2,53045
876,0.2,0.0,453,6,0,0,0,53047
583,0.9,0.4,1156,102,1,1,0,53049
1455,0.0,0.0,0,0,0,0,0,53051
188,3.2,2.0,41555,603,3,14,3,53053
501,1.3,0.8,130,196,5,0,2,53055
235,2.8,1.7,17628,366,4,11,1,53057
756,0.4,0.1,458,38,1,1,0,53059
109,4.3,2.5,71302,1004,5,22,5,53061
116,4.2,3.8,56446,940,4,16,2,53063
870,0.2,0.0,307,11,0,0,0,53065
213,3.0,1.8,29247,433,3,11,1,53067
1895,0.0,0.0,0,0,0,0,3,53069
208,3.0,1.8,11992,395,4,8,0,53071
160,3.5,3.0,20950,846,5,14,2,53073
1098,0.0,0.0,0,0,0,0,5,53075
307,2.3,1.3,21806,261,3,9,0,53077
2122,0.0,0.0,0,0,0,0,0,54001
590,0.9,0.6,3911,58,1,1,0,54003
721,0.5,0.1,1996,26,1,3,0,54005
2205,0.0,0.0,0,0,0,0,0,54007
2213,0.0,0.0,0,0,0,0,0,54009
221,2.9,1.7,32205,331,4,15,1,54011
2261,0.0,0.0,0,0,0,0,0,54013
2394,0.0,0.0,0,0,0,0,0,54015
2553,0.0,0.0,0,0,0,0,0,54017
939,0.1,0.1,15,7,0,0,0,54019
2708,0.0,0.0,0,0,0,0,0,54021
724,0.5,0.1,2827,19,1,2,1,54023
972,0.1,0.0,17,1,0,0,0,54025
713,0.5,0.1,1798,29,1,3,0,54027
2810,0.0,0.0,0,0,0,0,1,54029
649,0.7,0.2,3676,48,2,4,0,54031
885,0.2,0.1,526,6,0,0,0,54033
2949,0.0,0.0,0,0,0,0,0,54035
650,0.7,0.3,3323,41,1,1,2,54037
463,1.5,0.7,13653,246,3,2,2,54039
3124,0.0,0.0,0,0,0,0,0,54041
639,0.7,0.2,2219,68,1,2,0,54043
666,0.7,0.2,1642,54,1,2,0,54045
1224,0.0,0.0,0,0,0,0,0,54047
539,1.1,0.5,3102,110,2,1,0,54049
765,0.4,0.2,3500,30,0,2,0,54051
1210,0.0,0.0,0,0,0,0,0,54053
1261,0.0,0.0,0,0,0,0,0,54055
654,0.7,0.2,5847,42,2,5,0,54057
758,0.4,0.1,1066,11,0,2,0,54059
151,3.5,6.6,29486,617,6,14,2,54061
1040,0.0,0.0,45,1,0,0,0,54063
1326,0.0,0.0,0,0,0,0,0,54065
1362,0.0,0.0,0,0,0,0,0,54067
357,2.1,1.1,16273,242,3,7,1,54069
780,0.3,0.0,8535,5,0,2,0,54071
1498,0.0,0.0,0,0,0,0,0,54073
1501,0.0,0.0,0,0,0,0,0,54075
725,0.5,0.1,855,35,1,1,0,54077
1022,0.1,0.0,138,6,0,0,0,54079
1069,0.0,0.0,0,0,0,0,0,54081
1562,0.0,0.0,0,0,0,0,0,54083
1598,0.0,0.0,0,0,0,0,0,54085
1600,0.0,0.0,0,0,0,0,0,54087
879,0.2,0.1,7,2,0,0,0,54089
1800,0.0,0.0,0,0,0,0,0,54091
1843,0.0,0.0,0,0,0,0,0,54093
1852,0.0,0.0,0,0,0,0,0,54095
1871,0.0,0.0,0,0,0,0,0,54097
636,0.8,0.4,9178,46,1,4,0,54099
1958,0.0,0.0,0,0,0,0,0,54101
1966,0.0,0.0,0,0,0,0,0,54103
2001,0.0,0.0,0,0,0,0,0,54105
329,2.2,1.3,14869,318,4,6,0,54107
2020,0.0,0.0,0,0,0,0,0,54109
2051,0.0,0.0,0,0,0,0,0,55001
524,1.2,0.6,2086,109,2,2,1,55003
2126,0.0,0.0,0,0,0,0,0,55005
774,0.4,0.1,236,33,1,1,2,55007
268,2.6,1.5,22059,317,2,8,0,55009
1099,0.0,0.0,0,0,0,0,0,55011
2238,0.0,0.0,0,0,0,0,0,55013
624,0.8,0.4,8999,50,1,3,0,55015
961,0.1,0.1,701,7,0,0,0,55017
2377,0.0,0.0,0,0,0,0,0,55019
820,0.3,0.2,87,4,0,0,0,55021
2468,0.0,0.0,0,0,0,0,0,55023
142,3.7,2.9,83340,1031,6,17,5,55025
1079,0.0,0.0,1,0,0,0,0,55027
2559,0.0,0.0,0,0,0,0,0,55029
294,2.4,1.4,14685,196,2,6,1,55031
2570,0.0,0.0,0,0,0,0,0,55033
239,2.8,1.7,19498,276,5,9,0,55035
2632,0.0,0.0,0,0,0,0,0,55037
484,1.4,0.8,12791,79,2,6,0,55039
2641,0.0,0.0,0,0,0,0,0,55041
1089,0.0,0.0,0,0,0,0,0,55043
2755,0.0,0.0,0,0,0,0,0,55045
2765,0.0,0.0,0,0,0,0,0,55047
2919,0.0,0.0,0,0,0,0,0,55049
2923,0.0,0.0,0,0,0,0,0,55051
2948,0.0,0.0,0,0,0,0,0,55053
2974,0.0,0.0,0,0,0,0,0,55055
2998,0.0,0.0,0,0,0,0,0,55057
222,2.9,2.0,15605,308,5,11,1,55059
3018,0.0,0.0,0,0,0,0,0,55061
255,2.6,1.7,24745,284,2,8,1,55063
3057,0.0,0.0,0,0,0,0,0,55065
3077,0.0,0.0,0,0,0,0,0,55067
1108,0.0,0.0,0,0,0,0,0,55069
1175,0.0,0.0,0,0,0,0,0,55071
448,1.6,0.9,9198,146,2,4,0,55073
1178,0.0,0.0,0,0,0,0,0,55075
1191,0.0,0.0,0,0,0,0,0,55077
1255,0.0,0.0,0,0,0,0,2,55078
27,6.8,5.9,183465,2328,7,44,5,55079
850,0.2,0.2,0,6,0,0,0,55081
1390,0.0,0.0,0,0,0,0,0,55083
1402,0.0,0.0,0,0,0,0,0,55085
360,2.1,1.3,24372,172,2,8,0,55087
719,0.5,0.2,12433,69,0,2,0,55089
1457,0.0,0.0,0,0,0,0,0,55091
1052,0.0,0.0,0,1,0,0,0,55093
1511,0.0,0.0,0,0,0,0,0,55095
1519,0.0,0.0,0,0,0,0,0,55097
1538,0.0,0.0,0,0,0,0,0,55099
231,2.9,1.8,19151,390,3,9,1,55101
1589,0.0,0.0,0,0,0,0,0,55103
355,2.1,1.3,13994,159,3,9,0,55105
1625,0.0,0.0,0,0,0,0,0,55107
1092,0.0,0.0,0,0,0,0,0,55109
1056,0.0,0.0,2,1,0,0,0,55111
1652,0.0,0.0,0,0,0,0,1,55113
1687,0.0,0.0,0,0,0,0,0,55115
305,2.3,1.5,13531,265,2,7,0,55117
1799,0.0,0.0,0,0,0,0,0,55119
1835,0.0,0.0,0,0,0,0,0,55121
1887,0.0,0.0,0,0,0,0,0,55123
1889,0.0,0.0,0,0,0,0,0,55125
1906,0.0,0.0,0,0,0,0,0,55127
1918,0.0,0.0,0,0,0,0,0,55129
966,0.1,0.0,650,44,0,0,0,55131
436,1.6,0.8,30355,244,1,7,0,55133
1939,0.0,0.0,0,0,0,0,0,55135
1940,0.0,0.0,0,0,0,0,0,55137
242,2.7,1.6,20931,289,2,7,0,55139
2005,0.0,0.0,0,0,0,0,0,55141
2054,0.0,0.0,0,0,0,0,2,56001
2166,0.0,0.0,0,0,0,0,0,56003
2272,0.0,0.0,0,0,0,0,2,56005
2279,0.0,0.0,0,0,0,0,0,56007
2439,0.0,0.0,0,0,0,0,4,56009
2474,0.0,0.0,0,0,0,0,0,56011
2667,0.0,0.0,0,0,0,0,0,56013
2724,0.0,0.0,0,0,0,0,0,56015
2884,0.0,0.0,0,0,0,0,0,56017
2991,0.0,0.0,0,0,0,0,0,56019
373,2.0,1.1,13918,132,2,5,0,56021
1109,0.0,0.0,0,0,0,0,1,56023
411,1.8,0.9,9391,105,2,6,0,56025
1364,0.0,0.0,0,0,0,0,0,56027
1438,0.0,0.0,0,0,0,0,0,56029
1497,0.0,0.0,0,0,0,0,0,56031
1701,0.0,0.0,0,0,0,0,0,56033
1768,0.0,0.0,0,0,0,0,0,56035
1782,0.0,0.0,0,0,0,0,2,56037
1809,0.0,0.0,0,0,0,0,4,56039
1854,0.0,0.0,0,0,0,0,3,56041
1917,0.0,0.0,0,0,0,0,0,56043
1965,0.0,0.0,0,0,0,0,9,56045
