id,10,20,30,40,50,60,70,80,90
2020-04-01-1001,0.0,0.0,0.0,0.0,0.0,0.0,0.0,0.0,0.0
2020-04-02-1001,0.0,0.0,0.0,0.0,0.0,0.0,0.0,0.0,0.0
2020-04-03-1001,0.0,0.0,0.0,0.0,0.0,0.0,0.0,0.0,0.0
2020-04-04-1001,0.0,0.0,0.0,0.0,0.0,0.0,0.0,0.0,0.0
2020-04-05-1001,0.0,0.0,0.0,0.0,0.0,0.0,0.0,0.0,0.0
2020-04-06-1001,0.3333333333333333,0.3333333333333333,0.3333333333333333,0.3333333333333333,0.3333333333333333,0.3333333333333333,0.3333333333333333,0.3333333333333333,0.3333333333333333
2020-04-07-1001,0.3333333333333333,0.3333333333333333,0.3333333333333333,0.3333333333333333,0.3333333333333333,0.3333333333333333,0.3333333333333333,0.3333333333333333,0.3333333333333333
2020-04-08-1001,0.33333333333333337,0.33333333333333337,0.33333333333333337,0.33333333333333337,0.33333333333333337,0.33333333333333337,0.33333333333333337,0.33333333333333337,0.33333333333333337
2020-04-09-1001,0.0,0.0,0.0,0.0,0.0,0.0,0.0,0.0,0.0
2020-04-10-1001,0.0,0.0,0.0,0.0,0.0,0.0,0.0,0.0,0.0
2020-04-11-1001,0.0,0.0,0.0,0.0,0.0,0.0,0.0,0.0,0.0
2020-04-12-1001,0.0,0.0,0.0,0.0,0.0,0.0,0.0,0.0,0.0
2020-04-13-1001,0.0,0.0,0.0,0.0,0.0,0.0,0.0,0.0,0.0
2020-04-14-1001,0.0,0.0,0.0,0.0,0.0,0.0,0.0,0.0,0.0
2020-04-15-1001,0.0,0.0,0.0,0.0,0.0,0.0,0.0,0.0,0.0
2020-04-16-1001,0.33333333333333326,0.33333333333333326,0.33333333333333326,0.33333333333333326,0.33333333333333326,0.33333333333333326,0.33333333333333326,0.33333333333333326,0.33333333333333326
2020-04-17-1001,0.3333333333333335,0.3333333333333335,0.3333333333333337,0.3333333333333335,0.3333333333333335,0.3333333333333335,0.3333333333333335,0.3333333333333335,0.3333333333333335
2020-04-18-1001,0.33333333333333326,0.33333333333333326,0.33333333333333304,0.33333333333333326,0.33333333333333326,0.33333333333333326,0.33333333333333326,0.33333333333333326,0.33333333333333326
2020-04-19-1001,0.0,0.0,0.0,0.0,0.0,0.0,0.0,0.0,0.0
2020-04-20-1001,-0.33333333333333326,-0.33333333333333326,-0.33333333333333304,-0.33333333333333326,-0.33333333333333326,-0.33333333333333326,-0.33333333333333326,-0.33333333333333326,-0.33333333333333326
2020-04-21-1001,-0.3333333333333335,-0.3333333333333335,-0.3333333333333337,-0.3333333333333335,-0.3333333333333335,-0.3333333333333335,-0.3333333333333335,-0.3333333333333335,-0.3333333333333335
2020-04-22-1001,0.0,0.0,0.0,0.0,0.0,0.0,0.0,0.0,0.0
2020-04-23-1001,0.3333333333333335,0.3333333333333335,0.3333333333333337,0.3333333333333335,0.3333333333333335,0.3333333333333335,0.3333333333333335,0.3333333333333335,0.3333333333333335
2020-04-24-1001,0.33333333333333326,0.33333333333333326,0.33333333333333304,0.33333333333333326,0.33333333333333326,0.33333333333333326,0.33333333333333326,0.33333333333333326,0.33333333333333326
2020-04-25-1001,0.0,0.0,0.0,0.0,0.0,0.0,0.0,0.0,0.0
2020-04-26-1001,0.0,0.0,0.0,0.0,0.0,0.0,0.0,0.0,0.0
2020-04-27-1001,0.33333333333333304,0.33333333333333304,0.33333333333333304,0.33333333333333304,0.33333333333333304,0.33333333333333304,0.33333333333333304,0.33333333333333304,0.33333333333333304
2020-04-28-1001,0.666666666666667,0.666666666666667,0.666666666666667,0.666666666666667,0.666666666666667,0.666666666666667,0.666666666666667,0.666666666666667,0.666666666666667
2020-04-29-1001,0.6666666666666665,0.6666666666666665,0.6666666666666661,0.6666666666666665,0.6666666666666665,0.6666666666666665,0.6666666666666665,0.6666666666666665,0.6666666666666665
2020-04-30-1001,0.3333333333333335,0.3333333333333335,0.3333333333333339,0.3333333333333335,0.3333333333333335,0.3333333333333335,0.3333333333333335,0.3333333333333335,0.3333333333333335
2020-05-01-1001,-0.3333333333333335,-0.3333333333333335,-0.3333333333333339,-0.3333333333333335,-0.3333333333333335,-0.3333333333333335,-0.3333333333333335,-0.3333333333333335,-0.3333333333333335
2020-05-02-1001,-0.3333333333333335,-0.3333333333333335,-0.33333333333333215,-0.3333333333333335,-0.3333333333333335,-0.3333333333333335,-0.3333333333333335,-0.3333333333333335,-0.3333333333333335
2020-05-03-1001,-0.33333333333333304,-0.33333333333333304,-0.3333333333333339,-0.33333333333333304,-0.33333333333333304,-0.33333333333333304,-0.33333333333333304,-0.33333333333333304,-0.33333333333333304
2020-05-04-1001,0.0,0.0,0.0,0.0,0.0,0.0,0.0,0.0,0.0
2020-05-05-1001,0.0,0.0,0.0,0.0,0.0,0.0,0.0,0.0,0.0
2020-05-06-1001,0.0,0.0,0.0,0.0,0.0,0.0,0.0,0.0,0.0
2020-05-07-1001,0.1333332351902765,0.22066823334240837,0.2674910520357079,0.3283350161430958,0.3594719255734211,0.39038616817689764,0.42667209088137703,0.4795630242112674,0.5495864690439403
2020-05-08-1001,0.020938945537067877,0.027313130993233514,0.030730516190993207,0.03517124120747761,0.03744378302278717,0.03970007339618675,0.04234841833991165,0.04620868770646114,0.05131938139269154
2020-05-09-1001,0.005989486504307084,0.019268740915284077,0.02338641934600849,0.026829241540255122,0.032622243611298174,0.03455052978859685,0.036096461018571,0.03959694912296241,0.04369745506463918
2020-05-10-1001,0.015330942166832617,0.02055760501120707,0.023213128627498136,0.026570645911076163,0.028485787490408754,0.03020045589150655,0.03217801865741521,0.03512147011300781,0.03899228811779798
2020-05-11-1001,0.013275421500621665,0.017801311139083786,0.02010079116630381,0.023008143933673786,0.024666509833325634,0.026151281317732256,0.027863699183226842,0.030412502662778174,0.033764334533682216
2020-05-12-1001,0.009514097392864684,0.005242566760771616,0.01387061067017381,0.007719262034580954,0.021126158325531108,0.02162007905906682,0.021349636961587315,0.025301277709532943,0.02777490638794866
2020-05-13-1001,0.009776490303030183,0.01290075527756196,0.014788071779214373,0.01670039204489715,0.0182610835674466,0.019338683199303652,0.020558164578038163,0.02249422330885098,0.024964616322640243
2020-05-14-1001,0.008368067713384164,0.01104224423799316,0.012657669793882942,0.014294497016832164,0.015630351902951034,0.016552710173435514,0.017596510395821774,0.0192536562686616,0.021368159058243297
2020-05-15-1001,0.007141983987505096,0.009424341943089498,0.010803076418996582,0.012200076803914772,0.013340203118981542,0.014127418068019093,0.015018281374791886,0.016432623334507124,0.018237310579156674
2020-05-16-1001,0.006081347621111455,0.008024758884425776,0.00919874130161702,0.01038827700799505,0.011359086304966848,0.01202939413063664,0.012787957781975834,0.013992259713653699,0.01552893782736886
2020-05-17-1001,0.005169101357931805,0.006820986832353881,0.007818863369757345,0.008829960090129596,0.009655140949360597,0.010224897738115413,0.010869671338395115,0.011893319243142741,0.013199484491243307
2020-05-18-1001,0.004388548995705399,0.005790993992969895,0.006638187687350694,0.007496605270889578,0.00819718093777988,0.008680902461105422,0.00922831299536142,0.01009738649059111,0.011206316223409285
2020-05-19-1001,0.0037237513891716922,0.004913747561463122,0.00563260445458047,0.0063609849904540106,0.006955434229907187,0.007365879389850338,0.007830365656124272,0.008567787897125978,0.00950873184856027
2020-05-20-1001,0.0031598058159931774,0.004169582364758728,0.004779571581103426,0.005397642126895974,0.005902064674975449,0.006250349742368044,0.006644491631081717,0.007270234556005839,0.00806867673421463
2020-05-21-1001,0.0026830242072248822,0.0035404360489605935,0.0040583842802455194,0.004583194452993933,0.005011504920779952,0.005307237418676447,0.005641907423757697,0.0061732322939702655,0.006851197908612328
2020-05-22-1001,0.002281027195083496,0.003009973181903547,0.0034503173271502874,0.0038964952904607664,0.004260632081449334,0.004512055034828766,0.004796581496020469,0.005248298060899437,0.0058246842150659894
2020-05-23-1001,0.001942771384636277,0.002563621239992653,0.002938666310309035,0.003318680095959703,0.0036288186770114805,0.003842957868477992,0.004085291615381514,0.004470022677819596,0.0049609359511140205
2020-05-24-1001,0.0016585245260767323,0.0021885378463610827,0.002508710076828624,0.0028331240499461785,0.003097886258833338,0.003280694747699542,0.003487572646929671,0.0038160137121234783,0.00423510147014472
2020-05-25-1001,0.0014198033680035138,0.0018735287639159992,0.0021476167282550307,0.0024253358963561844,0.0026519893283598606,0.00280848511971854,0.0029855858700980065,0.0032667524873040144,0.003625518487428092
2020-05-26-1001,0.0012192860692659124,0.0016089323167491898,0.0018443111334240925,0.0020828083228709993,0.002277451735065217,0.0024118457945525584,0.0025639347969166337,0.0028053925559485826,0.0031134904207212877
2020-05-27-1001,0.001050709248794135,0.0013864835402488396,0.001589319204400752,0.00179484209937808,0.0019625743802307305,0.002078387301289286,0.002209448686680826,0.0024175228269505133,0.002683023503296411
2020-05-28-1001,0.0009087577291517768,0.0011991686900927334,0.0013746011208608522,0.0015523577357794416,0.0016974292737210739,0.001797595791973361,0.0019109506968657541,0.0020909138821383344,0.0023205452401962035
2020-05-29-1001,0.0007889533025600137,0.0010410784613159585,0.0011933830758352748,0.0013477054699051472,0.001473651764825945,0.0015606130118626105,0.0016590239785112537,0.0018152620437361655,0.0020146203682918085
2020-05-30-1001,0.0006875467618963071,0.0009072655157607024,0.0010399939601368757,0.0011744808327893708,0.0012842388716549635,0.0013600227280838872,0.0014457846372306626,0.0015819409540638318,0.0017556751536162984
2020-05-31-1001,0.0006014164951868572,0.0007936106704780066,0.0009097119747849547,0.0010273514257761462,0.0011233598701636538,0.0011896501413879434,0.001264668496034016,0.0013837682568138554,0.001535738448778634
2020-06-01-1001,0.0005279756246059364,0.0006967003612161626,0.0007986241680120187,0.0009018982935344866,0.0009861828430897113,0.0010443781996096746,0.001110235825678263,0.0012147919379419392,0.001348204569066258
2020-06-02-1001,0.00046508909863440806,0.0006137172398026358,0.0007035010275817655,0.000794474299286918,0.0008687198200183488,0.0009199835993434213,0.000977997004732778,0.0010700995673196267,0.0011876215843664717
2020-06-03-1001,0.00041099902412788936,0.0005423416446239671,0.0006216835368948459,0.0007020765755667568,0.0007676873083402036,0.0008129890867247802,0.00086425550658209,0.0009456464990909019,0.0010495006519009031
2020-06-04-1001,0.0003642621631341214,0.00048066912335720247,0.0005509886316974466,0.0006222397550548209,0.0006803895462756948,0.0007205398211422853,0.0007659764667220514,0.0008381120613361048,0.0009301564121315664
2020-06-05-1001,0.0003236943404982817,0.0004271370749688863,0.0004896251101813576,0.0005529410065863161,0.0006046146642537664,0.0006402934090128376,0.0006806697821701846,0.000744771646397524,0.000826565031608606
2020-06-06-1001,0.0002883241970867978,0.00038046372388444993,0.00043612367936241014,0.0004925210354769227,0.0005385483025426296,0.0005703284239357842,0.0006062928629604336,0.0006633903040449418,0.0007362461101783069
2020-06-07-1001,0.0002573543303796555,0.00033959684231765763,0.00038927817574396784,0.0004396177031407156,0.00048070102744857124,0.0005090675396712818,0.0005411689179699586,0.0005921333318630317,0.0006571634520935454
2020-06-08-1001,0.00023012891197460306,0.00030367101931716434,0.00034809658305468005,0.00039311071066405745,0.0004298478454525245,0.00045521347495069975,0.0004839188604384148,0.0005294917680385147,0.0005876423761610461
2020-06-09-1001,0.00020610704187040696,0.00027197249991983696,0.00031176072751204487,0.00035207608208720487,0.0003849784328298078,0.00040769628612524755,0.0004334052769570107,0.00047422108360573034,0.0005263016749568195
2020-06-10-1001,0.00018484097861426463,0.0002439104583000784,0.0002795933484063262,0.0003157489766927313,0.0003452564726753593,0.0003656303046257747,0.000388686649436476,0.00042529109329647596,0.00047199802472963626
2020-06-11-1001,0.00016595834960719813,0.0002189935230516582,0.00025103118913660794,0.00028349330032062525,0.00030998642631008266,0.0003282789475416159,0.00034897994664406795,0.0003818450241674931,0.0004237805587745669
2020-06-12-1001,0.00014914790947440082,0.00019681098437640543,0.00022560345508981783,0.00025477737753387686,0.0002785869319552603,0.00029502654651647475,0.00031363067669420985,0.00034316674775558553,0.00038085450094405005
2020-06-13-1001,0.00013414794161281662,0.0001770174891091436,0.00020291426965357573,0.000229154138911003,0.00025056914048482426,0.0002653554050882079,0.0002820884976113547,0.000308654093804428,0.00034255154856577263
2020-06-14-1001,0.000120737020228745,0.00015932085059500167,0.00018262870071028559,0.00020624534057223087,0.00022551946023074976,0.00023882752524206907,0.00025388779158763697,0.0002777975950967182,0.0003083062829833949
2020-06-15-1001,0.00010872661046068544,0.00014347228404432144,0.0001644615674916139,0.00018572892358381665,0.00020308573507277217,0.00021506996988263083,0.0002286321044246975,0.0002501634614784365,0.0002776372737121058
2020-06-16-1001,9.795515801203081e-05,0.0001292586073864399,0.00014816850044718777,0.00016732891773196812,0.00018296620473146064,0.00019376317163244394,0.00020598171708607893,0.00022537998098481893,0.00025013198610412957
2020-06-17-1001,8.828331026000669e-05,0.0001164959351926953,0.00013353871262244965,0.00015080727814087425,0.00016490057845874873,0.0001746314798034554,0.00018564359658368446,0.0002031265243327418,0.00022543457825952018
2020-06-18-1001,7.959019975301018e-05,0.00010502477450291536,0.00012038937802660854,0.00013595753666217902,0.00014866309317351778,0.00015743580887228603,0.00016736358085633896,0.00018312499383155156,0.00020323641084729616
2020-06-19-1001,7.177037023842203e-05,9.470596849503465e-05,0.00010856098188716246,0.0001225995508655764,0.00013405677170164054,0.00014196755789930293,0.00015091991476046118,0.00016513275061713628,0.00018326819756575574
2020-06-20-1001,6.473145666729962e-05,8.54176350957303e-05,9.791381138812838e-05,0.0001105755409631648,0.00012090908935613598,0.00012804402139332538,0.00013611837155158568,0.0001489372766956265,0.00016529408096488396
2020-06-21-1001,5.8391919299793926e-05,7.705217697928646e-05,8.832452824591996e-05,9.974621917674398e-05,0.00010906774158536692,0.00011550390720138637,0.00012278748812333262,0.00013435096148306513,0.00014910584641780744
2020-06-22-1001,5.267976120792994e-05,6.951458921911069e-05,7.968422878867898e-05,8.998859894804312e-05,9.839824844259937e-05,0.00010420479962025553,0.00011077586815710916,0.00012120815095562065,0.00013451964721111764
2020-06-23-1001,4.75310717376054e-05,6.272053728695326e-05,7.189624076131551e-05,8.119350684765436e-05,8.878123397693116e-05,9.402027823757209e-05,9.994911927391215e-05,0.00010936179637699439,0.0001213722852053678
2020-06-24-1001,4.2888891718551037e-05,5.659485960984867e-05,6.48744068256768e-05,7.326364409543373e-05,8.011030661414509e-05,8.483767323452795e-05,9.018746678890466e-05,9.868084331676741e-05,0.00010951831312233651
2020-06-25-1001,3.870246387593923e-05,5.107057846132079e-05,5.8541950750612415e-05,6.611230613362551e-05,7.22906590393535e-05,7.655658265104393e-05,8.138417747760585e-05,8.904850698332467e-05,9.882812046546618e-05
2020-06-26-1001,3.492635306123759e-05,4.608773901670915e-05,5.2830146612059536e-05,5.966187974815185e-05,6.523742490305295e-05,6.908713211295492e-05,7.344370956152702e-05,8.036024797997143e-05,8.918568695959195e-05
2020-06-27-1001,3.1519848187056e-05,4.159262017733312e-05,4.7677414184210676e-05,5.384282146225772e-05,5.887456172271044e-05,6.234879181432618e-05,6.628045509282643e-05,7.25223962581012e-05,8.048705538943324e-05
2020-06-28-1001,2.8446421258099264e-05,3.753702073083787e-05,4.3028500658515156e-05,4.859273344148818e-05,5.313384043637015e-05,5.6269306450307255e-05,5.981760240736378e-05,6.545090643861329e-05,7.263895022102673e-05
2020-06-29-1001,2.567325846980495e-05,3.3877640587043345e-05,3.883377135149857e-05,4.385556249975053e-05,4.795396955659115e-05,5.078376767597703e-05,5.398615009255536e-05,5.9070278923378794e-05,6.555758023463198e-05
2020-06-30-1001,2.317084943115333e-05,3.057553874885599e-05,3.504858839376013e-05,3.9580898411273324e-05,4.327982790064411e-05,4.583380157008321e-05,4.872404321476509e-05,5.331261477170557e-05,5.9167589592235004e-05
2020-04-01-1003,0.0,0.0,0.0,0.0,0.0,0.0,0.0,0.0,0.0
2020-04-02-1003,0.3333333333333333,0.3333333333333333,0.3333333333333333,0.3333333333333333,0.3333333333333333,0.3333333333333333,0.3333333333333333,0.3333333333333333,0.3333333333333333
2020-04-03-1003,0.33333333333333337,0.33333333333333337,0.33333333333333337,0.33333333333333337,0.33333333333333337,0.33333333333333337,0.33333333333333337,0.33333333333333337,0.33333333333333337
2020-04-04-1003,0.0,0.0,0.0,0.0,0.0,0.0,0.0,0.0,0.0
2020-04-05-1003,0.0,0.0,0.0,0.0,0.0,0.0,0.0,0.0,0.0
2020-04-06-1003,0.0,0.0,0.0,0.0,0.0,0.0,0.0,0.0,0.0
2020-04-07-1003,0.0,0.0,0.0,0.0,0.0,0.0,0.0,0.0,0.0
2020-04-08-1003,0.0,0.0,0.0,0.0,0.0,0.0,0.0,0.0,0.0
2020-04-09-1003,0.0,0.0,0.0,0.0,0.0,0.0,0.0,0.0,0.0
2020-04-10-1003,0.0,0.0,0.0,0.0,0.0,0.0,0.0,0.0,0.0
2020-04-11-1003,0.0,0.0,0.0,0.0,0.0,0.0,0.0,0.0,0.0
2020-04-12-1003,0.0,0.0,0.0,0.0,0.0,0.0,0.0,0.0,0.0
2020-04-13-1003,0.0,0.0,0.0,0.0,0.0,0.0,0.0,0.0,0.0
2020-04-14-1003,0.33333333333333326,0.33333333333333326,0.33333333333333326,0.33333333333333326,0.33333333333333326,0.33333333333333326,0.33333333333333326,0.33333333333333326,0.33333333333333326
2020-04-15-1003,0.3333333333333335,0.3333333333333335,0.3333333333333337,0.3333333333333335,0.3333333333333335,0.3333333333333335,0.3333333333333335,0.3333333333333335,0.3333333333333335
2020-04-16-1003,0.33333333333333326,0.33333333333333326,0.33333333333333304,0.33333333333333326,0.33333333333333326,0.33333333333333326,0.33333333333333326,0.33333333333333326,0.33333333333333326
2020-04-17-1003,0.0,0.0,0.0,0.0,0.0,0.0,0.0,0.0,0.0
2020-04-18-1003,0.0,0.0,0.0,0.0,0.0,0.0,0.0,0.0,0.0
2020-04-19-1003,0.33333333333333304,0.33333333333333304,0.33333333333333304,0.33333333333333304,0.33333333333333304,0.33333333333333304,0.33333333333333304,0.33333333333333304,0.33333333333333304
2020-04-20-1003,0.3333333333333335,0.3333333333333335,0.3333333333333335,0.3333333333333335,0.3333333333333335,0.3333333333333335,0.3333333333333335,0.3333333333333335,0.3333333333333335
2020-04-21-1003,0.3333333333333335,0.3333333333333335,0.3333333333333335,0.3333333333333335,0.3333333333333335,0.3333333333333335,0.3333333333333335,0.3333333333333335,0.3333333333333335
2020-04-22-1003,0.0,0.0,0.0,0.0,0.0,0.0,0.0,0.0,0.0
2020-04-23-1003,0.0,0.0,0.0,0.0,0.0,0.0,0.0,0.0,0.0
2020-04-24-1003,0.0,0.0,0.0,0.0,0.0,0.0,0.0,0.0,0.0
2020-04-25-1003,0.0,0.0,0.0,0.0,0.0,0.0,0.0,0.0,0.0
2020-04-26-1003,0.0,0.0,0.0,0.0,0.0,0.0,0.0,0.0,0.0
2020-04-27-1003,0.0,0.0,0.0,0.0,0.0,0.0,0.0,0.0,0.0
2020-04-28-1003,0.0,0.0,0.0,0.0,0.0,0.0,0.0,0.0,0.0
2020-04-29-1003,-0.3333333333333335,-0.3333333333333335,-0.3333333333333335,-0.3333333333333335,-0.3333333333333335,-0.3333333333333335,-0.3333333333333335,-0.3333333333333335,-0.3333333333333335
2020-04-30-1003,0.0,0.0,0.0,0.0,0.0,0.0,0.0,0.0,0.0
2020-05-01-1003,0.3333333333333335,0.3333333333333335,0.3333333333333335,0.3333333333333335,0.3333333333333335,0.3333333333333335,0.3333333333333335,0.3333333333333335,0.3333333333333335
2020-05-02-1003,0.6666666666666665,0.6666666666666665,0.6666666666666661,0.6666666666666665,0.6666666666666665,0.6666666666666665,0.6666666666666665,0.6666666666666665,0.6666666666666665
2020-05-03-1003,0.3333333333333335,0.3333333333333335,0.3333333333333339,0.3333333333333335,0.3333333333333335,0.3333333333333335,0.3333333333333335,0.3333333333333335,0.3333333333333335
2020-05-04-1003,0.0,0.0,0.0,0.0,0.0,0.0,0.0,0.0,0.0
2020-05-05-1003,0.33333333333333304,0.33333333333333304,0.33333333333333304,0.33333333333333304,0.33333333333333304,0.33333333333333304,0.33333333333333304,0.33333333333333304,0.33333333333333304
2020-05-06-1003,0.3333333333333339,0.3333333333333339,0.3333333333333339,0.3333333333333339,0.3333333333333339,0.3333333333333339,0.3333333333333339,0.3333333333333339,0.3333333333333339
2020-05-07-1003,0.05210040388525172,0.06640594365903052,0.09174771048195307,0.10228786490002939,0.11387351269826151,0.15553401335479222,0.22798846168665854,0.2447714046242151,0.3379949662596733
2020-05-08-1003,-0.03453205348498223,-0.0066419846044292186,0.009348687206617079,0.04829632500591696,0.049094306998649806,0.08028879375033249,0.060252698006665995,0.07795082545844068,0.11130567608496023
2020-05-09-1003,0.022362957306010678,0.019558955536967737,0.005161735827575953,0.015076559894363406,0.043483167970791214,0.03611637555543723,0.05212488453555064,0.13244902778097867,0.13514379606194016
2020-05-10-1003,0.040150901579205645,0.04846441094627174,0.08030870849254068,0.06741045811565982,0.09191953942371534,0.08082007448285022,0.1312302453324623,0.13952725810903122,0.11926235361849091
2020-05-11-1003,0.02456762949853175,0.08267846102373166,0.0860324012625,0.11198939295261123,0.0911318205482452,0.1376946546692963,0.1375282540115057,0.10796427918663554,0.18181382532010293
2020-05-12-1003,0.05288373728280327,0.09321529008369467,0.12449348801962223,0.1304692523568054,0.1505175339802607,0.13062747281379306,0.12386586671337607,0.17708939259651757,0.19246964349779994
2020-05-13-1003,0.002353801828991031,-0.008519930943921672,0.0887424476494365,0.08480279138856961,0.11752689333503863,0.12928665798958505,0.11943505188446224,0.1778237393811528,0.2001882195615421
2020-05-14-1003,0.015031390209249373,0.04267307663253472,0.009338822804948244,0.12484061793218881,0.12877580461448268,0.11118881238326761,0.14233004982432007,0.16122098330007795,0.18223899198332116
2020-05-15-1003,0.1112094174959859,0.12318071480820691,0.13474230230331585,0.14870376256451223,0.15613638185005563,0.1616647209723583,0.17145237882244402,0.18791531172032006,0.20566999065824287
2020-05-16-1003,0.10020968693182297,0.11165496385249885,0.09828528649445722,0.1257912226878588,0.15604358952178465,0.16256859750909758,0.17201373893969585,0.17558915988872492,0.20322421795737267
2020-05-17-1003,0.005938863174552722,0.03746794607194026,0.07930768822256429,0.10826226301291708,0.13410133732020046,0.1609024920447517,0.17198424571676796,0.12918273561728633,0.18919138506783373
2020-05-18-1003,0.10787980218744231,0.12145905054966022,0.13376118044300433,0.14999319434711822,0.16025725972844906,0.16736839503913714,0.17756014736491998,0.19010578813371648,0.2117354239022573
2020-05-19-1003,0.056817685209389346,0.051267233911483245,0.13024764115015053,0.1435325874700144,0.09664797796160052,0.15767305906990092,0.1492221337930406,0.19173824320617783,0.20352678210032238
2020-05-20-1003,0.06744224134004373,0.11225893966841483,0.12755587084061748,0.12859514843670805,0.15425237574853767,0.15876232205964502,0.1641060950926354,0.19440958697332444,0.21066181203467238
2020-05-21-1003,0.10672964378287286,0.12144868038832524,0.13797529744097226,0.1537965146683984,0.1621541385781251,0.17230741281945772,0.18158326848022277,0.1971688354083705,0.2187378879934112
2020-05-22-1003,0.09177263135764058,0.1067143920083069,0.108959865083464,0.1350061948554977,0.15720443499641146,0.15448717182797722,0.1770541242372783,0.1991797216211273,0.2150892644823772
2020-05-23-1003,-0.15534657315896627,0.10263782895145468,0.07926339252869496,0.13540718850528854,0.15020635782810832,0.15367694288798184,0.1832201904473747,0.19700888392109306,0.21051618761137458
2020-05-24-1003,0.09711842492135148,0.12414931520823913,0.13864135736546057,0.15747305775138543,0.16711018376606557,0.17667839259182383,0.18790917997759493,0.20427935283225018,0.22595217695580416
2020-05-25-1003,0.09831301551283556,0.12567639520369056,0.14034669454770565,0.15941003143433274,0.1691656974693574,0.1788515986099366,0.19022052860826388,0.20679206031412622,0.2287314677539758
2020-05-26-1003,0.09952151067100701,0.127221249812286,0.14207188118694525,0.16136955073243886,0.17124513654722584,0.1810500998950797,0.19255878043187735,0.20933401472712365,0.23154310840867431
2020-05-27-1003,0.10074405462535552,0.1287840634067976,0.14381712317791973,0.16335184950718595,0.17334874917314025,0.18327415883036746,0.19492421451026676,0.2119055194442332,0.23438743447896826
2020-05-28-1003,0.10198079244304648,0.13036502143080142,0.14558262761117557,0.1653571629782986,0.17547678496193786,0.1855240393228037,0.19731711152602127,0.21450687960040327,0.23726478347280278
2020-05-29-1003,0.013170696244319657,0.09821117431939275,0.12186621384707763,0.1386611548505119,0.1767169899955956,0.1865586898667937,0.19286735771556707,0.21117733811890815,0.23151663073694095
2020-05-30-1003,0.10088746773522494,0.13222917450449145,0.14815303356691523,0.16828640074745227,0.1797705556639455,0.19005257228409356,0.20191103612083694,0.21956145573993702,0.24277283295626084
2020-05-31-1003,0.10212344073055757,0.1338491149445833,0.14996805730352047,0.17034807849072742,0.18197292586060598,0.19238090753037795,0.204384649481419,0.22225130450116026,0.24574704444427198
2020-06-01-1003,0.08933000171899863,0.062020461256751425,0.12665028984676585,0.08433491221146738,0.1831771443491732,0.18799663077050432,0.18744746702931714,0.2182855139414155,0.2390426987145009
2020-06-02-1003,0.10411785883206814,0.1344224447465736,0.15272894100679313,0.1712779675009708,0.18641628346222028,0.19686872936270916,0.20869739258885822,0.22747667623532486,0.2514388682834525
2020-06-03-1003,0.10539072057370191,0.13606578613924203,0.15459608299403715,0.17337187506362994,0.1886952599788163,0.1992754891303452,0.21124876014082616,0.23025762430265395,0.2545127589626084
2020-06-04-1003,0.1066782179186001,0.13772802297975595,0.15648469373038232,0.1754898587685485,0.1910004405952428,0.2017099222736256,0.21382946379589285,0.23307054823294138,0.25762199381386885
2020-06-05-1003,0.10798049743359517,0.13940934449474351,0.15839498821253084,0.17763215972391322,0.19333208772991917,0.20417230592488522,0.21643979733761398,0.23591576824537874,0.26076692678801905
2020-06-06-1003,0.1092977066358376,0.14110994113776343,0.16032718283120495,0.17979902060123365,0.19569046550275004,0.20666291901334866,0.2190800564544002,0.2387936066353813,0.2639479141308225
2020-06-07-1003,0.11062999397510609,0.14283000456644324,0.162281495345173,0.18199068560623033,0.19807583970344922,0.20918204223169745,0.22175053870407346,0.24170438773602854,0.2671653143402768
2020-06-08-1003,0.1119775088331183,0.14456972764159914,0.16425814488026091,0.1842074004776837,0.20048847779030687,0.21172995803469874,0.22445154351242635,0.24464843791642465,0.2704194881649542
2020-06-09-1003,0.1133404015313797,0.14632930443738612,0.16625735194086566,0.18644941250040148,0.2029286489042601,0.21430695065417282,0.2271833721890566,0.24762608559900734,0.2737107986230036
2020-06-10-1003,0.11471882330944094,0.14810893021318883,0.16827933837801545,0.18871697046935587,0.20539662382990365,0.21691330605771952,0.2299463278836491,0.25063766121188813,0.2770396109495419
2020-06-11-1003,0.11611292633727643,0.1499088014296337,0.17032432740760228,0.19101032471014356,0.20789267501773345,0.21954931197225314,0.23274071561090892,0.2536834972159916,0.2804062926266404
2020-06-12-1003,0.1175228636851573,0.1517291157097027,0.1723925435661311,0.19332972702937745,0.2104170765301614,0.22221525782700624,0.2355668421901278,0.256763928039236,0.2838112133105568
2020-06-13-1003,0.11894878935228537,0.15357007187564697,0.17448421275273773,0.19567543076179028,0.21297010409278627,0.22491143480760734,0.23842501630255342,0.25987929013902367,0.28725474490081915
2020-06-14-1003,0.12039085822586237,0.15543186989621915,0.17659956216917294,0.1980476907029196,0.21555203502110665,0.2276381357787951,0.24131554840939273,0.26302992191290286,0.29073726144146583
2020-06-15-1003,0.12184922608321891,0.15731471088934335,0.17873882032286836,0.20044676311256993,0.2181631482243418,0.23039565528833172,0.24423875075603974,0.26621616370312395,0.2942591391261189
2020-06-16-1003,0.12332404962543198,0.15921879716558252,0.1809022170763246,0.2028729057701888,0.22080372426562356,0.2331842896306675,0.24719493743948107,0.26943835787018955,0.2978207563792097
2020-06-17-1003,0.12481548637310791,0.16114433209356704,0.18308998349417926,0.20532637780337026,0.2234740451754078,0.2360043366498239,0.2501844241994231,0.27269684856508825,0.3014224936043046
2020-06-18-1003,0.12632369478240957,0.16309152024975226,0.18530235201340695,0.207807439878696,0.22617439465917322,0.23885609595877888,0.2532075286507798,0.27599198198279495,0.30506473346424734
2020-06-19-1003,0.12784883410232872,0.16506056723422802,0.18753955623401275,0.2103163539670394,0.22890505784194737,0.24173986866964903,0.256264569997704,0.27932410605049185,0.30874786053656145
2020-06-20-1003,0.12939106448433257,0.16705167981219304,0.18980183107979443,0.21285338352384287,0.23166632146454447,0.24465595760093706,0.2593558692532394,0.28269357066706213,0.31247226157816144
2020-06-21-1003,0.1309505468851615,0.16906506578852643,0.1920894126557915,0.21541879332926506,0.23445847370958894,0.2476046670937997,0.26248174904457855,0.28610072749075144,0.3162383252906711
2020-06-22-1003,0.13252744308800857,0.1711009340351115,0.19440253827939102,0.21801284952301714,0.2372818042394087,0.25058630305206364,0.2656425336554875,0.28954592998545614,0.32004644237156654
2020-06-23-1003,0.1341219157310185,0.17315949452760115,0.1967414465220596,0.2206358196512337,0.2401366042470805,0.2536011729961274,0.2688385490834264,0.2930295334829651,0.32389700558295687
2020-06-24-1003,0.1357341281817579,0.175240958183414,0.1991063770252559,0.223287972459989,0.24302316623164089,0.25664958582559017,0.2720701227879019,0.29655189490869205,0.3277904094484789
2020-06-25-1003,0.13736424469000497,0.1773455370589101,0.2014975707245359,0.2259695781466018,0.24594178427168067,0.2597318521081622,0.2753375839968051,0.30011337311552033,0.33172705062225205
2020-06-26-1003,0.139012430177619,0.17947344407818733,0.20391526954134065,0.2286809080140202,0.24889275364911612,0.2628482836823469,0.2786412632851256,0.3037143284247037,0.3357073273814528
2020-06-27-1003,0.14067885046434903,0.18162489332455145,0.20635971671417686,0.23142223484223656,0.25187637125344864,0.2659991940843831,0.2819814930276241,0.30735512311916935,0.3397316401715784
2020-06-28-1003,0.14236367196098598,0.1838000996443938,0.20883115634858207,0.23419383238355884,0.2548929350324656,0.26918489796811684,0.2853586067838183,0.31103612077322396,0.3438003908655354
2020-06-29-1003,0.14406706199566344,0.18599927906843128,0.21132983389570725,0.23699597589931898,0.25794274457631694,0.2724057117218486,0.2887729399518868,0.3147576869653044,0.3479139835514431
2020-06-30-1003,0.14578918841462496,0.1882226482963052,0.21385599556670165,0.23982894150317868,0.2610261004028338,0.27566195271360705,0.2922248289685978,0.3185201884058486,0.35207282356872227
2020-04-01-1005,0.0,0.0,0.0,0.0,0.0,0.0,0.0,0.0,0.0
2020-04-02-1005,0.0,0.0,0.0,0.0,0.0,0.0,0.0,0.0,0.0
2020-04-03-1005,0.0,0.0,0.0,0.0,0.0,0.0,0.0,0.0,0.0
2020-04-04-1005,0.0,0.0,0.0,0.0,0.0,0.0,0.0,0.0,0.0
2020-04-05-1005,0.0,0.0,0.0,0.0,0.0,0.0,0.0,0.0,0.0
2020-04-06-1005,0.0,0.0,0.0,0.0,0.0,0.0,0.0,0.0,0.0
2020-04-07-1005,0.0,0.0,0.0,0.0,0.0,0.0,0.0,0.0,0.0
2020-04-08-1005,0.0,0.0,0.0,0.0,0.0,0.0,0.0,0.0,0.0
2020-04-09-1005,0.0,0.0,0.0,0.0,0.0,0.0,0.0,0.0,0.0
2020-04-10-1005,0.0,0.0,0.0,0.0,0.0,0.0,0.0,0.0,0.0
2020-04-11-1005,0.0,0.0,0.0,0.0,0.0,0.0,0.0,0.0,0.0
2020-04-12-1005,0.0,0.0,0.0,0.0,0.0,0.0,0.0,0.0,0.0
2020-04-13-1005,0.0,0.0,0.0,0.0,0.0,0.0,0.0,0.0,0.0
2020-04-14-1005,0.0,0.0,0.0,0.0,0.0,0.0,0.0,0.0,0.0
2020-04-15-1005,0.0,0.0,0.0,0.0,0.0,0.0,0.0,0.0,0.0
2020-04-16-1005,0.0,0.0,0.0,0.0,0.0,0.0,0.0,0.0,0.0
2020-04-17-1005,0.0,0.0,0.0,0.0,0.0,0.0,0.0,0.0,0.0
2020-04-18-1005,0.0,0.0,0.0,0.0,0.0,0.0,0.0,0.0,0.0
2020-04-19-1005,0.0,0.0,0.0,0.0,0.0,0.0,0.0,0.0,0.0
2020-04-20-1005,0.0,0.0,0.0,0.0,0.0,0.0,0.0,0.0,0.0
2020-04-21-1005,0.0,0.0,0.0,0.0,0.0,0.0,0.0,0.0,0.0
2020-04-22-1005,0.0,0.0,0.0,0.0,0.0,0.0,0.0,0.0,0.0
2020-04-23-1005,0.0,0.0,0.0,0.0,0.0,0.0,0.0,0.0,0.0
2020-04-24-1005,0.0,0.0,0.0,0.0,0.0,0.0,0.0,0.0,0.0
2020-04-25-1005,0.0,0.0,0.0,0.0,0.0,0.0,0.0,0.0,0.0
2020-04-26-1005,0.0,0.0,0.0,0.0,0.0,0.0,0.0,0.0,0.0
2020-04-27-1005,0.0,0.0,0.0,0.0,0.0,0.0,0.0,0.0,0.0
2020-04-28-1005,0.0,0.0,0.0,0.0,0.0,0.0,0.0,0.0,0.0
2020-04-29-1005,0.3333333333333333,0.3333333333333333,0.3333333333333333,0.3333333333333333,0.3333333333333333,0.3333333333333333,0.3333333333333333,0.3333333333333333,0.3333333333333333
2020-04-30-1005,0.3333333333333333,0.3333333333333333,0.3333333333333333,0.3333333333333333,0.3333333333333333,0.3333333333333333,0.3333333333333333,0.3333333333333333,0.3333333333333333
2020-05-01-1005,0.33333333333333337,0.33333333333333337,0.33333333333333337,0.33333333333333337,0.33333333333333337,0.33333333333333337,0.33333333333333337,0.33333333333333337,0.33333333333333337
2020-05-02-1005,0.0,0.0,0.0,0.0,0.0,0.0,0.0,0.0,0.0
2020-05-03-1005,0.0,0.0,0.0,0.0,0.0,0.0,0.0,0.0,0.0
2020-05-04-1005,0.0,0.0,0.0,0.0,0.0,0.0,0.0,0.0,0.0
2020-05-05-1005,0.0,0.0,0.0,0.0,0.0,0.0,0.0,0.0,0.0
2020-05-06-1005,0.0,0.0,0.0,0.0,0.0,0.0,0.0,0.0,0.0
2020-05-07-1005,0.008787121932834152,0.0367528126335519,0.06414642613046917,0.09694510672185408,0.10515251909320655,0.15343811346757774,0.18817906121717787,0.21103184093265037,0.2949233367445736
2020-05-08-1005,0.00845637705604374,0.003630928041731929,-0.0017800456397685238,0.0009580624434535334,0.03342111449553942,0.015507196168508708,0.03653771690491725,0.053463966943262387,0.07404186181547656
2020-05-09-1005,-0.0013213121418802487,0.0032510462468218204,0.00021774638003835278,0.006471610046474341,-0.005502295938020874,0.010197978386269346,0.0025658573140285856,0.04355405752527264,0.030030333598426218
2020-05-10-1005,0.02116102287569821,0.011869470333186305,0.020814436314053886,0.010767105390852016,0.017046331175465834,0.04024918415033141,0.04322823779354512,0.036804809250490234,0.0221908364118919
2020-05-11-1005,-0.0009141090738344904,0.02444727454829354,0.02524909087704197,0.013930544427535718,0.03420516277345431,0.013906592028143816,0.042916269705811416,0.04265986592534521,0.04393053242331724
2020-05-12-1005,0.019313039421765543,0.015294278689895302,0.01147891972004933,0.018078742182868757,0.011371364051229627,0.018106738659451338,0.026075813131290815,0.03377067950688972,0.035863978225583626
2020-05-13-1005,-0.0031441707064796542,-0.006195494649917421,0.014158596184136618,0.022922285798806286,0.024631549139863207,0.010775785896576906,0.014131848853186302,0.027085159202808295,0.03127881664283705
2020-05-14-1005,0.016971590209482246,0.018008946654600955,0.01928711795030469,0.020298363860384416,0.021718309453854,0.022901002298847173,0.02548513522172602,0.028162015565140308,0.030532420389981496
2020-05-15-1005,0.0056524746661306136,0.010868573437299966,0.012979868807464934,0.015984934366539916,0.01041087643747729,0.015324725516409066,0.010041906483807095,0.019765030783224002,0.022470220249983797
2020-05-16-1005,0.01139678474595085,0.01218245531085449,0.01307159728130669,0.013799462238243798,0.014642411237498543,0.015519266239007123,0.017142227268772237,0.019101303267815783,0.02072811131093033
2020-05-17-1005,0.009281662091004561,0.009921520512554238,0.01064564714165539,0.01123842806441333,0.011924934648983365,0.012639054640562586,0.013960811276398477,0.0155563034997801,0.01688119318399428
2020-05-18-1005,0.00612454660220263,0.0035593426985722765,0.007801696217980103,0.008203453087476165,0.0017063732108750784,0.006395061556879522,-0.0002967999629786,0.008836623830067447,0.01068159343594588
2020-05-19-1005,0.006005507996339254,0.006391916116114116,0.006895225743986488,0.0072788704109516544,0.007658852497735236,0.008159871974990018,0.008945207524755805,0.010052190273353911,0.01091840089169116
2020-05-20-1005,0.004786493446496287,0.005094467382106949,0.0054956138358024376,0.005801385251863911,0.006104237528354872,0.006503558692511069,0.007129484669887942,0.008011769011992076,0.008702153813823665
2020-05-21-1005,0.0037913570366137073,0.00403530161962129,0.004353047678804289,0.004595247657314783,0.004835135400265367,0.005151435656918002,0.005647228429906059,0.006346081355564692,0.006892931634512767
2020-05-22-1005,0.0029858509225026975,0.0031779673998424407,0.0034282056007746142,0.003618948129710864,0.0038078696772383402,0.004056969248709352,0.004447426621702721,0.00499780228736002,0.005428469564036753
2020-05-23-1005,0.0023388854762158573,0.0024893747170569025,0.002685392036389178,0.002834805031949328,0.0029827916110265473,0.003177917015799725,0.0034837712270374688,0.003914893102938022,0.004252244653515591
2020-05-24-1005,0.001822949099908877,0.0019402418142921984,0.002093019536620888,0.0022094734154187723,0.0023248155319404162,0.0024768980877631908,0.00271528370550711,0.0030513041065125535,0.003314239043572309
2020-05-25-1005,0.0014141964799927464,0.001505189115946104,0.0016237100977711805,0.001714051986903442,0.001803531399788838,0.0019215130895264831,0.0021064464491638013,0.0023671223332748514,0.0025711004160833273
2020-05-26-1005,0.0008722072857958452,0.0007467720605387473,-0.00029471176777629005,-0.0026961848824527124,0.0011929911275891936,-0.002883486617236475,0.0013826813001882599,-0.009506414994060686,0.0006126239382513443
2020-05-27-1005,-0.01337685677226852,-0.0008766289181132425,-0.0036889789270182494,-0.00555103359385134,0.0008710440489132498,-0.003236848682710791,0.0010066344574637398,-0.009956563147996755,0.0001509468523392954
2020-05-28-1005,0.0006301326649862382,0.0006832465215764749,0.0007333806383682528,0.0007703304342856487,0.0008207891953795343,0.0008665482666099233,0.0009586257811746712,0.0010561337606149745,0.0011680326257750284
2020-05-29-1005,0.00048115525882597154,0.0005217118159364098,0.0005599931101487599,0.0005882071507883335,0.0006267363361538436,0.0006616769430842773,0.0007319852810174776,0.0008064402008975957,0.0008918836803748498
2020-05-30-1005,0.0003661707665507663,0.00039703528550538714,0.00042616827447106154,0.00044763984045537164,0.0004769614805726352,0.0005035521258767162,0.0005570584682133006,0.0006137204595058066,0.0006787450099041692
2020-05-31-1005,0.00027779123077875667,0.0003012062422727002,0.0003233076485023023,0.00033959680450967866,0.0003618413287604927,0.000382014015279708,0.00042260598506538294,0.00046559195155237987,0.0005149220771001328
2020-06-01-1005,0.0002101235035585347,0.00022783480508925535,0.00024455248511712213,0.000256873732697116,0.00027369966833878934,0.00028895844938681137,0.00031966253923054744,0.00035217746728255506,0.00038949116786946014
2020-06-02-1005,0.00015850058475797013,0.00017186059257245923,0.00018447109075703239,0.00019376526734116162,0.00020645742501468334,0.0002179674449696023,0.0002411281866872006,0.00026565488180807506,0.00029380139213430745
2020-06-03-1005,0.00011925062796769303,0.00012930225852758603,0.0001387899826881256,0.00014578261552755656,0.00015533177760329586,0.00016399153813062561,0.00018141691859985265,0.00019986999749299628,0.00022104650631527
2020-06-04-1005,8.950194210788354e-05,9.704605715166181e-05,0.00010416693989312442,0.00010941516566997933,0.00011658215980436815,0.00012308162566609937,0.00013616000873639678,0.0001500097169262471,0.00016590345852773858
2020-06-05-1005,6.702085718290895e-05,7.267004249711384e-05,7.800230293697474e-05,8.193228011910136e-05,8.729906969984214e-05,9.216600066230818e-05,0.00010195935735790584,0.00011233029783985771,0.00012423185171428486
2020-06-06-1005,5.007864995487665e-05,5.4299777313637776e-05,5.828409525965306e-05,6.122061323199368e-05,6.523073169484306e-05,6.88673508351112e-05,7.618504419837357e-05,8.393431390185668e-05,9.282727313131289e-05
2020-06-07-1005,3.734357917317688e-05,4.049126793659319e-05,4.346236825214511e-05,4.565212559337617e-05,4.8642465317882966e-05,5.1354287120775055e-05,5.681108081878605e-05,6.2589700389859e-05,6.922116763874442e-05
2020-06-08-1005,2.7794035090122904e-05,3.0136793172319543e-05,3.23481202131326e-05,3.3977910226079544e-05,3.620355675182374e-05,3.822190828683958e-05,4.2283284268140875e-05,4.658418843161982e-05,5.1519849059600276e-05
2020-06-09-1005,2.0649422888485702e-05,2.2389961900293187e-05,2.4032854954780802e-05,2.524369832790363e-05,2.68972299635184e-05,2.8396752945303305e-05,3.1414129511464495e-05,3.460946220013028e-05,3.827638365261343e-05
2020-06-10-1005,1.5315458177012076e-05,1.6606397520657623e-05,1.782491389268337e-05,1.8722983593955078e-05,1.99493904891046e-05,2.1061570797620277e-05,2.3299527027731415e-05,2.5669471427791635e-05,2.8389188219124506e-05
2020-06-11-1005,1.134122421819761e-05,1.2297175544739858e-05,1.31994970578031e-05,1.3864525143514328e-05,1.4772689654218851e-05,1.559626842695394e-05,1.7253493636903983e-05,1.9008457185831773e-05,2.102243010004834e-05
2020-06-12-1005,8.385657092047083e-06,9.092483785000383e-06,9.759656803609573e-06,1.0251375985204092e-05,1.0922869293272797e-05,1.1531820235610724e-05,1.2757166112820073e-05,1.4054779337024925e-05,1.5543903079118238e-05
2020-06-13-1005,6.191535073751808e-06,6.713419312465163e-06,7.206025329553611e-06,7.569085317182811e-06,8.064881212632713e-06,8.514499063583258e-06,9.419231023155561e-06,1.0377321451038313e-05,1.147681333124595e-05
2020-06-14-1005,4.565392943023383e-06,4.95020972768323e-06,5.313437910769991e-06,5.581143977861913e-06,5.946724251026936e-06,6.27825466126275e-06,6.945368205002467e-06,7.651826171795051e-06,8.462547973264734e-06
2020-06-15-1005,3.3620876138673594e-06,3.6454778415961897e-06,3.912969597674731e-06,4.110116100131123e-06,4.379340003746179e-06,4.623488601307457e-06,5.11477034037533e-06,5.635026451678016e-06,6.232065471012405e-06
2020-06-16-1005,2.4729773722143022e-06,2.681424534189958e-06,2.8781776042485774e-06,3.0231883525466685e-06,3.2212155001154485e-06,3.4007985532102936e-06,3.7621599340287304e-06,4.144833361641176e-06,4.58398431657514e-06
2020-06-17-1005,1.8169387379085578e-06,1.9700884301698807e-06,2.114646273199128e-06,2.2211881480771467e-06,2.3666820778700526e-06,2.498624815938655e-06,2.764123198106816e-06,3.0452799053559687e-06,3.367931617148656e-06
2020-06-18-1005,1.3335095352395854e-06,1.4459109987097207e-06,1.5520066305452218e-06,1.6302011247582016e-06,1.7369837796987753e-06,1.8338207812274021e-06,2.0286785475942537e-06,2.235028460306765e-06,2.471832885486691e-06
2020-06-19-1005,9.77714061267676e-07,1.0601255402420406e-06,1.1379136521938449e-06,1.1952449687768762e-06,1.2735368000171832e-06,1.3445365907305273e-06,1.4874040941137423e-06,1.6386975087989697e-06,1.812319826877129e-06
2020-06-20-1005,7.16161093983203e-07,7.765262828307584e-07,8.335049257457428e-07,8.754992668613681e-07,9.328468757452413e-07,9.848531727918441e-07,1.0895015067902136e-06,1.2003216958156315e-06,1.3274974766108727e-06
2020-06-21-1005,5.241005676115407e-07,5.682769830261947e-07,6.099750580190744e-07,6.407073309677713e-07,6.826754224142917e-07,7.207346381932211e-07,7.973183171472442e-07,8.784186795729454e-07,9.714883806299923e-07
2020-06-22-1005,3.832161876715645e-07,4.1551746443602156e-07,4.460066076461544e-07,4.684776853114414e-07,4.991642614804448e-07,5.269927139117669e-07,5.829898015452528e-07,6.422894349711328e-07,7.103409087605428e-07
2020-06-23-1005,2.7997451268468865e-07,3.035735536283113e-07,3.2584866427320947e-07,3.4226584366692236e-07,3.646851975958043e-07,3.8501642984911655e-07,4.2592742977021203e-07,4.6925124141949937e-07,5.189690739371144e-07
2020-06-24-1005,2.04387238467163e-07,2.2161503010487138e-07,2.3787632597027653e-07,2.498612099444131e-07,2.662278058007672e-07,2.810700296951296e-07,3.1093591346120775e-07,3.4256320091685666e-07,3.788582561004006e-07
2020-06-25-1005,1.490972072470953e-07,1.616646045921044e-07,1.735269588021282e-07,1.822697388575989e-07,1.9420890784438427e-07,2.0503607212063457e-07,2.2682275435670363e-07,2.498943521000996e-07,2.7637101185362667e-07
2020-06-26-1005,1.0868756561421833e-07,1.1784883602317109e-07,1.264961502212003e-07,1.328693850499718e-07,1.4157269512260484e-07,1.4946538517968122e-07,1.6534724900374442e-07,1.821657782397068e-07,2.0146650059338356e-07
2020-06-27-1005,7.917744193619569e-08,8.585130562011045e-08,9.215075857937904e-08,9.679357493297402e-08,1.031338201507026e-07,1.0888354018412372e-07,1.204532655840751e-07,1.3270534071629925e-07,1.467656587372801e-07
2020-06-28-1005,5.7642620454601e-08,6.250131390217462e-08,6.708743094385738e-08,7.046748562444805e-08,7.50832995777273e-08,7.926920031486873e-08,8.769217130222273e-08,9.661190447651791e-08,1.068480726118537e-07
2020-06-29-1005,4.193999703083762e-08,4.547511855967912e-08,4.8811914510338283e-08,5.1271197287761083e-08,5.462960195323774e-08,5.767520727673059e-08,6.380364814262407e-08,7.029352655507637e-08,7.774122479098367e-08
2020-06-30-1005,3.0496998926210495e-08,3.306758933341314e-08,3.54939673208321e-08,3.7282254838899576e-08,3.9724344480518425e-08,4.193898051063627e-08,4.6395324027059814e-08,5.111449041805827e-08,5.653014301110204e-08
2020-04-01-1013,0.0,0.0,0.0,0.0,0.0,0.0,0.0,0.0,0.0
2020-04-02-1013,0.0,0.0,0.0,0.0,0.0,0.0,0.0,0.0,0.0
2020-04-03-1013,0.0,0.0,0.0,0.0,0.0,0.0,0.0,0.0,0.0
2020-04-04-1013,0.0,0.0,0.0,0.0,0.0,0.0,0.0,0.0,0.0
2020-04-05-1013,0.0,0.0,0.0,0.0,0.0,0.0,0.0,0.0,0.0
2020-04-06-1013,0.0,0.0,0.0,0.0,0.0,0.0,0.0,0.0,0.0
2020-04-07-1013,0.0,0.0,0.0,0.0,0.0,0.0,0.0,0.0,0.0
2020-04-08-1013,0.0,0.0,0.0,0.0,0.0,0.0,0.0,0.0,0.0
2020-04-09-1013,0.0,0.0,0.0,0.0,0.0,0.0,0.0,0.0,0.0
2020-04-10-1013,0.0,0.0,0.0,0.0,0.0,0.0,0.0,0.0,0.0
2020-04-11-1013,0.0,0.0,0.0,0.0,0.0,0.0,0.0,0.0,0.0
2020-04-12-1013,0.0,0.0,0.0,0.0,0.0,0.0,0.0,0.0,0.0
2020-04-13-1013,0.0,0.0,0.0,0.0,0.0,0.0,0.0,0.0,0.0
2020-04-14-1013,0.0,0.0,0.0,0.0,0.0,0.0,0.0,0.0,0.0
2020-04-15-1013,0.0,0.0,0.0,0.0,0.0,0.0,0.0,0.0,0.0
2020-04-16-1013,0.0,0.0,0.0,0.0,0.0,0.0,0.0,0.0,0.0
2020-04-17-1013,0.0,0.0,0.0,0.0,0.0,0.0,0.0,0.0,0.0
2020-04-18-1013,0.0,0.0,0.0,0.0,0.0,0.0,0.0,0.0,0.0
2020-04-19-1013,0.0,0.0,0.0,0.0,0.0,0.0,0.0,0.0,0.0
2020-04-20-1013,0.0,0.0,0.0,0.0,0.0,0.0,0.0,0.0,0.0
2020-04-21-1013,0.0,0.0,0.0,0.0,0.0,0.0,0.0,0.0,0.0
2020-04-22-1013,0.0,0.0,0.0,0.0,0.0,0.0,0.0,0.0,0.0
2020-04-23-1013,0.0,0.0,0.0,0.0,0.0,0.0,0.0,0.0,0.0
2020-04-24-1013,0.0,0.0,0.0,0.0,0.0,0.0,0.0,0.0,0.0
2020-04-25-1013,0.0,0.0,0.0,0.0,0.0,0.0,0.0,0.0,0.0
2020-04-26-1013,0.3333333333333333,0.3333333333333333,0.3333333333333333,0.3333333333333333,0.3333333333333333,0.3333333333333333,0.3333333333333333,0.3333333333333333,0.3333333333333333
2020-04-27-1013,0.3333333333333333,0.3333333333333333,0.3333333333333333,0.3333333333333333,0.3333333333333333,0.3333333333333333,0.3333333333333333,0.3333333333333333,0.3333333333333333
2020-04-28-1013,0.33333333333333337,0.33333333333333337,0.33333333333333337,0.33333333333333337,0.33333333333333337,0.33333333333333337,0.33333333333333337,0.33333333333333337,0.33333333333333337
2020-04-29-1013,0.0,0.0,0.0,0.0,0.0,0.0,0.0,0.0,0.0
2020-04-30-1013,0.0,0.0,0.0,0.0,0.0,0.0,0.0,0.0,0.0
2020-05-01-1013,0.0,0.0,0.0,0.0,0.0,0.0,0.0,0.0,0.0
2020-05-02-1013,0.0,0.0,0.0,0.0,0.0,0.0,0.0,0.0,0.0
2020-05-03-1013,0.0,0.0,0.0,0.0,0.0,0.0,0.0,0.0,0.0
2020-05-04-1013,0.0,0.0,0.0,0.0,0.0,0.0,0.0,0.0,0.0
2020-05-05-1013,0.33333333333333326,0.33333333333333326,0.33333333333333326,0.33333333333333326,0.33333333333333326,0.33333333333333326,0.33333333333333326,0.33333333333333326,0.33333333333333326
2020-05-06-1013,0.3333333333333335,0.3333333333333335,0.3333333333333337,0.3333333333333335,0.3333333333333335,0.3333333333333335,0.3333333333333335,0.3333333333333335,0.3333333333333335
2020-05-07-1013,0.008102671771153647,0.013491436787214983,0.024436417233955954,0.048412064380610076,0.09893687954841601,0.10758888543883405,0.11596821904180343,0.15332724960874877,0.2177179550129893
2020-05-08-1013,0.042594963003033115,0.04900182039401457,0.058952375334090146,0.043667604840370355,0.0026957271310623643,0.02839485673107167,0.07975778575840176,0.056237118573816414,0.06871383305589918
2020-05-09-1013,-0.032752338489882904,-0.0040594205810244866,-0.01843996525919156,0.015313010661556214,0.02664987327709789,0.029673028854904526,-0.018341020563007238,0.06374276600354456,0.011626998151301526
2020-05-10-1013,0.02267933066453165,0.015091442578033076,0.04352297374059666,0.015342156701787735,0.042012300601665054,0.03431818650650609,0.05625999543457261,0.01030169734645181,0.06928650188663066
2020-05-11-1013,-0.014069377477124556,-0.025180288684888197,-0.019690997335547467,0.002883104057719521,0.0010799405226376013,0.007473267844614551,0.0290670047685746,0.01774674429815093,0.05569667759310848
2020-05-12-1013,-0.009498614948457051,0.0067560641380357556,-0.0034626789751452947,-0.0011982833035208973,-0.001536921830896043,0.01167116049518313,0.025777006448592044,0.04144988298915098,0.04775138944974122
2020-05-13-1013,0.006787045555457949,-0.006105965383179202,-0.0015927978005942922,-0.003463058259076446,-1.1182716686430894e-05,0.017065053465315172,-0.016667531546931125,0.028873943004132485,0.017649088683079572
2020-05-14-1013,0.017467477337711035,0.026324729367301236,0.014848956451950057,0.02890280851061111,0.01524895738127685,0.005430230394606772,0.02886939783094311,0.02812829579069831,0.0229729831141241
2020-05-15-1013,-0.019344629372677113,-0.012409430075312589,0.0015623166876084227,-0.011518050608377628,-0.006539427742833226,0.008545362864856187,0.021005979857182444,0.008042251692465197,-0.01453577061202127
2020-05-16-1013,0.019290792070489893,0.020117372833339253,0.02086890114448492,0.0216401844754468,0.022451642875032096,0.02389759657751278,0.02534179225579236,0.027081064136956545,0.028878409142016892
2020-05-17-1013,0.0012384040117039419,0.003143684707562544,-0.007712094815714332,-0.017908541970796277,0.005599081800789829,-0.005259097166906868,0.013452525684725547,0.015758060357882187,0.012983357201320711
2020-05-18-1013,0.013712524639065471,0.014326106230786007,0.01470713108491739,0.015111443314698603,0.01601777118075076,0.016891756277474412,0.018179906834095316,0.01944705892978904,0.020684068828186852
2020-05-19-1013,0.008400144985929447,0.009571016888689998,0.01051318912002408,0.012225398973104928,0.0023024509887989986,0.0029096029931647838,0.010646695775771153,0.012679937035496636,0.01450336056547119
2020-05-20-1013,-0.017311404837436095,-0.02182171564986657,0.00018920863475835326,0.009212239227172292,0.009767640009839873,-0.007238108550168043,-0.0059467822617333965,0.0062253221461467945,0.00868477064943951
2020-05-21-1013,0.007951248677294354,0.008283197848509838,0.008692206636452093,0.009015800559567966,0.009470176454317247,0.009848632588219663,0.010675542939138971,0.011532132027317843,0.012290650394610303
2020-05-22-1013,0.00665921472677633,0.006937223992895536,0.007279771114055533,0.00755078281369892,0.007931325137628287,0.00824828424211721,0.008940826232695986,0.00965822432981378,0.010293487655991473
2020-05-23-1013,0.00556305976293503,0.005795306690766999,0.006081468075377572,0.006307869286844792,0.006625771588724572,0.006890556929492808,0.007469101493680963,0.008068410669284543,0.008599105051991796
2020-05-24-1013,0.004636498362210695,0.004830063153244524,0.005068562620735628,0.0052572553349801154,0.0055222090771316346,0.005742892810746358,0.006225077262941969,0.006724567854372143,0.007166871863514501
2020-05-25-1013,0.0038559102700181924,0.004016887026042859,0.004215233380175931,0.004372158308838969,0.004592505168824701,0.004776035196961681,0.005177040403049116,0.00559243813444299,0.0059602770590130305
2020-05-26-1013,0.003200308783567918,0.0033339154523379655,0.0034985379499772318,0.0036287817036924075,0.0038116640692207326,0.003963989388007905,0.0042968136482817165,0.004641583343466316,0.004946880422183941
2020-05-27-1013,-0.006584855410858292,-0.0016910658887576702,-0.0003995931689344534,0.002087579201171641,-0.005172900266839919,-0.0007276959183983855,-0.008603470856854756,-7.806652547825976e-05,0.0009882012292670161
2020-05-28-1013,0.0021725927138998014,0.002274454929125147,0.0023897322155694845,0.002484099931774564,0.0025933882979447542,0.0027070725784503757,0.0029174895306725013,0.0031714837999934353,0.003382399517626755
2020-05-29-1013,0.0017938047144949731,0.0018779074184822608,0.0019730862978801778,0.0020510011565375574,0.0021412352741536633,0.0022350988856028042,0.0024088299850815176,0.002618540767433064,0.0027926836733849214
2020-05-30-1013,0.0014788196217843108,0.0015481542198572118,0.0016266200602552683,0.001690853374439527,0.0017652427338863408,0.0018426242622446853,0.001985848860077244,0.0021587352491767575,0.002302299341877312
2020-05-31-1013,0.001217421372459171,0.0012745002888479018,0.0013390963962438551,0.0013919757389035947,0.0014532159298907832,0.0015169193897779376,0.0016348274049913236,0.001777154151267446,0.001895341651754645
2020-06-01-1013,0.0010009015858480907,0.0010478289515276629,0.0011009365671781346,0.001144411258129585,0.001194759810951851,0.0012471335374748538,0.0013440714770260875,0.0014610852483292192,0.0015582529663777933
2020-06-02-1013,0.0008218684629264228,0.000860401843675529,0.0009040100016215469,0.0009397082939759382,0.0009810509077776697,0.0010240564487065118,0.0011036549192287026,0.001199738220246438,0.0012795253683623997
2020-06-03-1013,0.0006740724876752591,0.0007056764401225379,0.0007414425764760146,0.0007707212722993795,0.0008046292755745643,0.0008399011630664255,0.0009051855016934951,0.0009839902163930603,0.0010494293028653345
2020-06-04-1013,0.0005522484262840965,0.0005781406460714233,0.0006074428248079577,0.0006314300279466334,0.0006592098910771504,0.0006881071457724985,0.0007415927484744067,0.0008061552109266401,0.0008597675941386385
2020-06-05-1013,0.00045197437458921463,0.000473165235962858,0.0004971468958070435,0.0005167786423556642,0.0005395143997903862,0.0005631646593418083,0.0006069386579268254,0.0006597782446058353,0.0007036560036350892
2020-06-06-1013,0.0003695475095808476,0.0003868737795786892,0.00040648188828917853,0.0004225333802621023,0.00044112280260888426,0.00046045994871568574,0.0004962508542862842,0.0005394540506680201,0.0005753297938215773
2020-06-07-1013,0.00030187534829706486,0.0003160288026025082,0.0003320462414773129,0.00034515835725312805,0.0003603436533239357,0.0003761397487236362,0.00040537656348993423,0.0004406683179123405,0.0004699744346607915
2020-06-08-1013,0.0002463813982422902,0.00025793301344156916,0.000271005955662984,0.0002817076623002901,0.0002941014350943405,0.00030699372356091104,0.00033085591483716925,0.0003596599621022989,0.00038357871552907596
2020-06-09-1013,0.00020092373168156819,0.00021034405987641058,0.00022100502841548852,0.00022973225721001356,0.00023983936390292726,0.0002503530095236961,0.000269812597590402,0.0002933022632287674,0.00031280797766308766
2020-06-10-1013,0.00016372562362465537,0.0001714019150007573,0.00018008916019485177,0.00018720066944655223,0.00019543659226428645,0.0002040037892379054,0.00021986071746171731,0.00023900161298007205,0.00025489612794382666
2020-06-11-1013,0.00013331580490372197,0.0001395663290473248,0.00014664003601994047,0.00015243067867576343,0.00015913689029534162,0.00016611284637946255,0.00017902456479390594,0.0001946102980232567,0.00020755262194960267
2020-06-12-1013,0.00010847818836223766,0.00011356419850083732,0.00011932002706172007,0.00012403183467624146,0.00012948863469941507,0.00013516492400800217,0.00014567110385099724,0.000158353111856524,0.00016888419520189046
2020-06-13-1013,8.820928032871045e-05,9.234498079457865e-05,9.702534559941078e-05,0.00010085676245030761,0.00010529397153535847,0.00010990965882262671,0.00011845278234678958,0.00012876518538540438,0.00013732855924919463
2020-06-14-1013,7.168218628006429e-05,7.504301237482025e-05,7.884645324485184e-05,8.196000700366746e-05,8.556585036845199e-05,8.931673184697786e-05,9.625919606159883e-05,0.00010463944350069809,0.00011159836390195466
2020-06-15-1013,5.821655660009917e-05,6.094604537199011e-05,6.403500292373465e-05,6.656366991952822e-05,6.949214901985634e-05,7.253842055909843e-05,7.817673018273297e-05,8.498273282731006e-05,9.063440731527095e-05
2020-06-16-1013,4.725332475130628e-05,4.9468801358587555e-05,5.1976052265922945e-05,5.4028525475535716e-05,5.640551892849288e-05,5.887812237270751e-05,6.345463619084057e-05,6.897894528767878e-05,7.356630712340717e-05
2020-06-17-1013,3.833366787486803e-05,4.013094552535179e-05,4.21649214217279e-05,4.382996460572386e-05,4.5758270774243215e-05,4.7764139348593915e-05,5.147677886485624e-05,5.595830543070335e-05,5.96797452643294e-05
2020-06-18-1013,3.108144858665618e-05,3.25387052484416e-05,3.4187880000757787e-05,3.553791919630456e-05,3.710141552648594e-05,3.872780048919111e-05,4.173805806795272e-05,4.5371739508137665e-05,4.838913250226895e-05
2020-06-19-1013,2.518866194645142e-05,2.6369634748224513e-05,2.770613955194179e-05,2.8800222436009548e-05,3.006729273957731e-05,3.138532850943676e-05,3.382486604630586e-05,3.676963141563405e-05,3.921495155223553e-05
2020-06-20-1013,2.0403347093855828e-05,2.135995995500295e-05,2.2442557015889264e-05,2.3328787213339197e-05,2.43551408656284e-05,2.5422777620853765e-05,2.7398854445248588e-05,2.978417646293252e-05,3.1764937314715525e-05
2020-06-21-1013,1.651958323689584e-05,1.7294105462806186e-05,1.8170630877056837e-05,1.8888167731434535e-05,1.971915563436788e-05,2.058356842615794e-05,2.2183500310912763e-05,2.4114777834594037e-05,2.571850214527771e-05
2020-06-22-1013,1.3369231344428911e-05,1.3996049022191315e-05,1.4705417466176485e-05,1.528611711609784e-05,1.5958632236356962e-05,1.6658197984131817e-05,1.7953016333560612e-05,1.9515991356744422e-05,2.081387890173758e-05
2020-06-23-1013,1.0815122738483396e-05,1.1322190792917297e-05,1.1896038800918163e-05,1.23657993904569e-05,1.2909834674390552e-05,1.34757527305851e-05,1.4523204078464858e-05,1.5787582431148195e-05,1.683751662184818e-05
2020-06-24-1013,8.745438237145464e-06,9.155468936983269e-06,9.619499945490162e-06,9.999362691415214e-06,1.0439286221686217e-05,1.0896904830470788e-05,1.1743905949046507e-05,1.2766320863555336e-05,1.3615329686356148e-05
2020-06-25-1013,7.069086239042122e-06,7.400521017997264e-06,7.775605162407828e-06,8.08265467044933e-06,8.438252329989737e-06,8.808153222350512e-06,9.492798610288844e-06,1.0319233948230533e-05,1.1005502197125594e-05
2020-06-26-1013,5.7119417931073e-06,5.9797467246713865e-06,6.282821087166823e-06,6.530922306513531e-06,6.818251258478014e-06,7.117137463819034e-06,7.670342569987554e-06,8.338116365802506e-06,8.892632770596265e-06
2020-06-27-1013,4.613696940269918e-06,4.830010557954623e-06,5.074812291949726e-06,5.275210663846508e-06,5.507294384754502e-06,5.748713226783053e-06,6.195552638033064e-06,6.7349324188725745e-06,7.182831004648449e-06
2020-06-28-1013,3.725333337811776e-06,3.899995944633972e-06,4.097661303381628e-06,4.259473131540403e-06,4.446869319885138e-06,4.641803159621816e-06,5.002604005710509e-06,5.43812664721699e-06,5.799782722526459e-06
2020-06-29-1013,3.0070266177073535e-06,3.1480113455994996e-06,3.307563509524769e-06,3.4381753051260233e-06,3.589438367201936e-06,3.7467856945916367e-06,4.0380180879040495e-06,4.389564663753731e-06,4.681487384416982e-06
2020-06-30-1013,2.426448127090808e-06,2.540212377777351e-06,2.6689591761108744e-06,2.7743532367008328e-06,2.8964113421015014e-06,3.0233790013767248e-06,3.258382007320648e-06,3.5420540984709703e-06,3.7776141486034476e-06
2020-04-01-1015,0.0,0.0,0.0,0.0,0.0,0.0,0.0,0.0,0.0
2020-04-02-1015,0.0,0.0,0.0,0.0,0.0,0.0,0.0,0.0,0.0
2020-04-03-1015,0.0,0.0,0.0,0.0,0.0,0.0,0.0,0.0,0.0
2020-04-04-1015,0.0,0.0,0.0,0.0,0.0,0.0,0.0,0.0,0.0
2020-04-05-1015,0.0,0.0,0.0,0.0,0.0,0.0,0.0,0.0,0.0
2020-04-06-1015,0.0,0.0,0.0,0.0,0.0,0.0,0.0,0.0,0.0
2020-04-07-1015,0.0,0.0,0.0,0.0,0.0,0.0,0.0,0.0,0.0
2020-04-08-1015,0.0,0.0,0.0,0.0,0.0,0.0,0.0,0.0,0.0
2020-04-09-1015,0.0,0.0,0.0,0.0,0.0,0.0,0.0,0.0,0.0
2020-04-10-1015,0.0,0.0,0.0,0.0,0.0,0.0,0.0,0.0,0.0
2020-04-11-1015,0.0,0.0,0.0,0.0,0.0,0.0,0.0,0.0,0.0
2020-04-12-1015,0.0,0.0,0.0,0.0,0.0,0.0,0.0,0.0,0.0
2020-04-13-1015,0.0,0.0,0.0,0.0,0.0,0.0,0.0,0.0,0.0
2020-04-14-1015,0.0,0.0,0.0,0.0,0.0,0.0,0.0,0.0,0.0
2020-04-15-1015,0.0,0.0,0.0,0.0,0.0,0.0,0.0,0.0,0.0
2020-04-16-1015,0.3333333333333333,0.3333333333333333,0.3333333333333333,0.3333333333333333,0.3333333333333333,0.3333333333333333,0.3333333333333333,0.3333333333333333,0.3333333333333333
2020-04-17-1015,0.6666666666666667,0.6666666666666667,0.6666666666666667,0.6666666666666667,0.6666666666666667,0.6666666666666667,0.6666666666666667,0.6666666666666667,0.6666666666666667
2020-04-18-1015,0.6666666666666667,0.6666666666666667,0.666666666666667,0.6666666666666667,0.6666666666666667,0.6666666666666667,0.6666666666666667,0.6666666666666667,0.6666666666666667
2020-04-19-1015,0.33333333333333326,0.33333333333333326,0.33333333333333304,0.33333333333333326,0.33333333333333326,0.33333333333333326,0.33333333333333326,0.33333333333333326,0.33333333333333326
2020-04-20-1015,0.33333333333333304,0.33333333333333304,0.33333333333333304,0.33333333333333304,0.33333333333333304,0.33333333333333304,0.33333333333333304,0.33333333333333304,0.33333333333333304
2020-04-21-1015,0.3333333333333335,0.3333333333333335,0.3333333333333335,0.3333333333333335,0.3333333333333335,0.3333333333333335,0.3333333333333335,0.3333333333333335,0.3333333333333335
2020-04-22-1015,0.3333333333333335,0.3333333333333335,0.3333333333333335,0.3333333333333335,0.3333333333333335,0.3333333333333335,0.3333333333333335,0.3333333333333335,0.3333333333333335
2020-04-23-1015,0.0,0.0,0.0,0.0,0.0,0.0,0.0,0.0,0.0
2020-04-24-1015,0.0,0.0,0.0,0.0,0.0,0.0,0.0,0.0,0.0
2020-04-25-1015,0.0,0.0,0.0,0.0,0.0,0.0,0.0,0.0,0.0
2020-04-26-1015,0.0,0.0,0.0,0.0,0.0,0.0,0.0,0.0,0.0
2020-04-27-1015,0.0,0.0,0.0,0.0,0.0,0.0,0.0,0.0,0.0
2020-04-28-1015,0.0,0.0,0.0,0.0,0.0,0.0,0.0,0.0,0.0
2020-04-29-1015,0.0,0.0,0.0,0.0,0.0,0.0,0.0,0.0,0.0
2020-04-30-1015,0.0,0.0,0.0,0.0,0.0,0.0,0.0,0.0,0.0
2020-05-01-1015,0.0,0.0,0.0,0.0,0.0,0.0,0.0,0.0,0.0
2020-05-02-1015,0.0,0.0,0.0,0.0,0.0,0.0,0.0,0.0,0.0
2020-05-03-1015,0.0,0.0,0.0,0.0,0.0,0.0,0.0,0.0,0.0
2020-05-04-1015,0.0,0.0,0.0,0.0,0.0,0.0,0.0,0.0,0.0
2020-05-05-1015,0.0,0.0,0.0,0.0,0.0,0.0,0.0,0.0,0.0
2020-05-06-1015,0.0,0.0,0.0,0.0,0.0,0.0,0.0,0.0,0.0
2020-05-07-1015,0.0372991909586089,0.052688758803806746,0.0723543555013979,0.09210744457028808,0.10083150745538028,0.11324624489517632,0.12450477446744701,0.1419688645260555,0.16788752090689796
2020-05-08-1015,0.0015660710131748523,0.002139462484270549,0.0028721721700666336,0.003608141686158639,0.003933186762272722,0.004395740658228231,0.004815216039133041,0.00546590099603117,0.0064315900043605545
2020-05-09-1015,0.0012070613508128325,0.0016490072637505016,0.0022137489233888807,0.0027810031224495546,0.0030315341298869924,0.0033880511241868305,0.0037113650196896053,0.0042128854848670905,0.00495719776001291
2020-05-10-1015,0.0009257039502044151,0.001264635419685689,0.0016977398222248752,0.002132771109149001,0.0023249051237770324,0.0025983205468746995,0.002846272276937345,0.0032308918949968124,0.0038017102820022686
2020-05-11-1015,0.0007066294646635995,0.0009653503686672948,0.0012959575050439653,0.0016280355147815229,0.001774699635499477,0.001983409335842179,0.0021726815089135876,0.0024662781331339367,0.0029020082508917078
2020-05-12-1015,0.0005370676654066209,0.0007337062700139008,0.0009849813891240622,0.0012373744329217118,0.0013488452402556916,0.0015074732583566508,0.0016513279505270262,0.0018744735472324692,0.0022056464869320003
2020-05-13-1015,0.00040655035138525975,0.0005554021608462634,0.0007456128075649104,0.0009366697027242132,0.0010210510550368035,0.0011411295491496887,0.001250024907068159,0.0014189420223469362,0.001669633850726715
2020-05-14-1015,0.0003065974738714061,0.00041885316029777186,0.0005622993621985373,0.0007063837572114373,0.0007700194406461414,0.0008605759063731178,0.000942698677979692,0.0010700864927040143,0.0012591442097602545
2020-05-15-1015,0.00023041121792832797,0.0003147725438799043,0.00042257386940880437,0.0005308548037552541,0.0005786776874181498,0.0006467318213800866,0.0007084479457395432,0.0008041812248475999,0.0009462600824963197
2020-05-16-1015,0.00017259298589555883,0.00023578510505828376,0.0003165353082112965,0.00039764476955816974,0.0004334672193473388,0.0004844441912519315,0.000530673581804475,0.0006023840334021813,0.0007088103371843957
2020-05-17-1015,0.0001288911691248451,0.000176082577723502,0.00023638623396626812,0.00029695818158081977,0.0003237101229212058,0.0003617793496237809,0.0003963031175802101,0.0004498559540233593,0.0005293343328762745
2020-05-18-1015,9.5982621228341e-05,0.00013112509939317007,0.00017603200058236013,0.000221138692873879,0.0002410603172187109,0.00026940969283506533,0.0002951188377355862,0.00033499854129326323,0.000394184466791625
2020-05-19-1015,7.128759051822087e-05,9.738838419570683e-05,0.00013074134687052208,0.00016424269710046957,0.00017903875685254533,0.00020009422141997746,0.0002191887509357393,0.0002488079459626036,0.0002927661330529574
2020-05-20-1015,5.2815698569297354e-05,7.215330896048755e-05,9.68639214287137e-05,0.00012168447157634432,0.00013264660714806809,0.0001482462235995463,0.00016239301840537124,0.00018433734931821988,0.00021690518254269264
2020-05-21-1015,3.9040097475684377e-05,5.333399522067239e-05,7.159948721557896e-05,8.994624250702188e-05,9.804919016920266e-05,0.00010958005245687019,0.00012003702383323045,0.00013625774685932512,0.0001603311079647618
2020-05-22-1015,2.8795412685411748e-05,3.93383854508933e-05,5.281074883889403e-05,6.634305086095083e-05,7.231966815934854e-05,8.082466583303471e-05,8.853757706273058e-05,0.00010050174835818382,0.00011825791221475868
2020-05-23-1015,2.1196314219817936e-05,2.8957000478779804e-05,3.887401228874765e-05,4.883514495102048e-05,5.323453521555166e-05,5.9495067234571763e-05,6.517254412274909e-05,7.397937515962738e-05,8.704969412143271e-05
2020-05-24-1015,1.557322043987952e-05,2.1275102220830178e-05,2.8561265721371853e-05,3.5879845411646016e-05,3.9112137294239346e-05,4.3711835345572325e-05,4.788315485848571e-05,5.435365344030885e-05,6.395659460745051e-05
2020-05-25-1015,1.142166614753748e-05,1.5603523739304848e-05,2.0947320632291877e-05,2.6314892113799004e-05,2.8685510247594692e-05,3.2059007445184307e-05,3.511832449909491e-05,3.986389879573338e-05,4.690686004238387e-05
2020-05-26-1015,8.362997452771026e-06,1.1424973167528663e-05,1.533772628325991e-05,1.9267887263474393e-05,2.100366496460282e-05,2.3473755414116226e-05,2.571380169102966e-05,2.9188533417379148e-05,3.4345422632142686e-05
2020-05-27-1015,6.113930968165704e-06,8.352447514070604e-06,1.121294132389039e-05,1.4086161489679228e-05,1.535513533612587e-05,1.716094271353441e-05,1.879857185071998e-05,2.133884165766986e-05,2.5108885215008314e-05
2020-05-28-1015,4.463198798987378e-06,6.097326563203609e-06,8.185500702584392e-06,1.028296514204996e-05,1.1209322108296504e-05,1.2527570116382947e-05,1.372304720570483e-05,1.557745629288121e-05,1.8329606089828587e-05
2020-05-29-1015,3.2537059100334886e-06,4.4449974949678506e-06,5.96729234203508e-06,7.496359889724857e-06,8.171681172175482e-06,9.132694007263353e-06,1.000420590813178e-05,1.1356084252511778e-05,1.3362422412122044e-05
2020-05-30-1015,2.368928926355096e-06,3.2362737849567225e-06,4.344612522189095e-06,5.4578822661355275e-06,5.9495641107076835e-06,6.649249689960612e-06,7.283772234245589e-06,8.26803565789902e-06,9.728792294438904e-06
2020-05-31-1015,1.7226636885858682e-06,2.353389024989383e-06,3.1593629299386805e-06,3.968922618113879e-06,4.32646920733859e-06,4.8352742321178255e-06,5.296693287082377e-06,6.0124407457173845e-06,7.074689759356545e-06
2020-06-01-1015,1.2512810427800503e-06,1.7094172766185523e-06,2.2948477802486877e-06,2.8828828666505046e-06,3.142591869842448e-06,3.5121695680651044e-06,3.847327799455513e-06,4.367221051904124e-06,5.138800589499226e-06
2020-06-02-1015,9.079118492572036e-07,1.2403290301499226e-06,1.6651091319097588e-06,2.091779084612e-06,2.280220267714128e-06,2.548380626521407e-06,2.7915667053513005e-06,3.16879390416247e-06,3.728641117195508e-06
2020-06-03-1015,6.581030524976939e-07,8.990567992306353e-07,1.2069601300623845e-06,1.516233323783922e-06,1.6528255706305117e-06,1.8472025353766242e-06,2.0234768083327026e-06,2.2969112523085755e-06,2.7027184477113053e-06
2020-06-04-1015,4.765740522216788e-07,6.510639027901277e-07,8.74036182985094e-07,1.098000468768845e-06,1.196915553780542e-06,1.337676211576877e-06,1.4653275628440099e-06,1.6633387409648037e-06,1.9572094021036435e-06
2020-06-05-1015,3.448045631238017e-07,4.7104915479323495e-07,6.323711128075615e-07,7.944107935919931e-07,8.659765304841471e-07,9.678178205518861e-07,1.0601744411253833e-06,1.2034368737090517e-06,1.4160542933794318e-06
2020-06-06-1015,2.492567849898819e-07,3.405181101534538e-07,4.571366156724821e-07,5.742739572767164e-07,6.260083229570057e-07,6.996286741056679e-07,7.663926226975093e-07,8.699560245517546e-07,1.0236556540199615e-06
2020-06-07-1015,1.8004137070093407e-07,2.4596059455817e-07,3.3019563439040667e-07,4.1480543799821135e-07,4.5217383437545777e-07,5.053507572405636e-07,5.535752127805438e-07,6.283803841711233e-07,7.393995984372737e-07
2020-06-08-1015,1.299463678883228e-07,1.7752412029281572e-07,2.3832146922586617e-07,2.9938930223849525e-07,3.2636025526500134e-07,3.6474114484263964e-07,3.9954755015614296e-07,4.5353881006349184e-07,5.336678583489629e-07
2020-06-09-1015,9.372244091920834e-08,1.28037390467739e-07,1.718868323230538e-07,2.1593136256825574e-07,2.3538387550203765e-07,2.630656852353752e-07,2.881694367573573e-07,3.271100603718935e-07,3.849022864876872e-07
2020-06-10-1015,6.754986703327859e-08,9.228215436252185e-08,1.2388636516647011e-07,1.5563118571648715e-07,1.6965146487635252e-07,1.896029577785896e-07,2.0769632946837646e-07,2.3576254193358182e-07,2.7741593067176495e-07
2020-06-11-1015,4.865453551161636e-08,6.646860351011696e-08,8.923235528257578e-08,1.1209738071116249e-07,1.2219584810679862e-07,1.3656642572357214e-07,1.4959864413910395e-07,1.6981405970284413e-07,1.9981598819995838e-07
2020-06-12-1015,3.502315060188721e-08,4.78463091369008e-08,6.423241183384221e-08,8.069141710365102e-08,8.796062944682603e-08,9.830504854591027e-08,1.0768607339173286e-07,1.222377981058287e-07,1.4383418323049568e-07
2020-06-13-1015,2.519549946455868e-08,3.442042073587004e-08,4.620851257186587e-08,5.804904823492052e-08,6.32784868948022e-08,7.072021546150609e-08,7.746888242010641e-08,8.793733075052046e-08,1.0347367318530587e-07
2020-06-14-1015,1.811598071554954e-08,2.474885407721672e-08,3.3224685225263784e-08,4.1738226652654475e-08,4.549827981037424e-08,5.084900678298254e-08,5.570140926280942e-08,6.322839718464479e-08,7.439928539909602e-08
2020-06-15-1015,1.3018855327118217e-08,1.778549796327411e-08,2.387656339308819e-08,2.999472803466574e-08,3.2696850560398616e-08,3.654209201897629e-08,4.0029220382820085e-08,4.543840681492384e-08,5.3466246541233886e-08
2020-06-16-1015,9.350628715765197e-09,1.2774208357768657e-08,1.7149039965858037e-08,2.1543335115836726e-08,2.3484098665704778e-08,2.6245896123100465e-08,2.8750481106953885e-08,3.263556269672563e-08,3.8401455793035666e-08
2020-06-17-1015,6.713457345597362e-09,9.171481352154842e-09,1.2312471486808363e-08,1.5467437997074285e-08,1.6860846496769e-08,1.884372835547765e-08,2.0641942821697512e-08,2.34313097813299e-08,2.7571040117635448e-08
2020-06-18-1015,4.816798515605569e-09,6.58039001066868e-09,8.834001530289015e-09,1.1097637919732506e-08,1.2097385315712472e-08,1.3520073949280231e-08,1.4810262349840286e-08,1.681158812161243e-08,1.978177754935473e-08
2020-06-19-1015,3.4554630268246456e-09,4.72062522405281e-09,6.337315117121989e-09,7.961198367212319e-09,8.678394447514393e-09,9.698998049145757e-09,1.0624551460836074e-08,1.2060257237322958e-08,1.4191006147967755e-08
2020-06-20-1015,2.478622640467165e-09,3.386130931204434e-09,4.545791298937729e-09,5.710612427378692e-09,6.225061799369769e-09,6.957146414521276e-09,7.621050457373713e-09,8.650891558659168e-09,1.0179288967293587e-08
2020-06-21-1015,1.7734516077894114e-09,2.422771760990372e-09,3.252508040674229e-09,4.08593381351352e-09,4.454022484168263e-09,4.977828371721671e-09,5.45285061548384e-09,6.189699863767828e-09,7.283265990309928e-09
2020-06-22-1015,1.2717142894302924e-09,1.7373320559954664e-09,2.3323223352633704e-09,2.929959386221981e-09,3.193908693077674e-09,3.569522455393326e-09,3.9101544224706686e-09,4.4385362052423716e-09,5.22271648151218e-09
2020-06-23-1015,9.151417401653816e-10,1.2502052726404145e-09,1.6783681111576243e-09,2.108435648295881e-09,2.298377488330061e-09,2.568671941816092e-09,2.8137949747986113e-09,3.194026820807494e-09,3.758330535674759e-09
2020-06-24-1015,6.455160850293851e-10,8.818625829576376e-10,1.1838778846140485e-09,1.487236112041046e-09,1.6212164943851803e-09,1.8118759825824782e-09,1.9847785637239213e-09,2.2529835774776075e-09,2.6510300621396254e-09
2020-06-25-1015,4.667679576186856e-10,6.376676964237049e-10,8.560512299027323e-10,1.0754077628405412e-09,1.1722862680585422e-09,1.3101515428104449e-09,1.4351768662379527e-09,1.6291128446255243e-09,1.9169363874027567e-09
2020-06-26-1015,3.487357069786867e-10,4.764184602379373e-10,6.395803886505291e-10,8.034675147428061e-10,8.758496150562678e-10,9.788516663888913e-10,1.072260058521124e-09,1.2171565977325827e-09,1.432199248085908e-09
2020-06-27-1015,2.2925528142536677e-10,3.131943593359665e-10,4.204547821018423e-10,5.281926007683069e-10,5.757754273361115e-10,6.434883736972097e-10,7.048948091892271e-10,8.001488360775966e-10,9.41513089713908e-10
2020-06-28-1015,1.6998624730035772e-10,2.322244618824243e-10,3.1175417802842276e-10,3.9163916554230127e-10,4.2692027690804935e-10,4.771267825276482e-10,5.226579169459455e-10,5.932849767020798e-10,6.981046851706196e-10
2020-06-29-1015,1.2194645293561734e-10,1.665947380047328e-10,2.2364909924021958e-10,2.809565913253209e-10,3.0626834401914493e-10,3.4228619938403426e-10,3.7494984894692607e-10,4.2561643098792956e-10,5.008127246242111e-10
2020-06-30-1015,8.540634865994434e-11,1.166760021931168e-10,1.5663559338463529e-10,1.9677326434930364e-10,2.144981969820492e-10,2.3972424045837215e-10,2.626010520145883e-10,2.980855562384477e-10,3.5075053972377646e-10
2020-04-01-1017,0.0,0.0,0.0,0.0,0.0,0.0,0.0,0.0,0.0
2020-04-02-1017,0.0,0.0,0.0,0.0,0.0,0.0,0.0,0.0,0.0
2020-04-03-1017,0.33333333333333304,0.33333333333333304,0.33333333333333304,0.33333333333333304,0.33333333333333304,0.33333333333333304,0.33333333333333304,0.33333333333333304,0.33333333333333304
2020-04-04-1017,0.666666666666667,0.666666666666667,0.666666666666667,0.666666666666667,0.666666666666667,0.666666666666667,0.666666666666667,0.666666666666667,0.666666666666667
2020-04-05-1017,0.6666666666666679,0.6666666666666679,0.6666666666666679,0.6666666666666679,0.6666666666666679,0.6666666666666679,0.6666666666666679,0.6666666666666679,0.6666666666666679
2020-04-06-1017,0.6666666666666643,0.6666666666666643,0.6666666666666643,0.6666666666666643,0.6666666666666643,0.6666666666666643,0.6666666666666643,0.6666666666666643,0.6666666666666643
2020-04-07-1017,0.6666666666666679,0.6666666666666679,0.6666666666666679,0.6666666666666679,0.6666666666666679,0.6666666666666679,0.6666666666666679,0.6666666666666679,0.6666666666666679
2020-04-08-1017,0.6666666666666679,0.6666666666666679,0.6666666666666679,0.6666666666666679,0.6666666666666679,0.6666666666666679,0.6666666666666679,0.6666666666666679,0.6666666666666679
2020-04-09-1017,0.33333333333333215,0.33333333333333215,0.33333333333333215,0.33333333333333215,0.33333333333333215,0.33333333333333215,0.33333333333333215,0.33333333333333215,0.33333333333333215
2020-04-10-1017,0.0,0.0,0.0,0.0,0.0,0.0,0.0,0.0,0.0
2020-04-11-1017,0.0,0.0,0.0,0.0,0.0,0.0,0.0,0.0,0.0
2020-04-12-1017,0.0,0.0,0.0,0.0,0.0,0.0,0.0,0.0,0.0
2020-04-13-1017,0.0,0.0,0.0,0.0,0.0,0.0,0.0,0.0,0.0
2020-04-14-1017,0.6666666666666661,0.6666666666666661,0.6666666666666661,0.6666666666666661,0.6666666666666661,0.6666666666666661,0.6666666666666661,0.6666666666666661,0.6666666666666661
2020-04-15-1017,0.6666666666666679,0.6666666666666679,0.6666666666666679,0.6666666666666679,0.6666666666666679,0.6666666666666679,0.6666666666666679,0.6666666666666679,0.6666666666666679
2020-04-16-1017,1.0,1.0,1.0,1.0,1.0,1.0,1.0,1.0,1.0
2020-04-17-1017,0.33333333333333215,0.33333333333333215,0.33333333333333215,0.33333333333333215,0.33333333333333215,0.33333333333333215,0.33333333333333215,0.33333333333333215,0.33333333333333215
2020-04-18-1017,0.3333333333333339,0.3333333333333339,0.3333333333333339,0.3333333333333339,0.3333333333333339,0.3333333333333339,0.3333333333333339,0.3333333333333339,0.3333333333333339
2020-04-19-1017,1.0,1.0,1.0,1.0,1.0,1.0,1.0,1.0,1.0
2020-04-20-1017,0.6666666666666643,0.6666666666666643,0.6666666666666643,0.6666666666666643,0.6666666666666643,0.6666666666666643,0.6666666666666643,0.6666666666666643,0.6666666666666643
2020-04-21-1017,1.6666666666666714,1.6666666666666714,1.6666666666666714,1.6666666666666714,1.6666666666666714,1.6666666666666714,1.6666666666666714,1.6666666666666714,1.6666666666666714
2020-04-22-1017,0.6666666666666643,0.6666666666666643,0.6666666666666643,0.6666666666666643,0.6666666666666643,0.6666666666666643,0.6666666666666643,0.6666666666666643,0.6666666666666643
2020-04-23-1017,1.0,1.0,1.0,1.0,1.0,1.0,1.0,1.0,1.0
2020-04-24-1017,0.33333333333333215,0.33333333333333215,0.33333333333333215,0.33333333333333215,0.33333333333333215,0.33333333333333215,0.33333333333333215,0.33333333333333215,0.33333333333333215
2020-04-25-1017,0.6666666666666679,0.6666666666666679,0.6666666666666679,0.6666666666666679,0.6666666666666679,0.6666666666666679,0.6666666666666679,0.6666666666666679,0.6666666666666679
2020-04-26-1017,0.6666666666666679,0.6666666666666679,0.6666666666666679,0.6666666666666679,0.6666666666666679,0.6666666666666679,0.6666666666666679,0.6666666666666679,0.6666666666666679
2020-04-27-1017,0.33333333333333215,0.33333333333333215,0.33333333333333215,0.33333333333333215,0.33333333333333215,0.33333333333333215,0.33333333333333215,0.33333333333333215,0.33333333333333215
2020-04-28-1017,0.3333333333333286,0.3333333333333286,0.3333333333333286,0.3333333333333286,0.3333333333333286,0.3333333333333286,0.3333333333333286,0.3333333333333286,0.3333333333333286
2020-04-29-1017,1.0,1.0,1.0,1.0,1.0,1.0,1.0,1.0,1.0
2020-04-30-1017,1.000000000000007,1.0,1.0,1.0,1.0,1.0,1.0,1.0,1.0
2020-05-01-1017,0.6666666666666643,0.6666666666666714,0.6666666666666714,0.6666666666666714,0.6666666666666714,0.6666666666666714,0.6666666666666714,0.6666666666666714,0.6666666666666714
2020-05-02-1017,0.0,0.0,0.0,0.0,0.0,0.0,0.0,0.0,0.0
2020-05-03-1017,0.0,0.0,0.0,0.0,0.0,0.0,0.0,0.0,0.0
2020-05-04-1017,0.0,0.0,0.0,0.0,0.0,0.0,0.0,0.0,0.0
2020-05-05-1017,0.0,0.0,0.0,0.0,0.0,0.0,0.0,0.0,0.0
2020-05-06-1017,0.3333333333333286,0.3333333333333286,0.3333333333333286,0.3333333333333286,0.3333333333333286,0.3333333333333286,0.3333333333333286,0.3333333333333286,0.3333333333333286
2020-05-07-1017,0.20297255354816102,0.4832154470420953,0.731203063227202,0.8843155737188511,1.0212723625673163,1.1232209389454013,1.318812826494863,1.639825260557334,1.9720383195533913
2020-05-08-1017,0.16411478092226872,0.13254121716940048,0.12471238563136566,0.2616091260012716,0.2790436623159991,0.2919304582681228,0.29964906028704164,0.3206067888991626,0.3571962077059254
2020-05-09-1017,0.18477728488458922,0.20449028791168544,0.18835073390881618,0.23173323509947252,0.2773111500787664,0.288200034347625,0.30444337114192876,0.31403216395975164,0.3586234231251737
2020-05-10-1017,0.038129909317373034,0.08599820613117615,0.14848646251351738,0.19312628331636006,0.23219951830441232,0.27208833240399244,0.28989286370568834,0.23051258304181488,0.32085703149932954
2020-05-11-1017,0.17692721948112933,0.197972933020079,0.21703931245050612,0.2421963981502202,0.2581040959843399,0.2691252447764718,0.28492086867161603,0.30436465191643336,0.33788720826078134
2020-05-12-1017,0.039687887796844734,0.07611138023366237,0.1901522462349554,0.18866805102572926,0.1459199342771491,0.22707975943446712,0.20944195635329166,0.2935407445538196,0.30392337111608114
2020-05-13-1017,0.1594760901028316,0.18020434300517962,0.20347814190043678,0.22575855336375739,0.2375282735368387,0.2518267389801032,0.2648895695970701,0.2868381238111013,0.31721299064722075
2020-05-14-1017,0.13296157079695448,0.15322075650353995,0.15590511276145946,0.19146827086960272,0.22190632167356839,0.2178991789187137,0.2488231910992802,0.27897905469627915,0.30040204387292846
2020-05-15-1017,-0.21272184554429785,0.14152838697911818,0.10821586096847824,0.18438001591525932,0.20412099593771416,0.20822592363245462,0.24820917064711168,0.26607173098991765,0.2831651684373959
2020-05-16-1017,0.13130983314456302,0.16547974070258675,0.183799216516487,0.2076044798473582,0.21978682758181733,0.2318820566919939,0.24607896114843797,0.2667725930346059,0.29416933760954933
2020-05-17-1017,0.12865524258969785,0.16213436323792507,0.1800834882083393,0.2034074987215,0.21534356524107423,0.2271942743470312,0.2411041708348023,0.26137945537839613,0.2882223409037721
2020-05-18-1017,0.12621181264256975,0.15905509533853746,0.17666332919098693,0.1995443683597422,0.21125374421520604,0.22287938377139582,0.23652510246932223,0.25641531729912614,0.28274840074385565
2020-05-19-1017,0.12394473303767839,0.15619806828895122,0.17349001425194643,0.19596005276909523,0.20745909896812975,0.21887591298114728,0.23227652046556813,0.25180945732405746,0.27766953277403417
2020-05-20-1017,0.12182536896221663,0.1535271958244806,0.17052346218761727,0.19260927951809492,0.2039117004566826,0.21513329531932257,0.22830476223927576,0.24750370019639334,0.2729215873132844
2020-05-21-1017,0.00010638191603362657,0.10614272195035923,0.13382885501564346,0.1512695190522848,0.19935911272217766,0.2099598174893913,0.215432492366876,0.2355258326020362,0.2569410912106598
2020-05-22-1017,0.11413056195126714,0.14720294529066535,0.16400611351096828,0.1852512372117836,0.19736954259071737,0.2082193280751845,0.22073261156394608,0.23935768032749394,0.26385078055286115
2020-05-23-1017,0.11238742350326092,0.14495468584807014,0.16150121598585443,0.18242185874727923,0.194355078872384,0.20503915345603474,0.21736131911283252,0.23570192354969777,0.2598209358534369
2020-05-24-1017,0.11071781544529102,0.1428012641929861,0.1591019819508226,0.17971183127428958,0.19146777355230427,0.2019931273782376,0.21413223708064422,0.2322003766811207,0.2559610811241022
2020-05-25-1017,0.0903972728705682,0.04282937008590082,0.12327454036882912,0.05970716739576787,0.18732575653210404,0.19008156703451107,0.18512115436385912,0.21992089326688458,0.23930424001907724
2020-05-26-1017,0.10706063336711225,0.13611725585230516,0.15366987816366517,0.17145504314924764,0.18596995297803431,0.1959919600575688,0.20733351089862495,0.22533945089058705,0.24831486359625288
2020-05-27-1017,0.10556363350005427,0.13421396509541594,0.15152115383854436,0.16905763367457283,0.18336958544678694,0.19325145751316342,0.20443442251769284,0.22218859032293992,0.24484274404962747
2020-05-28-1017,0.10410843854595342,0.13236382524800305,0.14943243435062925,0.16672717376790303,0.18084183524882036,0.19058748568382455,0.20161629348756804,0.21912572004482556,0.24146758620522846
2020-05-29-1017,0.1026903518013107,0.13056086490512797,0.147396978269132,0.16445614177090917,0.17837854396304564,0.1879914464873842,0.19887002817714006,0.21614095451237603,0.2381784965978646
2020-05-30-1017,0.10130550143433226,0.12880016140665873,0.1454092281459154,0.1622383370376781,0.17597298601399913,0.18545625190397885,0.19618812840107935,0.21322614435813847,0.2349664949576642
2020-05-31-1017,0.09995069014594549,0.12707764969556834,0.1434645947258275,0.16006863917019487,0.17361960752489125,0.18297604875584028,0.19356440227325322,0.21037455995980991,0.23182416551599516
2020-06-01-1017,0.09862327167453344,0.1253899653057502,0.14155927968742432,0.15794281024374257,0.17131381180011118,0.18054599262924143,0.19099372504619083,0.20758063150968908,0.2287453705724225
2020-06-02-1017,0.09732105022785476,0.1237343164994762,0.1396901312921912,0.15585733374966892,0.16905178463299464,0.1781620637682515,0.18847184435099607,0.20483973734064165,0.225725017238684
2020-06-03-1017,0.0960421979683872,0.12210837935782592,0.13785452594666836,0.15380928244983139,0.16683035097357646,0.1758209160178943,0.18599522039933092,0.2021480302504024,0.2227588660551767
2020-06-04-1017,0.0947851878744217,0.12051021242019289,0.13605027183463037,0.15179621085551176,0.1646468583048346,0.17351975391581576,0.18356089596258585,0.1995022961889532,0.21984337527011277
2020-06-05-1017,0.09354873876083403,0.11893818678342782,0.13427553000222403,0.1498160671794082,0.16249908114079759,0.17125623204356089,0.18116638989902611,0.19689983853906412,0.21697557332156947
2020-06-06-1017,0.09233177049357622,0.11739092916137395,0.13252875007503917,0.1478671216126628,0.16038514323178887,0.169028373039513,0.17880961042213883,0.1943383838524042,0.21415295496241882
2020-06-07-1017,0.0911333673688084,0.11586727532506913,0.13080861769413943,0.14594790767749188,0.1583034539520618,0.16683450055832694,0.17648878418082958,0.19181600477069338,0.2113733963226032
2020-06-08-1017,0.08995274818948218,0.11436623205786134,0.12911401156544144,0.14405717430547682,0.1562526563212039,0.16467318449133117,0.17420239830968853,0.18933105704325826,0.20863508550511156
2020-06-09-1017,0.08878924202149108,0.11288694633190843,0.12744396866121832,0.14219384701177162,0.15423158489146616,0.16254319658419547,0.17194915347848294,0.18688212849918173,0.20593646635530405
2020-06-10-1017,0.08764226818117749,0.11142867986391991,0.12579765549496713,0.14035699584529127,0.15223923098468006,0.1604434738006688,0.16972792513578838,0.18446799692498317,0.203276192043905
2020-06-11-1017,0.0865113200975216,0.10999078859787303,0.12417434495815982,0.13854580954476248,0.1502747146604264,0.1583730887799213,0.16753773225674706,0.18208759609849423,0.20065308763764023
2020-06-12-1017,0.08539595196784333,0.10857270573861655,0.12257339716616755,0.13675957416776185,0.14833726153586113,0.15633122540725353,0.1653777115002626,0.1797399877014101,0.19806611914814454
2020-06-13-1017,0.08429576809654904,0.10717392819749705,0.12099424415594129,0.13499765601736513,0.1464261842670922,0.15431715929749146,0.1632470965627988,0.1774243388804173,0.19551436880502848
2020-06-14-1017,0.08321041392651196,0.10579400518931337,0.11943637701255483,0.13325948727873893,0.14454086696959934,0.15233024137580742,0.1611452008092904,0.17513990336936658,0.19299701425359927
2020-06-15-1017,0.08213956895676588,0.10443252922805613,0.11789933570371858,0.13154455467726223,0.14268075291639448,0.15036988491294068,0.15907140355790972,0.17288600658317677,0.19051331212858713
2020-06-16-1017,0.08108294077289457,0.10308912853707142,0.11638270051139443,0.12985238991829817,0.14084533416827227,0.14843555459662028,0.15702513851927336,0.1706620330528814,0.18806258420839583
2020-06-17-1017,0.08004026038224055,0.10176346111812151,0.11488608533589684,0.12818256221649094,0.13903414347079845,0.14652675799183967,0.1550058847624065,0.1684674166070934,0.18564420659530612
2020-06-18-1017,0.07901127811463837,0.10045520953969955,0.11340913181221524,0.12653467173101163,0.13724674713371954,0.14464303803658396,0.15301315877631083,0.16630163174416168,0.1832576002079449
2020-06-19-1017,0.07799576060717328,0.09916407710346675,0.11195150498213735,0.1249083447368271,0.135482739793499,0.1427839675220639,0.15104650863071,0.16416418728580595,0.1809022237879674
2020-06-20-1017,0.07699348810277229,0.09788978440947105,0.11051288941640536,0.12330322929817683,0.13374173972042414,0.14094914414701876,0.1491055087442099,0.16205462069086707,0.1785775676338801
2020-06-21-1017,0.07600425228317675,0.09663206660115264,0.10909298610469165,0.12171899179837453,0.13202338505478295,0.13913818655090537,0.14718975568791137,0.1599724934945428,0.17628314857542904
2020-06-22-1017,0.07502785460661343,0.09539067125185596,0.10769151006929434,0.12015531427748982,0.1303273309190054,0.13735073127056907,0.1452988649659801,0.15791738780938402,0.17401850611771152
2020-06-23-1017,0.0740641048088655,0.0941653564589906,0.10630818821379862,0.11861189203197497,0.12865324681421342,0.13558642999637982,0.14343246811298727,0.15588890317044246,0.17178319896471805
2020-06-24-1017,0.0731128198171902,0.09295588946327271,0.1049427577640536,0.11708843187519236,0.12700081473338898,0.1338449475837855,0.14159021059047205,0.1538866542492343,0.169576802500238
2020-06-25-1017,0.07217382263927874,0.09176204523601683,0.10359496467346574,0.11558465035819054,0.12536972723154705,0.13212596001944021,0.13977174963522998,0.1519102685152447,0.16739890621083475
2020-06-26-1017,0.07124694176403779,0.09058360571748025,0.10226456276297569,0.11410027281008084,0.1237596863849646,0.13042915332437133,0.1379767530991174,0.14995938497479244,0.16524911229625872
2020-06-27-1017,0.07033201034013103,0.08942035877228349,0.10095131254188061,0.11263503202238567,0.12217040236400933,0.12875422204990272,0.1362048978579935,0.14803365244191014,0.16312703376389948
2020-06-28-1017,0.06942886591553687,0.08827209785835777,0.09965498083406032,0.111188667832117,0.1206015929810178,0.12710086880112925,0.13445586930741626,0.14613272899026697,0.16103229382495954
2020-06-29-1017,0.0685373496781132,0.08713862106145243,0.09837533968795142,0.10976092590544084,0.11905298237096318,0.12546880284655515,0.13272935989201784,0.14425628035475313,0.1589645241329123
2020-06-30-1017,0.06765730605771125,0.08601973058906509,0.09711216580533488,0.10835155710044475,0.11752430030025707,0.1238577393895568,0.13102506833475758,0.14240397909380675,0.15692336386056382
2020-04-01-1011,0.0,0.0,0.0,0.0,0.0,0.0,0.0,0.0,0.0
2020-04-02-1011,0.0,0.0,0.0,0.0,0.0,0.0,0.0,0.0,0.0
2020-04-03-1011,0.0,0.0,0.0,0.0,0.0,0.0,0.0,0.0,0.0
2020-04-04-1011,0.0,0.0,0.0,0.0,0.0,0.0,0.0,0.0,0.0
2020-04-05-1011,0.0,0.0,0.0,0.0,0.0,0.0,0.0,0.0,0.0
2020-04-06-1011,0.0,0.0,0.0,0.0,0.0,0.0,0.0,0.0,0.0
2020-04-07-1011,0.0,0.0,0.0,0.0,0.0,0.0,0.0,0.0,0.0
2020-04-08-1011,0.0,0.0,0.0,0.0,0.0,0.0,0.0,0.0,0.0
2020-04-09-1011,0.0,0.0,0.0,0.0,0.0,0.0,0.0,0.0,0.0
2020-04-10-1011,0.0,0.0,0.0,0.0,0.0,0.0,0.0,0.0,0.0
2020-04-11-1011,0.0,0.0,0.0,0.0,0.0,0.0,0.0,0.0,0.0
2020-04-12-1011,0.0,0.0,0.0,0.0,0.0,0.0,0.0,0.0,0.0
2020-04-13-1011,0.0,0.0,0.0,0.0,0.0,0.0,0.0,0.0,0.0
2020-04-14-1011,0.0,0.0,0.0,0.0,0.0,0.0,0.0,0.0,0.0
2020-04-15-1011,0.0,0.0,0.0,0.0,0.0,0.0,0.0,0.0,0.0
2020-04-16-1011,0.0,0.0,0.0,0.0,0.0,0.0,0.0,0.0,0.0
2020-04-17-1011,0.0,0.0,0.0,0.0,0.0,0.0,0.0,0.0,0.0
2020-04-18-1011,0.0,0.0,0.0,0.0,0.0,0.0,0.0,0.0,0.0
2020-04-19-1011,0.0,0.0,0.0,0.0,0.0,0.0,0.0,0.0,0.0
2020-04-20-1011,0.0,0.0,0.0,0.0,0.0,0.0,0.0,0.0,0.0
2020-04-21-1011,0.0,0.0,0.0,0.0,0.0,0.0,0.0,0.0,0.0
2020-04-22-1011,0.0,0.0,0.0,0.0,0.0,0.0,0.0,0.0,0.0
2020-04-23-1011,0.0,0.0,0.0,0.0,0.0,0.0,0.0,0.0,0.0
2020-04-24-1011,0.0,0.0,0.0,0.0,0.0,0.0,0.0,0.0,0.0
2020-04-25-1011,0.0,0.0,0.0,0.0,0.0,0.0,0.0,0.0,0.0
2020-04-26-1011,0.0,0.0,0.0,0.0,0.0,0.0,0.0,0.0,0.0
2020-04-27-1011,0.0,0.0,0.0,0.0,0.0,0.0,0.0,0.0,0.0
2020-04-28-1011,0.0,0.0,0.0,0.0,0.0,0.0,0.0,0.0,0.0
2020-04-29-1011,0.0,0.0,0.0,0.0,0.0,0.0,0.0,0.0,0.0
2020-04-30-1011,0.0,0.0,0.0,0.0,0.0,0.0,0.0,0.0,0.0
2020-05-01-1011,0.0,0.0,0.0,0.0,0.0,0.0,0.0,0.0,0.0
2020-05-02-1011,0.0,0.0,0.0,0.0,0.0,0.0,0.0,0.0,0.0
2020-05-03-1011,0.0,0.0,0.0,0.0,0.0,0.0,0.0,0.0,0.0
2020-05-04-1011,0.0,0.0,0.0,0.0,0.0,0.0,0.0,0.0,0.0
2020-05-05-1011,0.0,0.0,0.0,0.0,0.0,0.0,0.0,0.0,0.0
2020-05-06-1011,1.0,1.0,1.0,1.0,1.0,1.0,1.0,1.0,1.0
2020-05-07-1011,0.0,0.0,0.0,0.0,0.0,0.0,0.0,0.0,0.0
2020-05-08-1011,0.050000000000000044,0.10000000000000009,0.1499999999999999,0.19999999999999996,0.25,0.30000000000000004,0.3500000000000001,0.3999999999999999,0.44999999999999996
2020-05-09-1011,0.0,0.0,0.0,0.0,0.0,0.0,0.0,0.0,0.0
2020-05-10-1011,0.0,0.0,0.0,0.0,0.0,0.0,0.0,0.0,0.0
2020-05-11-1011,0.0,0.0,0.0,0.0,0.0,0.0,0.0,0.0,0.0
2020-05-12-1011,0.0,0.0,0.0,0.0,0.0,0.0,0.0,0.0,0.0
2020-05-13-1011,0.0,0.0,0.0,0.0,0.0,0.0,0.0,0.0,0.0
2020-05-14-1011,0.0,0.0,0.0,0.0,0.0,0.0,0.0,0.0,0.0
2020-05-15-1011,0.0,0.0,0.0,0.0,0.0,0.0,0.0,0.0,0.0
2020-05-16-1011,0.0,0.0,0.0,0.0,0.0,0.0,0.0,0.0,0.0
2020-05-17-1011,0.0,0.0,0.0,0.0,0.0,0.0,0.0,0.0,0.0
2020-05-18-1011,0.0,0.0,0.0,0.0,0.0,0.0,0.0,0.0,0.0
2020-05-19-1011,0.0,0.0,0.0,0.0,0.0,0.0,0.0,0.0,0.0
2020-05-20-1011,0.0,0.0,0.0,0.0,0.0,0.0,0.0,0.0,0.0
2020-05-21-1011,0.0,0.0,0.0,0.0,0.0,0.0,0.0,0.0,0.0
2020-05-22-1011,0.0,0.0,0.0,0.0,0.0,0.0,0.0,0.0,0.0
2020-05-23-1011,0.0,0.0,0.0,0.0,0.0,0.0,0.0,0.0,0.0
2020-05-24-1011,0.0,0.0,0.0,0.0,0.0,0.0,0.0,0.0,0.0
2020-05-25-1011,0.0,0.0,0.0,0.0,0.0,0.0,0.0,0.0,0.0
2020-05-26-1011,0.0,0.0,0.0,0.0,0.0,0.0,0.0,0.0,0.0
2020-05-27-1011,0.0,0.0,0.0,0.0,0.0,0.0,0.0,0.0,0.0
2020-05-28-1011,0.0,0.0,0.0,0.0,0.0,0.0,0.0,0.0,0.0
2020-05-29-1011,0.0,0.0,0.0,0.0,0.0,0.0,0.0,0.0,0.0
2020-05-30-1011,0.0,0.0,0.0,0.0,0.0,0.0,0.0,0.0,0.0
2020-05-31-1011,0.0,0.0,0.0,0.0,0.0,0.0,0.0,0.0,0.0
2020-06-01-1011,0.0,0.0,0.0,0.0,0.0,0.0,0.0,0.0,0.0
2020-06-02-1011,0.0,0.0,0.0,0.0,0.0,0.0,0.0,0.0,0.0
2020-06-03-1011,0.0,0.0,0.0,0.0,0.0,0.0,0.0,0.0,0.0
2020-06-04-1011,0.0,0.0,0.0,0.0,0.0,0.0,0.0,0.0,0.0
2020-06-05-1011,0.0,0.0,0.0,0.0,0.0,0.0,0.0,0.0,0.0
2020-06-06-1011,0.0,0.0,0.0,0.0,0.0,0.0,0.0,0.0,0.0
2020-06-07-1011,0.0,0.0,0.0,0.0,0.0,0.0,0.0,0.0,0.0
2020-06-08-1011,0.0,0.0,0.0,0.0,0.0,0.0,0.0,0.0,0.0
2020-06-09-1011,0.0,0.0,0.0,0.0,0.0,0.0,0.0,0.0,0.0
2020-06-10-1011,0.0,0.0,0.0,0.0,0.0,0.0,0.0,0.0,0.0
2020-06-11-1011,0.0,0.0,0.0,0.0,0.0,0.0,0.0,0.0,0.0
2020-06-12-1011,0.0,0.0,0.0,0.0,0.0,0.0,0.0,0.0,0.0
2020-06-13-1011,0.0,0.0,0.0,0.0,0.0,0.0,0.0,0.0,0.0
2020-06-14-1011,0.0,0.0,0.0,0.0,0.0,0.0,0.0,0.0,0.0
2020-06-15-1011,0.0,0.0,0.0,0.0,0.0,0.0,0.0,0.0,0.0
2020-06-16-1011,0.0,0.0,0.0,0.0,0.0,0.0,0.0,0.0,0.0
2020-06-17-1011,0.0,0.0,0.0,0.0,0.0,0.0,0.0,0.0,0.0
2020-06-18-1011,0.0,0.0,0.0,0.0,0.0,0.0,0.0,0.0,0.0
2020-06-19-1011,0.0,0.0,0.0,0.0,0.0,0.0,0.0,0.0,0.0
2020-06-20-1011,0.0,0.0,0.0,0.0,0.0,0.0,0.0,0.0,0.0
2020-06-21-1011,0.0,0.0,0.0,0.0,0.0,0.0,0.0,0.0,0.0
2020-06-22-1011,0.0,0.0,0.0,0.0,0.0,0.0,0.0,0.0,0.0
2020-06-23-1011,0.0,0.0,0.0,0.0,0.0,0.0,0.0,0.0,0.0
2020-06-24-1011,0.0,0.0,0.0,0.0,0.0,0.0,0.0,0.0,0.0
2020-06-25-1011,0.0,0.0,0.0,0.0,0.0,0.0,0.0,0.0,0.0
2020-06-26-1011,0.0,0.0,0.0,0.0,0.0,0.0,0.0,0.0,0.0
2020-06-27-1011,0.0,0.0,0.0,0.0,0.0,0.0,0.0,0.0,0.0
2020-06-28-1011,0.0,0.0,0.0,0.0,0.0,0.0,0.0,0.0,0.0
2020-06-29-1011,0.0,0.0,0.0,0.0,0.0,0.0,0.0,0.0,0.0
2020-06-30-1011,0.0,0.0,0.0,0.0,0.0,0.0,0.0,0.0,0.0
