,fips,03/01/20_M_idx,03/01/20_M_m50,03/01/20_M_samples,03/02/20_M_idx,03/02/20_M_m50,03/02/20_M_samples,03/03/20_M_idx,03/03/20_M_m50,03/03/20_M_samples,03/04/20_M_idx,03/04/20_M_m50,03/04/20_M_samples,03/05/20_M_idx,03/05/20_M_m50,03/05/20_M_samples,03/06/20_M_idx,03/06/20_M_m50,03/06/20_M_samples,03/07/20_M_idx,03/07/20_M_m50,03/07/20_M_samples,03/08/20_M_idx,03/08/20_M_m50,03/08/20_M_samples,03/09/20_M_idx,03/09/20_M_m50,03/09/20_M_samples,03/10/20_M_idx,03/10/20_M_m50,03/10/20_M_samples,03/11/20_M_idx,03/11/20_M_m50,03/11/20_M_samples,03/12/20_M_idx,03/12/20_M_m50,03/12/20_M_samples,03/13/20_M_idx,03/13/20_M_m50,03/13/20_M_samples,03/14/20_M_idx,03/14/20_M_m50,03/14/20_M_samples,03/15/20_M_idx,03/15/20_M_m50,03/15/20_M_samples,03/16/20_M_idx,03/16/20_M_m50,03/16/20_M_samples,03/17/20_M_idx,03/17/20_M_m50,03/17/20_M_samples,03/18/20_M_idx,03/18/20_M_m50,03/18/20_M_samples,03/19/20_M_idx,03/19/20_M_m50,03/19/20_M_samples,03/20/20_M_idx,03/20/20_M_m50,03/20/20_M_samples,03/21/20_M_idx,03/21/20_M_m50,03/21/20_M_samples,03/22/20_M_idx,03/22/20_M_m50,03/22/20_M_samples,03/23/20_M_idx,03/23/20_M_m50,03/23/20_M_samples,03/24/20_M_idx,03/24/20_M_m50,03/24/20_M_samples,03/25/20_M_idx,03/25/20_M_m50,03/25/20_M_samples,03/26/20_M_idx,03/26/20_M_m50,03/26/20_M_samples,03/27/20_M_idx,03/27/20_M_m50,03/27/20_M_samples,03/28/20_M_idx,03/28/20_M_m50,03/28/20_M_samples,03/29/20_M_idx,03/29/20_M_m50,03/29/20_M_samples,03/30/20_M_idx,03/30/20_M_m50,03/30/20_M_samples,03/31/20_M_idx,03/31/20_M_m50,03/31/20_M_samples,04/01/20_M_idx,04/01/20_M_m50,04/01/20_M_samples,04/02/20_M_idx,04/02/20_M_m50,04/02/20_M_samples,04/03/20_M_idx,04/03/20_M_m50,04/03/20_M_samples,04/04/20_M_idx,04/04/20_M_m50,04/04/20_M_samples,04/05/20_M_idx,04/05/20_M_m50,04/05/20_M_samples
0,1.0,79.0,8.331,133826.0,98.0,10.398,143632.0,100.0,10.538,146009.0,96.0,10.144,149352.0,104.0,10.982000000000001,144109.0,123.0,13.024000000000001,141491.0,107.0,11.373,141163.0,80.0,8.513,138075.0,103.0,10.901,145037.0,103.0,10.892000000000001,143390.0,103.0,10.954,143775.0,111.0,11.755,141531.0,116.0,12.269,138766.0,89.0,9.379,135267.0,60.0,6.3839999999999995,131636.0,90.0,9.49,134064.0,78.0,8.263,137404.0,72.0,7.662000000000001,133274.0,74.0,7.8629999999999995,130158.0,78.0,8.325,122306.0,49.0,5.233,104381.0,27.0,2.903,118961.0,51.0,5.398,128380.0,52.0,5.519,132352.0,59.0,6.305,128921.0,60.0,6.3629999999999995,130572.0,66.0,6.956,129899.0,45.0,4.772,128521.0,25.0,2.739,132096.0,48.0,5.148,132085.0,42.0,4.49,132317.0,53.0,5.619,131723.0,55.0,5.876,131971.0,62.0,6.624,130966.0,40.0,4.2410000000000005,126566.0,11.0,1.1909999999999998,126988.0
1,2.0,20.0,0.8079999999999999,7782.0,86.0,3.463,8215.0,94.0,3.7910000000000004,8245.0,100.0,4.003,8385.0,101.0,4.072,8069.0,108.0,4.351,8220.0,58.0,2.3369999999999997,7959.0,20.0,0.816,8060.0,74.0,3.002,8147.0,88.0,3.5239999999999996,7902.0,91.0,3.678,7904.0,90.0,3.605,7648.0,97.0,3.884,7555.0,39.0,1.601,7254.0,13.0,0.5589999999999999,7098.0,74.0,2.9760000000000004,7330.0,61.0,2.45,7728.0,45.0,1.81,7641.0,30.0,1.23,7421.0,44.0,1.7830000000000001,7150.0,0.0,0.04,6304.0,0.0,0.04,6835.0,6.0,0.278,7616.0,3.0,0.16,7980.0,2.0,0.114,7844.0,4.0,0.168,7940.0,6.0,0.278,8000.0,0.0,0.038,7748.0,0.0,0.031,8644.0,1.0,0.052000000000000005,8858.0,2.0,0.08900000000000001,9083.0,1.0,0.067,8641.0,1.0,0.061,8796.0,8.0,0.34299999999999997,8223.0,1.0,0.048,8202.0,0.0,0.036000000000000004,8176.0
2,4.0,60.0,4.749,121939.0,96.0,7.555,126957.0,98.0,7.665,129004.0,100.0,7.819,131541.0,106.0,8.359,126999.0,114.0,8.954,125203.0,91.0,7.167000000000001,125403.0,62.0,4.902,124129.0,95.0,7.477,126534.0,95.0,7.438,125845.0,91.0,7.156000000000001,126545.0,89.0,6.968999999999999,124075.0,95.0,7.441,122646.0,68.0,5.3870000000000005,119059.0,46.0,3.6210000000000004,117271.0,75.0,5.885,118045.0,63.0,4.966,121978.0,46.0,3.6430000000000002,119575.0,39.0,3.091,114989.0,53.0,4.19,110040.0,21.0,1.66,99749.0,8.0,0.6629999999999999,109420.0,28.0,2.246,116486.0,26.0,2.097,119805.0,27.0,2.149,115666.0,23.0,1.874,118088.0,27.0,2.154,116861.0,11.0,0.9329999999999999,116517.0,2.0,0.20600000000000002,120047.0,18.0,1.44,120359.0,18.0,1.462,120195.0,11.0,0.875,118915.0,13.0,1.0859999999999999,117460.0,21.0,1.6480000000000001,116632.0,7.0,0.625,114796.0,0.0,0.061,117391.0
3,5.0,73.0,7.026,73333.0,97.0,9.267999999999999,77902.0,100.0,9.547,78919.0,97.0,9.347000000000001,80793.0,105.0,10.079,78242.0,125.0,11.948,76849.0,108.0,10.333,76244.0,76.0,7.334,75613.0,89.0,8.582,79647.0,99.0,9.527000000000001,79465.0,96.0,9.225,79609.0,100.0,9.633,78625.0,102.0,9.743,76915.0,68.0,6.541,74898.0,52.0,4.994,72962.0,76.0,7.261,73513.0,70.0,6.732,75821.0,64.0,6.119,73859.0,63.0,6.102,73106.0,76.0,7.268,67688.0,48.0,4.644,57931.0,17.0,1.713,64791.0,53.0,5.149,71292.0,50.0,4.78,73108.0,60.0,5.765,71180.0,63.0,6.095,72838.0,63.0,6.037000000000001,72537.0,32.0,3.0860000000000003,71315.0,34.0,3.304,73785.0,45.0,4.314,73751.0,50.0,4.822,73934.0,55.0,5.306,73700.0,56.0,5.436,73777.0,54.0,5.184,73016.0,29.0,2.818,70152.0,23.0,2.213,71446.0
4,6.0,60.0,4.122,451282.0,98.0,6.725,457175.0,100.0,6.8420000000000005,472598.0,99.0,6.827000000000001,481255.0,106.0,7.27,458159.0,111.0,7.649,446703.0,87.0,5.97,449691.0,62.0,4.292,453899.0,92.0,6.3389999999999995,473532.0,95.0,6.522,443272.0,96.0,6.591,469395.0,90.0,6.159,462734.0,91.0,6.232,449089.0,51.0,3.512,438905.0,32.0,2.195,425702.0,66.0,4.541,394102.0,47.0,3.222,410186.0,41.0,2.8480000000000003,382315.0,29.0,2.003,371654.0,36.0,2.498,333099.0,10.0,0.721,285539.0,3.0,0.267,349210.0,14.0,0.961,375438.0,11.0,0.779,395032.0,15.0,1.046,376378.0,13.0,0.922,385779.0,22.0,1.5530000000000002,362058.0,3.0,0.251,380862.0,0.0,0.05,391174.0,8.0,0.609,401335.0,10.0,0.75,401469.0,11.0,0.807,397929.0,13.0,0.899,391404.0,19.0,1.354,386905.0,3.0,0.23,383533.0,0.0,0.033,411145.0
5,8.0,55.0,3.884,92976.0,91.0,6.412000000000001,95557.0,98.0,6.914,97493.0,99.0,7.046,99724.0,103.0,7.3229999999999995,96419.0,113.0,8.017999999999999,94724.0,91.0,6.42,96419.0,60.0,4.284,98031.0,96.0,6.771,101639.0,98.0,6.95,100060.0,101.0,7.156000000000001,100308.0,101.0,7.126,98490.0,92.0,6.494,95506.0,56.0,3.9739999999999998,91758.0,33.0,2.384,90223.0,66.0,4.694,89643.0,45.0,3.2110000000000003,91734.0,44.0,3.1510000000000002,89817.0,5.0,0.408,85109.0,22.0,1.6059999999999999,79367.0,5.0,0.41100000000000003,72243.0,3.0,0.26899999999999996,81890.0,21.0,1.538,87575.0,18.0,1.3119999999999998,90801.0,20.0,1.463,87662.0,2.0,0.19899999999999998,89109.0,1.0,0.113,88177.0,0.0,0.040999999999999995,88322.0,0.0,0.039,91146.0,2.0,0.15,91978.0,8.0,0.568,91444.0,6.0,0.449,91421.0,0.0,0.055999999999999994,89512.0,4.0,0.282,88238.0,1.0,0.10800000000000001,87715.0,0.0,0.049,89651.0
6,9.0,61.0,4.172,48664.0,99.0,6.702999999999999,51311.0,98.0,6.615,52811.0,100.0,6.74,55096.0,107.0,7.25,52620.0,111.0,7.54,51831.0,87.0,5.8660000000000005,51258.0,60.0,4.067,51024.0,98.0,6.607,53579.0,98.0,6.638,52997.0,96.0,6.51,52376.0,96.0,6.494,51967.0,85.0,5.7620000000000005,50038.0,57.0,3.85,48044.0,32.0,2.174,47283.0,60.0,4.056,47748.0,39.0,2.6660000000000004,49659.0,38.0,2.5980000000000003,48583.0,32.0,2.174,48129.0,44.0,2.992,44355.0,12.0,0.8490000000000001,38889.0,2.0,0.188,43150.0,1.0,0.092,47178.0,7.0,0.537,48780.0,5.0,0.344,46710.0,14.0,0.997,48661.0,20.0,1.401,48669.0,1.0,0.07,47069.0,0.0,0.033,48640.0,1.0,0.12300000000000001,49599.0,4.0,0.299,49396.0,6.0,0.462,49830.0,5.0,0.396,48542.0,5.0,0.37200000000000005,47649.0,4.0,0.318,47142.0,0.0,0.05,48687.0
7,10.0,59.0,4.981,16313.0,99.0,8.269,17024.0,100.0,8.322000000000001,17324.0,97.0,8.092,18139.0,103.0,8.654,17288.0,105.0,8.773,16886.0,88.0,7.3420000000000005,17004.0,64.0,5.37,16859.0,94.0,7.845,17540.0,95.0,7.9639999999999995,17410.0,95.0,7.986000000000001,17289.0,101.0,8.439,17045.0,96.0,8.015,16417.0,61.0,5.126,16017.0,34.0,2.888,15764.0,68.0,5.704,15800.0,54.0,4.496,16577.0,44.0,3.728,16088.0,42.0,3.517,16023.0,55.0,4.59,15233.0,11.0,0.991,13485.0,2.0,0.19,14627.0,21.0,1.758,15819.0,7.0,0.6609999999999999,16257.0,1.0,0.135,15509.0,16.0,1.3659999999999999,16125.0,21.0,1.7890000000000001,16124.0,0.0,0.044000000000000004,15743.0,0.0,0.047,16656.0,9.0,0.8,16630.0,3.0,0.32899999999999996,16476.0,7.0,0.612,16488.0,12.0,1.034,16049.0,16.0,1.3359999999999999,16025.0,1.0,0.102,15642.0,0.0,0.054000000000000006,16242.0
8,11.0,102.0,3.739,4735.0,76.0,2.798,4344.0,98.0,3.583,5165.0,100.0,3.656,5349.0,106.0,3.9019999999999997,4956.0,116.0,4.268,4874.0,108.0,3.966,4928.0,123.0,4.506,5380.0,92.0,3.377,5199.0,96.0,3.5189999999999997,5090.0,99.0,3.623,4993.0,101.0,3.7289999999999996,4887.0,110.0,4.044,4342.0,86.0,3.1630000000000003,3675.0,30.0,1.112,3428.0,35.0,1.2930000000000001,3253.0,12.0,0.456,3536.0,9.0,0.349,3235.0,5.0,0.2,3212.0,11.0,0.40299999999999997,2822.0,1.0,0.043,2353.0,0.0,0.035,2358.0,0.0,0.027000000000000003,2923.0,0.0,0.031,2988.0,0.0,0.025,2621.0,0.0,0.033,2882.0,1.0,0.045,2873.0,0.0,0.022000000000000002,2613.0,0.0,0.023,2675.0,0.0,0.031,2972.0,0.0,0.025,3010.0,0.0,0.023,3017.0,0.0,0.032,2795.0,0.0,0.035,2698.0,0.0,0.023,2476.0,0.0,0.024,2851.0
9,12.0,71.0,5.847,448216.0,99.0,8.127,471849.0,100.0,8.147,478867.0,99.0,8.133,491475.0,104.0,8.485,476604.0,111.0,9.065,473093.0,92.0,7.541,473994.0,68.0,5.558,470542.0,96.0,7.855,488402.0,99.0,8.086,484678.0,101.0,8.236,481888.0,102.0,8.323,477395.0,102.0,8.39,465646.0,75.0,6.142,450586.0,52.0,4.27,440176.0,76.0,6.247000000000001,443600.0,66.0,5.416,457676.0,55.0,4.543,443087.0,56.0,4.64,438077.0,61.0,5.033,404983.0,26.0,2.1919999999999997,353145.0,10.0,0.865,391058.0,33.0,2.741,423791.0,29.0,2.412,431097.0,31.0,2.542,418708.0,28.0,2.301,426128.0,27.0,2.278,423223.0,8.0,0.655,415200.0,1.0,0.142,433201.0,15.0,1.264,429357.0,17.0,1.385,430965.0,20.0,1.6909999999999998,428573.0,23.0,1.919,422439.0,17.0,1.4080000000000001,416301.0,4.0,0.353,404369.0,0.0,0.039,413138.0
10,13.0,78.0,7.651,234185.0,100.0,9.767999999999999,249871.0,99.0,9.738999999999999,254964.0,97.0,9.549,262336.0,100.0,9.845,252180.0,118.0,11.54,247118.0,103.0,10.109,246809.0,76.0,7.459,241681.0,101.0,9.91,255226.0,101.0,9.895,253415.0,104.0,10.235,252274.0,106.0,10.449000000000002,249454.0,105.0,10.295,243546.0,75.0,7.401,235973.0,46.0,4.556,229316.0,75.0,7.337999999999999,233332.0,65.0,6.37,241114.0,57.0,5.615,234785.0,63.0,6.212000000000001,231545.0,69.0,6.771,216529.0,42.0,4.105,190822.0,14.0,1.4269999999999998,211168.0,35.0,3.438,228711.0,32.0,3.165,235572.0,40.0,3.9330000000000003,228497.0,39.0,3.892,232158.0,46.0,4.573,231531.0,27.0,2.699,227222.0,10.0,1.005,233682.0,31.0,3.056,235463.0,25.0,2.448,234579.0,35.0,3.4189999999999996,233345.0,41.0,4.055,232891.0,36.0,3.572,228651.0,8.0,0.8340000000000001,219617.0,2.0,0.212,225539.0
11,15.0,68.0,4.614,19945.0,97.0,6.59,20876.0,99.0,6.7620000000000005,21151.0,100.0,6.778,21408.0,104.0,7.105,20794.0,110.0,7.5089999999999995,20711.0,96.0,6.541,20913.0,78.0,5.32,21075.0,99.0,6.745,21637.0,105.0,7.166,21525.0,102.0,6.95,21774.0,97.0,6.587000000000001,20195.0,112.0,7.646,20633.0,91.0,6.21,20255.0,67.0,4.546,19743.0,82.0,5.6,19870.0,69.0,4.715,20330.0,73.0,4.97,19810.0,47.0,3.222,17037.0,72.0,4.882,17390.0,34.0,2.369,15037.0,23.0,1.62,17330.0,45.0,3.1010000000000004,17918.0,29.0,1.994,18123.0,24.0,1.645,17280.0,15.0,1.054,17364.0,22.0,1.5030000000000001,17374.0,6.0,0.424,17154.0,0.0,0.059000000000000004,18316.0,17.0,1.1840000000000002,17653.0,19.0,1.301,18085.0,21.0,1.4669999999999999,17479.0,21.0,1.436,17647.0,28.0,1.9609999999999999,17646.0,11.0,0.787,17409.0,2.0,0.17800000000000002,17331.0
12,16.0,47.0,2.5660000000000003,25095.0,97.0,5.3389999999999995,26229.0,98.0,5.396,26614.0,100.0,5.454,27250.0,108.0,5.891,26249.0,115.0,6.319,25661.0,83.0,4.552,26044.0,51.0,2.806,25952.0,97.0,5.331,26828.0,102.0,5.587999999999999,26484.0,105.0,5.7379999999999995,26700.0,106.0,5.8,26030.0,113.0,6.192,25661.0,62.0,3.387,24893.0,31.0,1.705,24559.0,86.0,4.737,25037.0,76.0,4.187,25755.0,70.0,3.865,25313.0,65.0,3.595,24749.0,73.0,4.0169999999999995,24006.0,35.0,1.936,21598.0,15.0,0.84,23625.0,50.0,2.7289999999999996,24794.0,48.0,2.639,25901.0,44.0,2.414,25025.0,27.0,1.483,25598.0,30.0,1.685,25349.0,6.0,0.35200000000000004,25247.0,0.0,0.044000000000000004,26091.0,19.0,1.063,26288.0,19.0,1.077,26591.0,21.0,1.162,27116.0,22.0,1.209,26415.0,31.0,1.713,26111.0,7.0,0.409,25637.0,0.0,0.044000000000000004,26298.0
13,17.0,70.0,5.142,230203.0,97.0,7.0920000000000005,241730.0,100.0,7.263,247251.0,99.0,7.255,253725.0,103.0,7.506,246790.0,113.0,8.22,242530.0,96.0,7.032,242209.0,69.0,5.052,242810.0,90.0,6.599,249928.0,97.0,7.067,247305.0,98.0,7.182,246489.0,98.0,7.147,244335.0,99.0,7.233,238507.0,60.0,4.398,230187.0,39.0,2.8680000000000003,224914.0,68.0,4.977,226573.0,49.0,3.582,236559.0,36.0,2.678,227145.0,35.0,2.574,226680.0,51.0,3.722,206219.0,10.0,0.762,177646.0,0.0,0.038,198647.0,5.0,0.42700000000000005,223431.0,9.0,0.696,229114.0,17.0,1.268,221719.0,11.0,0.805,226648.0,15.0,1.1440000000000001,228766.0,1.0,0.1,228719.0,0.0,0.046,231442.0,10.0,0.736,232459.0,9.0,0.7120000000000001,228947.0,14.0,1.03,228163.0,16.0,1.209,226523.0,22.0,1.642,224455.0,4.0,0.292,217988.0,1.0,0.077,225546.0
14,18.0,66.0,5.497000000000001,125061.0,94.0,7.8839999999999995,131429.0,100.0,8.322000000000001,133980.0,98.0,8.167,138517.0,103.0,8.579,133461.0,114.0,9.539,130719.0,94.0,7.864,129982.0,67.0,5.651,128443.0,91.0,7.625,135341.0,93.0,7.817,133970.0,96.0,8.002,133136.0,96.0,8.015,132459.0,101.0,8.453,128105.0,58.0,4.84,123010.0,40.0,3.41,120169.0,74.0,6.232,122388.0,63.0,5.303999999999999,127297.0,52.0,4.346,123965.0,52.0,4.388,123661.0,61.0,5.0969999999999995,115803.0,20.0,1.692,100600.0,3.0,0.26,112398.0,37.0,3.1439999999999997,121802.0,32.0,2.6719999999999997,125629.0,19.0,1.6019999999999999,121397.0,20.0,1.686,124313.0,23.0,1.939,124496.0,3.0,0.298,125777.0,0.0,0.068,128181.0,17.0,1.463,127367.0,17.0,1.422,127060.0,19.0,1.604,127125.0,26.0,2.224,125911.0,34.0,2.8939999999999997,124219.0,8.0,0.72,121070.0,1.0,0.11699999999999999,123577.0
15,19.0,67.0,4.687,57303.0,97.0,6.77,60148.0,100.0,6.941,60897.0,98.0,6.825,63430.0,104.0,7.24,61026.0,125.0,8.717,59869.0,103.0,7.162000000000001,59594.0,68.0,4.7330000000000005,59208.0,90.0,6.292000000000001,61552.0,99.0,6.906000000000001,61377.0,102.0,7.106,60996.0,105.0,7.356,60526.0,123.0,8.556000000000001,58070.0,69.0,4.849,54848.0,45.0,3.133,53338.0,80.0,5.572,53532.0,69.0,4.855,55436.0,51.0,3.572,54893.0,48.0,3.395,55293.0,59.0,4.102,52144.0,22.0,1.5730000000000002,46587.0,5.0,0.405,51897.0,38.0,2.6919999999999997,56562.0,38.0,2.674,59051.0,39.0,2.77,57287.0,39.0,2.742,58668.0,42.0,2.963,58528.0,13.0,0.914,58891.0,4.0,0.332,59908.0,37.0,2.616,60137.0,38.0,2.7039999999999997,60471.0,39.0,2.722,60630.0,37.0,2.5989999999999998,59888.0,34.0,2.373,58623.0,20.0,1.453,57637.0,11.0,0.8009999999999999,58573.0
16,20.0,69.0,5.146,61191.0,95.0,7.042999999999999,63865.0,99.0,7.3260000000000005,65017.0,100.0,7.352,67126.0,106.0,7.832999999999999,64685.0,126.0,9.267999999999999,63552.0,106.0,7.837000000000001,63423.0,70.0,5.207999999999999,62778.0,91.0,6.736000000000001,64578.0,101.0,7.428999999999999,64117.0,106.0,7.834,64239.0,107.0,7.888999999999999,63881.0,108.0,7.996,61652.0,63.0,4.6819999999999995,59072.0,38.0,2.841,57544.0,71.0,5.275,58587.0,63.0,4.6339999999999995,60405.0,56.0,4.121,59587.0,53.0,3.949,60077.0,60.0,4.444,55529.0,28.0,2.123,49147.0,10.0,0.785,54812.0,43.0,3.178,60144.0,30.0,2.21,62030.0,35.0,2.63,60080.0,32.0,2.39,61375.0,36.0,2.6639999999999997,61165.0,17.0,1.265,60480.0,11.0,0.871,62678.0,22.0,1.663,62741.0,28.0,2.11,62730.0,30.0,2.219,62637.0,27.0,2.026,61911.0,23.0,1.76,60492.0,12.0,0.929,59499.0,5.0,0.386,60639.0
17,21.0,75.0,6.478,87346.0,94.0,8.122,92083.0,96.0,8.331,94175.0,100.0,8.618,96433.0,105.0,9.062999999999999,92663.0,113.0,9.822000000000001,91250.0,98.0,8.522,91836.0,76.0,6.603,90799.0,96.0,8.289,93797.0,96.0,8.323,93129.0,99.0,8.586,92360.0,94.0,8.183,91789.0,102.0,8.852,89053.0,60.0,5.245,86017.0,44.0,3.792,83426.0,75.0,6.473,84782.0,66.0,5.693,88097.0,58.0,5.007,85812.0,57.0,4.946000000000001,84895.0,66.0,5.702999999999999,79793.0,28.0,2.469,66931.0,13.0,1.148,77541.0,44.0,3.832,83944.0,32.0,2.822,86535.0,42.0,3.698,83922.0,43.0,3.79,85831.0,45.0,3.888,85805.0,26.0,2.314,85498.0,14.0,1.218,87836.0,32.0,2.819,87219.0,26.0,2.2880000000000003,86591.0,29.0,2.5789999999999997,86649.0,36.0,3.1239999999999997,85767.0,45.0,3.8930000000000002,85028.0,27.0,2.34,82967.0,12.0,1.067,84571.0
18,22.0,73.0,6.9110000000000005,104796.0,99.0,9.369,111587.0,100.0,9.417,113407.0,92.0,8.735,116937.0,105.0,9.896,112128.0,117.0,11.032,109152.0,101.0,9.552999999999999,110174.0,77.0,7.3420000000000005,109003.0,96.0,9.045,114185.0,99.0,9.374,113088.0,100.0,9.504,112998.0,103.0,9.772,110914.0,106.0,10.027999999999999,109246.0,80.0,7.58,106651.0,59.0,5.611000000000001,103884.0,83.0,7.885,103950.0,70.0,6.648,107165.0,64.0,6.03,103473.0,64.0,6.086,101724.0,68.0,6.4479999999999995,94273.0,37.0,3.5469999999999997,80021.0,21.0,2.008,91993.0,44.0,4.205,100157.0,30.0,2.8989999999999996,101768.0,37.0,3.571,99177.0,38.0,3.61,100506.0,44.0,4.15,100424.0,24.0,2.267,98766.0,14.0,1.3359999999999999,101486.0,30.0,2.855,102576.0,32.0,3.074,102281.0,36.0,3.449,101377.0,36.0,3.435,101754.0,43.0,4.111000000000001,101104.0,21.0,1.982,97435.0,13.0,1.2690000000000001,99483.0
19,23.0,56.0,4.046,16968.0,97.0,6.941,17581.0,99.0,7.122000000000001,18088.0,92.0,6.599,18915.0,104.0,7.4670000000000005,17801.0,115.0,8.242,17476.0,81.0,5.772,17373.0,58.0,4.165,17301.0,92.0,6.62,18064.0,94.0,6.72,17931.0,101.0,7.2170000000000005,17698.0,104.0,7.457999999999999,17635.0,92.0,6.61,17190.0,63.0,4.51,16688.0,35.0,2.51,16491.0,68.0,4.86,16530.0,48.0,3.425,17020.0,42.0,3.05,16756.0,34.0,2.423,16544.0,42.0,3.031,15527.0,9.0,0.644,14011.0,1.0,0.134,15471.0,19.0,1.415,16588.0,7.0,0.5539999999999999,17142.0,21.0,1.508,16377.0,21.0,1.544,16688.0,25.0,1.7890000000000001,17008.0,6.0,0.456,16695.0,0.0,0.042,17484.0,1.0,0.08900000000000001,17415.0,14.0,1.01,17411.0,17.0,1.2329999999999999,17366.0,0.0,0.055999999999999994,16879.0,1.0,0.124,16842.0,1.0,0.094,16674.0,0.0,0.047,16960.0
20,24.0,57.0,4.548,102932.0,98.0,7.757999999999999,109206.0,97.0,7.724,112564.0,100.0,7.912000000000001,116727.0,104.0,8.306000000000001,110796.0,105.0,8.344,109718.0,79.0,6.327999999999999,109398.0,57.0,4.552,109046.0,95.0,7.555,113996.0,96.0,7.66,112853.0,99.0,7.901,112177.0,98.0,7.763,110780.0,93.0,7.381,107832.0,53.0,4.2139999999999995,102869.0,22.0,1.764,101704.0,57.0,4.56,103004.0,38.0,3.02,107588.0,29.0,2.31,104806.0,30.0,2.394,104573.0,39.0,3.094,97343.0,3.0,0.314,86562.0,0.0,0.06,94574.0,4.0,0.322,102415.0,3.0,0.301,105001.0,0.0,0.06,100820.0,6.0,0.505,104168.0,11.0,0.89,104442.0,0.0,0.04,101649.0,0.0,0.038,105189.0,8.0,0.639,106515.0,0.0,0.038,105085.0,0.0,0.046,104993.0,0.0,0.063,103749.0,2.0,0.215,102288.0,0.0,0.044000000000000004,99116.0,0.0,0.036000000000000004,103080.0
21,25.0,63.0,3.826,85027.0,99.0,6.0329999999999995,88486.0,100.0,6.059,91886.0,98.0,5.959,96543.0,106.0,6.465,91495.0,112.0,6.834,91024.0,87.0,5.291,89473.0,64.0,3.8930000000000002,89106.0,96.0,5.818,92720.0,98.0,5.9479999999999995,92000.0,98.0,5.938,90492.0,95.0,5.792000000000001,91049.0,86.0,5.237,86076.0,56.0,3.412,82437.0,29.0,1.761,80705.0,52.0,3.155,81633.0,26.0,1.595,85707.0,28.0,1.716,82971.0,16.0,0.991,82662.0,37.0,2.27,75686.0,6.0,0.376,66498.0,1.0,0.068,73503.0,3.0,0.225,80976.0,1.0,0.08,83328.0,0.0,0.055999999999999994,79307.0,3.0,0.22399999999999998,82647.0,8.0,0.527,82878.0,1.0,0.067,80422.0,0.0,0.028999999999999998,82766.0,0.0,0.044000000000000004,83792.0,1.0,0.076,84105.0,1.0,0.063,84826.0,0.0,0.054000000000000006,81832.0,0.0,0.044000000000000004,80929.0,1.0,0.064,79463.0,0.0,0.039,83528.0
22,26.0,57.0,4.5760000000000005,164987.0,98.0,7.85,172823.0,98.0,7.8660000000000005,176327.0,100.0,7.987,181793.0,104.0,8.31,175337.0,111.0,8.943999999999999,171642.0,87.0,7.024,171354.0,60.0,4.822,171506.0,94.0,7.54,179717.0,96.0,7.6770000000000005,177187.0,98.0,7.891,176348.0,96.0,7.669,175604.0,91.0,7.327999999999999,169395.0,50.0,4.007,164082.0,28.0,2.274,162234.0,63.0,5.058,163757.0,48.0,3.898,170310.0,38.0,3.0460000000000003,165937.0,38.0,3.04,165007.0,41.0,3.342,153309.0,5.0,0.474,135075.0,0.0,0.071,152198.0,22.0,1.771,162636.0,0.0,0.049,166408.0,2.0,0.16699999999999998,161866.0,0.0,0.057,164988.0,1.0,0.151,165054.0,0.0,0.035,164153.0,0.0,0.036000000000000004,172503.0,0.0,0.045,169039.0,0.0,0.05,168803.0,0.0,0.057,168777.0,3.0,0.268,167070.0,5.0,0.449,164212.0,0.0,0.043,161382.0,0.0,0.043,165831.0
23,27.0,58.0,4.356,83845.0,97.0,7.206,86332.0,98.0,7.267,88305.0,100.0,7.388999999999999,91357.0,105.0,7.813,88021.0,118.0,8.732000000000001,85410.0,87.0,6.44,85842.0,57.0,4.2780000000000005,86005.0,94.0,6.984,87851.0,97.0,7.2170000000000005,86712.0,101.0,7.476,85826.0,98.0,7.265,86496.0,100.0,7.396,82796.0,55.0,4.088,80590.0,30.0,2.2640000000000002,80576.0,65.0,4.811,81668.0,51.0,3.813,84686.0,33.0,2.452,82845.0,26.0,1.982,82150.0,37.0,2.7960000000000003,77500.0,1.0,0.135,68931.0,0.0,0.05,76656.0,19.0,1.4140000000000001,82638.0,14.0,1.069,85714.0,16.0,1.197,83064.0,21.0,1.5659999999999998,85056.0,24.0,1.819,84301.0,0.0,0.034,84265.0,0.0,0.032,87690.0,4.0,0.344,87345.0,7.0,0.524,87618.0,6.0,0.469,88171.0,6.0,0.46299999999999997,86719.0,2.0,0.2,83666.0,1.0,0.077,81927.0,0.0,0.051,84273.0
24,28.0,78.0,8.814,71930.0,99.0,11.147,76373.0,100.0,11.205,77765.0,92.0,10.345999999999998,80283.0,106.0,11.958,77008.0,127.0,14.276,74195.0,110.0,12.394,74394.0,81.0,9.186,70734.0,102.0,11.485,72439.0,102.0,11.489,71925.0,104.0,11.720999999999998,71545.0,109.0,12.319,70351.0,111.0,12.508,69696.0,85.0,9.604,69353.0,60.0,6.813,68394.0,88.0,9.889,69563.0,80.0,9.033,72348.0,75.0,8.42,70256.0,75.0,8.436,68962.0,77.0,8.704,65298.0,49.0,5.574,56599.0,23.0,2.673,63110.0,56.0,6.289,68547.0,51.0,5.776,70270.0,57.0,6.455,68522.0,60.0,6.772,69706.0,66.0,7.4879999999999995,69807.0,42.0,4.751,68992.0,29.0,3.258,70696.0,49.0,5.547999999999999,70653.0,49.0,5.537999999999999,70667.0,56.0,6.361000000000001,70363.0,58.0,6.5489999999999995,70996.0,58.0,6.58,69999.0,23.0,2.61,66410.0,15.0,1.778,68342.0
25,29.0,70.0,6.6339999999999995,130861.0,95.0,8.978,136519.0,100.0,9.374,138188.0,98.0,9.255,141826.0,104.0,9.761000000000001,137071.0,117.0,11.002,134666.0,98.0,9.226,135115.0,71.0,6.6579999999999995,134940.0,89.0,8.398,139564.0,97.0,9.149,138238.0,100.0,9.435,137840.0,99.0,9.341000000000001,136979.0,108.0,10.136000000000001,132673.0,65.0,6.172999999999999,128876.0,45.0,4.275,126224.0,77.0,7.276,126907.0,70.0,6.636,130647.0,56.0,5.265,128068.0,50.0,4.743,127321.0,60.0,5.675,119059.0,29.0,2.74,105786.0,6.0,0.63,118270.0,35.0,3.372,127048.0,20.0,1.965,130259.0,32.0,3.055,127112.0,31.0,2.92,130270.0,31.0,2.998,131020.0,14.0,1.3459999999999999,130075.0,10.0,1.0,133970.0,25.0,2.3569999999999998,132470.0,27.0,2.6180000000000003,132486.0,30.0,2.847,132071.0,29.0,2.8,130706.0,29.0,2.8,129058.0,10.0,0.987,125984.0,4.0,0.42,128835.0
26,30.0,62.0,2.616,13289.0,99.0,4.1339999999999995,13881.0,98.0,4.1160000000000005,14045.0,100.0,4.16,14581.0,108.0,4.524,13841.0,120.0,5.021,13423.0,92.0,3.859,13731.0,58.0,2.431,13725.0,95.0,3.9730000000000003,14263.0,102.0,4.272,14212.0,105.0,4.37,14360.0,109.0,4.544,13977.0,109.0,4.566,13745.0,51.0,2.15,13072.0,27.0,1.147,12834.0,78.0,3.2680000000000002,13076.0,70.0,2.9530000000000003,13424.0,64.0,2.6860000000000004,13188.0,61.0,2.544,12865.0,70.0,2.935,12383.0,25.0,1.053,11265.0,11.0,0.488,12306.0,50.0,2.092,13123.0,38.0,1.587,13893.0,43.0,1.8219999999999998,13399.0,46.0,1.9369999999999998,13861.0,53.0,2.227,13639.0,1.0,0.07200000000000001,13553.0,1.0,0.062,14193.0,20.0,0.861,14033.0,17.0,0.738,14314.0,12.0,0.53,14255.0,20.0,0.86,13814.0,24.0,1.023,13728.0,8.0,0.364,13496.0,1.0,0.064,13851.0
27,31.0,70.0,4.735,38041.0,94.0,6.313,39679.0,97.0,6.528,40377.0,100.0,6.6770000000000005,41659.0,105.0,7.037999999999999,40214.0,121.0,8.113999999999999,39227.0,102.0,6.87,39228.0,70.0,4.696000000000001,39245.0,88.0,5.904,40234.0,95.0,6.367999999999999,39866.0,100.0,6.707999999999999,39700.0,99.0,6.653,39709.0,99.0,6.6129999999999995,38717.0,50.0,3.373,37292.0,38.0,2.551,36903.0,74.0,4.9510000000000005,37549.0,66.0,4.442,38665.0,57.0,3.843,38309.0,50.0,3.366,38323.0,57.0,3.825,35264.0,30.0,2.056,31077.0,13.0,0.93,34876.0,45.0,3.0610000000000004,37759.0,46.0,3.1180000000000003,39067.0,50.0,3.378,38120.0,45.0,3.068,39049.0,49.0,3.3169999999999997,38567.0,18.0,1.266,38510.0,20.0,1.3519999999999999,40182.0,40.0,2.674,40097.0,44.0,2.9789999999999996,39995.0,47.0,3.194,40307.0,35.0,2.367,39363.0,36.0,2.4219999999999997,38457.0,24.0,1.661,37820.0,13.0,0.93,38594.0
28,32.0,62.0,4.3839999999999995,57432.0,99.0,7.002999999999999,56257.0,100.0,7.0489999999999995,57046.0,99.0,7.03,57830.0,104.0,7.374,56371.0,107.0,7.582000000000001,56455.0,84.0,5.9879999999999995,58620.0,70.0,4.953,58905.0,95.0,6.747000000000001,57423.0,97.0,6.876,54894.0,96.0,6.827000000000001,57251.0,98.0,6.972,55979.0,100.0,7.06,55530.0,67.0,4.763999999999999,54679.0,48.0,3.435,53357.0,80.0,5.683,49248.0,61.0,4.353,52457.0,43.0,3.096,51009.0,25.0,1.829,47984.0,39.0,2.752,45056.0,5.0,0.363,40964.0,2.0,0.163,46331.0,12.0,0.8759999999999999,49152.0,12.0,0.85,50915.0,11.0,0.843,49322.0,10.0,0.742,50472.0,19.0,1.389,47423.0,3.0,0.257,49569.0,0.0,0.040999999999999995,51010.0,7.0,0.529,51546.0,9.0,0.687,51742.0,11.0,0.79,51047.0,9.0,0.6859999999999999,50958.0,16.0,1.138,50385.0,2.0,0.165,49639.0,0.0,0.035,51328.0
29,33.0,58.0,5.19,18708.0,97.0,8.597999999999999,19446.0,100.0,8.833,19830.0,95.0,8.472000000000001,20787.0,104.0,9.258,19789.0,113.0,10.011000000000001,19408.0,82.0,7.249,19710.0,63.0,5.609,19802.0,97.0,8.583,19992.0,96.0,8.554,19784.0,100.0,8.837,19518.0,99.0,8.753,19755.0,94.0,8.31,19189.0,62.0,5.559,18571.0,39.0,3.51,18467.0,64.0,5.736000000000001,18636.0,47.0,4.1930000000000005,19085.0,40.0,3.597,18624.0,32.0,2.847,18370.0,45.0,4.0,17175.0,16.0,1.454,15212.0,4.0,0.409,17075.0,13.0,1.232,18484.0,8.0,0.748,18934.0,17.0,1.5519999999999998,18353.0,22.0,1.99,18888.0,31.0,2.822,18893.0,3.0,0.317,18607.0,0.0,0.034,19475.0,2.0,0.215,19370.0,10.0,0.965,19477.0,9.0,0.855,19544.0,4.0,0.44,18865.0,7.0,0.684,18754.0,6.0,0.588,18749.0,0.0,0.06,19215.0
30,34.0,60.0,4.296,159560.0,100.0,7.153,166620.0,98.0,7.0120000000000005,171741.0,99.0,7.152,177096.0,104.0,7.442,168758.0,102.0,7.364,167506.0,82.0,5.912000000000001,166681.0,59.0,4.242,167686.0,93.0,6.718,174319.0,93.0,6.659,171694.0,94.0,6.787999999999999,170846.0,90.0,6.471,170244.0,82.0,5.892,164460.0,52.0,3.775,158331.0,27.0,1.962,156098.0,49.0,3.576,156717.0,28.0,2.004,163082.0,22.0,1.6159999999999999,158089.0,18.0,1.349,156535.0,31.0,2.26,140760.0,5.0,0.36,121298.0,0.0,0.037000000000000005,135765.0,0.0,0.037000000000000005,151400.0,2.0,0.146,157226.0,0.0,0.045,150862.0,3.0,0.237,156088.0,5.0,0.396,157102.0,0.0,0.032,151488.0,0.0,0.03,155453.0,0.0,0.045,159379.0,0.0,0.045,157920.0,0.0,0.06,158690.0,0.0,0.063,155046.0,0.0,0.055999999999999994,152505.0,0.0,0.052000000000000005,148973.0,0.0,0.038,155826.0
31,35.0,61.0,3.668,29042.0,99.0,5.899,30229.0,99.0,5.899,30858.0,100.0,5.943,31679.0,109.0,6.51,30174.0,117.0,6.96,29559.0,93.0,5.577999999999999,30090.0,59.0,3.5180000000000002,30869.0,100.0,5.98,31849.0,104.0,6.202999999999999,31683.0,106.0,6.352,32454.0,107.0,6.3839999999999995,31408.0,103.0,6.162000000000001,31017.0,71.0,4.263,29639.0,45.0,2.728,29513.0,77.0,4.579,29553.0,63.0,3.799,30439.0,59.0,3.5180000000000002,29959.0,51.0,3.068,28996.0,60.0,3.594,27670.0,21.0,1.273,25164.0,13.0,0.774,27499.0,40.0,2.404,28706.0,22.0,1.334,29570.0,21.0,1.284,28640.0,17.0,1.0490000000000002,29452.0,21.0,1.25,29186.0,5.0,0.332,28911.0,1.0,0.10099999999999999,30427.0,14.0,0.836,29699.0,20.0,1.2329999999999999,29775.0,20.0,1.19,29874.0,21.0,1.2930000000000001,29300.0,28.0,1.7069999999999999,28952.0,9.0,0.55,28213.0,1.0,0.099,29045.0
32,36.0,51.0,2.673,261993.0,100.0,5.176,274423.0,98.0,5.085,283364.0,99.0,5.144,294023.0,105.0,5.479,277703.0,106.0,5.52,276221.0,77.0,3.988,274997.0,49.0,2.541,279308.0,94.0,4.905,288253.0,93.0,4.849,283574.0,95.0,4.918,281885.0,91.0,4.751,280496.0,86.0,4.475,270613.0,47.0,2.4730000000000003,257039.0,21.0,1.1159999999999999,254719.0,50.0,2.633,256554.0,28.0,1.482,269178.0,23.0,1.225,260575.0,16.0,0.835,259091.0,22.0,1.159,235704.0,1.0,0.055999999999999994,209402.0,0.0,0.035,229538.0,0.0,0.031,248617.0,0.0,0.045,256436.0,0.0,0.039,246499.0,0.0,0.049,256513.0,1.0,0.059000000000000004,258631.0,0.0,0.027999999999999997,248072.0,0.0,0.025,256900.0,0.0,0.033,261067.0,0.0,0.035,258983.0,0.0,0.039,259262.0,0.0,0.039,253867.0,0.0,0.035,246673.0,0.0,0.036000000000000004,240592.0,0.0,0.028999999999999998,255897.0
33,37.0,73.0,7.162000000000001,204000.0,100.0,9.776,216349.0,96.0,9.38,220981.0,98.0,9.629,228175.0,100.0,9.749,218005.0,113.0,11.052,214501.0,93.0,9.091000000000001,213504.0,72.0,7.0329999999999995,209759.0,98.0,9.618,219709.0,99.0,9.732000000000001,218768.0,101.0,9.934,216092.0,101.0,9.937999999999999,215320.0,102.0,9.995,211163.0,73.0,7.202000000000001,203237.0,45.0,4.462,199675.0,79.0,7.707000000000001,203191.0,68.0,6.6370000000000005,210164.0,60.0,5.9,205590.0,63.0,6.228,204422.0,71.0,6.928999999999999,193013.0,37.0,3.6239999999999997,170194.0,14.0,1.45,185482.0,40.0,3.944,201386.0,42.0,4.117,206307.0,46.0,4.581,200295.0,40.0,3.927,203359.0,45.0,4.481,202861.0,23.0,2.3169999999999997,198434.0,10.0,1.0390000000000001,208703.0,31.0,3.0860000000000003,206641.0,19.0,1.944,205733.0,23.0,2.289,205521.0,30.0,2.975,203979.0,38.0,3.775,202538.0,19.0,1.949,195615.0,5.0,0.5579999999999999,200534.0
34,38.0,60.0,2.608,11242.0,96.0,4.128,11909.0,96.0,4.146,12211.0,100.0,4.277,12660.0,102.0,4.376,12192.0,116.0,4.974,11782.0,91.0,3.9189999999999996,11665.0,62.0,2.6839999999999997,11561.0,96.0,4.117,12239.0,99.0,4.268,12247.0,103.0,4.428999999999999,12057.0,106.0,4.556,12236.0,113.0,4.853,11540.0,76.0,3.2560000000000002,11038.0,39.0,1.683,10667.0,84.0,3.6319999999999997,10999.0,81.0,3.468,11453.0,69.0,2.986,11353.0,62.0,2.67,11052.0,69.0,2.986,10468.0,12.0,0.532,8928.0,6.0,0.271,10134.0,56.0,2.436,11260.0,54.0,2.3280000000000003,11833.0,53.0,2.278,11354.0,54.0,2.318,11642.0,60.0,2.6039999999999996,11542.0,20.0,0.86,11483.0,7.0,0.304,11982.0,42.0,1.811,12171.0,43.0,1.859,12277.0,31.0,1.334,12228.0,15.0,0.684,11801.0,30.0,1.298,11504.0,3.0,0.165,11361.0,1.0,0.05,11575.0
35,39.0,63.0,5.02,211087.0,95.0,7.605,222186.0,98.0,7.797999999999999,228081.0,100.0,7.944,234502.0,105.0,8.359,224845.0,113.0,9.036,220704.0,93.0,7.455,219133.0,66.0,5.291,217308.0,95.0,7.606,227478.0,97.0,7.731,225326.0,98.0,7.818,223700.0,98.0,7.817,222827.0,97.0,7.747999999999999,215845.0,55.0,4.398,207756.0,35.0,2.8,204654.0,69.0,5.546,207849.0,54.0,4.351,215506.0,43.0,3.4339999999999997,210830.0,44.0,3.513,210079.0,50.0,3.9960000000000004,195856.0,12.0,0.96,168799.0,7.0,0.609,193610.0,29.0,2.314,207270.0,5.0,0.402,212006.0,18.0,1.4569999999999999,206740.0,20.0,1.5959999999999999,211276.0,17.0,1.4140000000000001,210783.0,1.0,0.129,213381.0,1.0,0.135,221932.0,9.0,0.73,215994.0,11.0,0.883,216157.0,12.0,1.03,215992.0,21.0,1.733,212920.0,29.0,2.316,210448.0,14.0,1.136,206147.0,0.0,0.055,210201.0
36,40.0,74.0,7.175,93503.0,98.0,9.425,98812.0,100.0,9.581,99965.0,96.0,9.273,102040.0,106.0,10.222999999999999,99489.0,121.0,11.686,97696.0,104.0,10.058,97895.0,68.0,6.575,97212.0,93.0,8.934,101503.0,99.0,9.516,101016.0,99.0,9.535,100660.0,106.0,10.193,99432.0,108.0,10.423,96550.0,73.0,7.082999999999999,92777.0,52.0,5.05,89038.0,82.0,7.9510000000000005,89589.0,70.0,6.712000000000001,91639.0,62.0,5.994,91634.0,58.0,5.557,90501.0,66.0,6.394,84371.0,36.0,3.508,73797.0,16.0,1.574,84247.0,48.0,4.656000000000001,91642.0,50.0,4.802,94098.0,53.0,5.159,91635.0,48.0,4.609,93371.0,48.0,4.671,93242.0,28.0,2.7760000000000002,92351.0,18.0,1.755,95167.0,30.0,2.8810000000000002,94825.0,39.0,3.8160000000000003,94555.0,41.0,4.013,94483.0,40.0,3.9219999999999997,94099.0,36.0,3.455,92076.0,16.0,1.6159999999999999,89803.0,10.0,0.9590000000000001,91687.0
37,41.0,57.0,2.947,58973.0,94.0,4.878,61160.0,97.0,5.05,62437.0,100.0,5.159,63952.0,107.0,5.532,61461.0,109.0,5.632000000000001,60498.0,78.0,4.053,61082.0,58.0,3.005,61395.0,95.0,4.938,62705.0,102.0,5.27,61768.0,101.0,5.224,62475.0,100.0,5.195,60847.0,97.0,5.013,59875.0,40.0,2.077,57982.0,28.0,1.489,57070.0,68.0,3.529,57194.0,56.0,2.9219999999999997,59562.0,52.0,2.699,57848.0,47.0,2.438,55659.0,57.0,2.9810000000000003,54187.0,14.0,0.768,48580.0,6.0,0.344,53892.0,21.0,1.087,56657.0,6.0,0.336,58739.0,13.0,0.6729999999999999,56547.0,10.0,0.526,58196.0,10.0,0.563,57480.0,0.0,0.043,57695.0,0.0,0.035,59425.0,2.0,0.128,59652.0,9.0,0.513,60206.0,9.0,0.512,59434.0,12.0,0.66,58771.0,19.0,0.983,57913.0,1.0,0.062,56765.0,0.0,0.043,58887.0
38,42.0,62.0,3.9560000000000004,193778.0,99.0,6.267,202216.0,97.0,6.153,208036.0,99.0,6.312,215711.0,106.0,6.705,205016.0,113.0,7.181,201564.0,89.0,5.676,199874.0,65.0,4.114,199687.0,98.0,6.2,208611.0,98.0,6.245,206274.0,102.0,6.462000000000001,204090.0,101.0,6.404,202831.0,97.0,6.127000000000001,196719.0,58.0,3.6910000000000003,189144.0,31.0,1.994,186970.0,63.0,3.9939999999999998,189312.0,38.0,2.445,197459.0,31.0,2.008,192672.0,31.0,1.9780000000000002,191888.0,37.0,2.364,177001.0,2.0,0.136,153331.0,0.0,0.063,172507.0,0.0,0.061,186931.0,3.0,0.226,193262.0,1.0,0.09,186090.0,8.0,0.519,192157.0,12.0,0.784,192892.0,0.0,0.034,190038.0,0.0,0.038,198304.0,1.0,0.078,198013.0,1.0,0.071,196682.0,2.0,0.14300000000000002,197172.0,3.0,0.24600000000000002,192205.0,6.0,0.414,190655.0,0.0,0.062,185311.0,0.0,0.044000000000000004,191832.0
39,44.0,69.0,4.217,14458.0,99.0,6.068,14770.0,96.0,5.912000000000001,15270.0,100.0,6.101,15881.0,105.0,6.438,15135.0,114.0,6.992000000000001,14750.0,87.0,5.343999999999999,14733.0,63.0,3.88,14654.0,96.0,5.864,15189.0,96.0,5.912000000000001,14907.0,96.0,5.915,14895.0,99.0,6.077999999999999,14825.0,93.0,5.7010000000000005,14145.0,59.0,3.6069999999999998,13717.0,33.0,2.061,13519.0,58.0,3.592,13640.0,35.0,2.18,14139.0,38.0,2.323,13853.0,28.0,1.714,13795.0,46.0,2.852,12727.0,13.0,0.804,11336.0,2.0,0.16,12366.0,7.0,0.45799999999999996,13518.0,12.0,0.7340000000000001,13878.0,8.0,0.521,13253.0,15.0,0.97,13726.0,24.0,1.4869999999999999,13898.0,5.0,0.314,13467.0,0.0,0.033,13941.0,1.0,0.068,14040.0,5.0,0.361,14014.0,3.0,0.222,14330.0,5.0,0.34600000000000003,13957.0,2.0,0.166,13664.0,3.0,0.22699999999999998,13823.0,0.0,0.045,14060.0
40,45.0,77.0,7.401,113437.0,103.0,9.876,119813.0,99.0,9.487,121973.0,100.0,9.559,125629.0,99.0,9.531,120937.0,119.0,11.404000000000002,118801.0,101.0,9.738,119246.0,77.0,7.388,117182.0,101.0,9.698,122252.0,104.0,9.974,120980.0,105.0,10.117,120739.0,109.0,10.464,119468.0,113.0,10.886,117416.0,88.0,8.427,113411.0,62.0,6.017,111742.0,87.0,8.384,112414.0,78.0,7.487,116372.0,68.0,6.545,113403.0,73.0,7.044,112442.0,80.0,7.66,106525.0,49.0,4.694,94784.0,20.0,1.915,102066.0,49.0,4.695,110004.0,44.0,4.229,112587.0,54.0,5.19,110282.0,53.0,5.072,111738.0,60.0,5.747999999999999,111383.0,39.0,3.8110000000000004,109567.0,20.0,1.993,113939.0,45.0,4.386,112846.0,41.0,3.964,112916.0,44.0,4.288,112348.0,46.0,4.4030000000000005,111854.0,52.0,5.047,111349.0,32.0,3.073,107248.0,13.0,1.253,109559.0
41,46.0,70.0,3.622,13088.0,100.0,5.104,13689.0,101.0,5.187,14039.0,95.0,4.888999999999999,14642.0,99.0,5.06,14006.0,128.0,6.579,13706.0,111.0,5.716,13780.0,74.0,3.7769999999999997,13497.0,99.0,5.056,13981.0,102.0,5.236000000000001,13819.0,104.0,5.3420000000000005,13732.0,102.0,5.255,13787.0,106.0,5.428,13450.0,47.0,2.441,12864.0,36.0,1.8719999999999999,12746.0,77.0,3.943,13019.0,76.0,3.925,13495.0,71.0,3.67,13334.0,57.0,2.952,13245.0,69.0,3.56,12480.0,37.0,1.915,10975.0,18.0,0.943,12283.0,59.0,3.057,13252.0,57.0,2.938,13900.0,48.0,2.4730000000000003,13281.0,49.0,2.512,13694.0,57.0,2.948,13638.0,13.0,0.696,13651.0,15.0,0.8029999999999999,14359.0,47.0,2.414,14152.0,49.0,2.502,14222.0,48.0,2.4619999999999997,14429.0,22.0,1.125,13786.0,41.0,2.1,13523.0,19.0,1.0190000000000001,13334.0,9.0,0.46299999999999997,13669.0
42,47.0,77.0,7.93,149775.0,96.0,9.882,155287.0,92.0,9.427999999999999,158096.0,100.0,10.232999999999999,160141.0,105.0,10.769,155569.0,114.0,11.743,153310.0,98.0,10.103,155290.0,79.0,8.184,153627.0,98.0,10.077,157065.0,96.0,9.923,156081.0,99.0,10.231,155892.0,99.0,10.225,154529.0,104.0,10.702,150809.0,74.0,7.632000000000001,146106.0,54.0,5.539,141527.0,81.0,8.322000000000001,141440.0,71.0,7.281000000000001,145504.0,65.0,6.672000000000001,142290.0,69.0,7.108,140702.0,67.0,6.925,131779.0,40.0,4.135,114885.0,20.0,2.137,131420.0,42.0,4.4,141585.0,32.0,3.346,144894.0,44.0,4.558,140521.0,48.0,5.003,143831.0,53.0,5.4670000000000005,143617.0,33.0,3.465,143493.0,20.0,2.1430000000000002,149052.0,38.0,3.9730000000000003,146371.0,28.0,2.967,145668.0,37.0,3.8310000000000004,145456.0,41.0,4.223,144614.0,41.0,4.227,142823.0,23.0,2.3930000000000002,138728.0,10.0,1.113,141550.0
43,48.0,72.0,6.619,633045.0,100.0,9.071,666618.0,99.0,9.062000000000001,677068.0,94.0,8.571,693767.0,108.0,9.828,665192.0,120.0,10.972000000000001,656467.0,102.0,9.312000000000001,649898.0,72.0,6.61,636251.0,96.0,8.791,653822.0,102.0,9.338,648120.0,104.0,9.484,647044.0,105.0,9.59,639062.0,100.0,9.095,628561.0,69.0,6.313,616714.0,46.0,4.209,604079.0,75.0,6.809,617656.0,64.0,5.888999999999999,637696.0,56.0,5.1579999999999995,625339.0,55.0,5.065,612748.0,59.0,5.386,566954.0,27.0,2.46,490871.0,12.0,1.133,560189.0,40.0,3.697,612352.0,37.0,3.425,624525.0,28.0,2.6039999999999996,602010.0,27.0,2.519,614886.0,32.0,2.9189999999999996,611293.0,13.0,1.195,603336.0,5.0,0.526,619493.0,17.0,1.589,625524.0,25.0,2.286,622766.0,26.0,2.398,618890.0,24.0,2.213,615063.0,26.0,2.449,606749.0,5.0,0.45799999999999996,585905.0,1.0,0.16,597909.0
44,49.0,23.0,1.686,47459.0,97.0,6.882000000000001,49710.0,99.0,7.03,50828.0,100.0,7.068,52248.0,105.0,7.444,50456.0,114.0,8.079,49374.0,86.0,6.102,49988.0,34.0,2.415,49802.0,95.0,6.736000000000001,51867.0,97.0,6.89,51350.0,100.0,7.132000000000001,50980.0,102.0,7.276,50649.0,97.0,6.926,49122.0,60.0,4.31,47931.0,22.0,1.585,46685.0,78.0,5.542999999999999,47658.0,66.0,4.731,48855.0,35.0,2.498,52269.0,43.0,3.0469999999999997,52411.0,47.0,3.346,49618.0,21.0,1.501,46137.0,1.0,0.083,49908.0,36.0,2.545,54762.0,32.0,2.3080000000000003,56807.0,29.0,2.114,54337.0,28.0,2.0340000000000003,56617.0,32.0,2.3169999999999997,55136.0,6.0,0.426,53926.0,0.0,0.037000000000000005,53438.0,19.0,1.369,54677.0,23.0,1.6880000000000002,55508.0,20.0,1.4769999999999999,56411.0,20.0,1.44,54494.0,28.0,2.005,53452.0,8.0,0.595,51700.0,0.0,0.036000000000000004,52219.0
45,50.0,82.0,4.861000000000001,6739.0,99.0,5.852,6348.0,90.0,5.316,6554.0,100.0,5.903,6919.0,103.0,6.108,6601.0,125.0,7.406000000000001,6620.0,85.0,5.046,7133.0,86.0,5.129,7173.0,104.0,6.18,6765.0,104.0,6.143,6607.0,111.0,6.572,6472.0,108.0,6.404,6540.0,107.0,6.364,6402.0,59.0,3.489,6435.0,45.0,2.699,6473.0,79.0,4.685,6107.0,51.0,3.05,6293.0,36.0,2.131,6061.0,32.0,1.905,6037.0,41.0,2.475,5580.0,3.0,0.195,4961.0,1.0,0.08199999999999999,5516.0,8.0,0.489,5925.0,3.0,0.201,6032.0,14.0,0.862,5878.0,1.0,0.11699999999999999,6037.0,5.0,0.336,6196.0,0.0,0.059000000000000004,6091.0,0.0,0.031,6309.0,0.0,0.05,6311.0,2.0,0.172,6278.0,3.0,0.20199999999999999,6376.0,1.0,0.062,6165.0,2.0,0.133,6202.0,1.0,0.098,6076.0,0.0,0.040999999999999995,6127.0
46,51.0,65.0,5.242999999999999,146018.0,100.0,8.025,152900.0,98.0,7.92,156512.0,99.0,8.005,162311.0,105.0,8.475,155120.0,112.0,9.011000000000001,152652.0,86.0,6.935,151956.0,65.0,5.242000000000001,150147.0,97.0,7.834,156682.0,100.0,8.042,155392.0,102.0,8.249,154046.0,101.0,8.18,153192.0,96.0,7.782,149274.0,60.0,4.859,143767.0,31.0,2.517,141160.0,67.0,5.38,143425.0,54.0,4.371,149767.0,43.0,3.5069999999999997,145516.0,47.0,3.8169999999999997,145599.0,55.0,4.479,135784.0,16.0,1.3019999999999998,118262.0,6.0,0.48700000000000004,131602.0,20.0,1.607,142787.0,25.0,2.049,146868.0,14.0,1.141,141269.0,25.0,2.013,145610.0,30.0,2.435,145671.0,8.0,0.718,142229.0,4.0,0.335,147770.0,18.0,1.483,147772.0,6.0,0.54,146917.0,8.0,0.6559999999999999,147186.0,15.0,1.266,145079.0,22.0,1.81,143590.0,5.0,0.47200000000000003,138818.0,1.0,0.092,143427.0
47,53.0,55.0,3.423,108891.0,97.0,6.026,113705.0,98.0,6.075,116129.0,100.0,6.1579999999999995,118971.0,101.0,6.229,113720.0,102.0,6.29,111360.0,71.0,4.401,111670.0,47.0,2.908,112753.0,85.0,5.2860000000000005,115763.0,89.0,5.502000000000001,114448.0,89.0,5.4879999999999995,115830.0,87.0,5.414,111698.0,85.0,5.269,110257.0,40.0,2.502,106257.0,24.0,1.536,104991.0,62.0,3.827,106551.0,45.0,2.793,110569.0,44.0,2.7310000000000003,107199.0,35.0,2.1919999999999997,102575.0,49.0,3.0610000000000004,100108.0,5.0,0.359,89758.0,1.0,0.067,99432.0,17.0,1.051,105725.0,6.0,0.37799999999999995,108947.0,5.0,0.322,104625.0,0.0,0.055,107316.0,1.0,0.069,107024.0,0.0,0.036000000000000004,105807.0,0.0,0.032,109025.0,0.0,0.045,110376.0,1.0,0.063,110485.0,1.0,0.09699999999999999,109126.0,1.0,0.113,107614.0,4.0,0.306,106171.0,0.0,0.054000000000000006,104224.0,0.0,0.036000000000000004,109055.0
48,54.0,72.0,5.619,30111.0,98.0,7.584,31716.0,98.0,7.614,32519.0,100.0,7.723,33585.0,103.0,8.024,32293.0,109.0,8.453,31867.0,90.0,7.001,31217.0,72.0,5.606,30844.0,98.0,7.577999999999999,32055.0,95.0,7.374,31989.0,100.0,7.763999999999999,31625.0,102.0,7.935,31354.0,109.0,8.42,30636.0,69.0,5.348,29548.0,46.0,3.573,28835.0,80.0,6.2170000000000005,29187.0,71.0,5.494,30520.0,64.0,4.957,29599.0,63.0,4.934,29442.0,65.0,5.0760000000000005,27640.0,22.0,1.746,23298.0,7.0,0.57,26497.0,32.0,2.5269999999999997,28760.0,26.0,2.0340000000000003,29896.0,16.0,1.25,28586.0,31.0,2.408,29279.0,27.0,2.116,29667.0,17.0,1.338,29652.0,6.0,0.47700000000000004,30634.0,24.0,1.859,30177.0,17.0,1.33,30167.0,17.0,1.368,30334.0,26.0,2.035,29966.0,35.0,2.761,29881.0,19.0,1.54,29046.0,3.0,0.268,29522.0
49,55.0,62.0,4.138,82668.0,97.0,6.457000000000001,84835.0,99.0,6.627000000000001,86460.0,100.0,6.638,90443.0,104.0,6.914,86410.0,120.0,7.986000000000001,84618.0,90.0,5.985,84560.0,62.0,4.162,84306.0,90.0,6.03,87538.0,98.0,6.568,86663.0,99.0,6.601,85810.0,101.0,6.746,85548.0,110.0,7.343,82357.0,61.0,4.085,78987.0,34.0,2.322,78237.0,76.0,5.088,78896.0,63.0,4.2219999999999995,82557.0,43.0,2.892,80564.0,38.0,2.5540000000000003,80345.0,47.0,3.123,75771.0,5.0,0.33899999999999997,67472.0,0.0,0.052000000000000005,74309.0,29.0,1.974,80087.0,17.0,1.165,83583.0,10.0,0.713,80439.0,8.0,0.593,82436.0,18.0,1.2309999999999999,82785.0,0.0,0.043,83328.0,0.0,0.035,86412.0,8.0,0.574,85788.0,9.0,0.604,85506.0,13.0,0.872,85933.0,19.0,1.2770000000000001,84311.0,22.0,1.474,83540.0,2.0,0.198,81628.0,0.0,0.062,83872.0
50,56.0,53.0,2.16,8488.0,87.0,3.535,8940.0,90.0,3.6439999999999997,9059.0,100.0,4.02,9425.0,105.0,4.231,8973.0,121.0,4.9030000000000005,8865.0,99.0,3.998,8685.0,67.0,2.696,8645.0,101.0,4.09,8985.0,103.0,4.169,9073.0,106.0,4.3,9237.0,110.0,4.422,9053.0,113.0,4.56,8734.0,70.0,2.8339999999999996,8377.0,56.0,2.261,8159.0,90.0,3.64,8259.0,85.0,3.4339999999999997,8510.0,84.0,3.3810000000000002,8428.0,56.0,2.263,8146.0,65.0,2.616,7633.0,47.0,1.916,7305.0,24.0,0.972,7980.0,65.0,2.6189999999999998,8333.0,62.0,2.513,8747.0,61.0,2.4619999999999997,8573.0,59.0,2.381,8891.0,59.0,2.381,8691.0,27.0,1.09,8765.0,20.0,0.81,9185.0,54.0,2.182,8966.0,54.0,2.19,9150.0,54.0,2.187,9186.0,32.0,1.3159999999999998,8838.0,49.0,1.9969999999999999,8624.0,29.0,1.186,8714.0,16.0,0.65,8981.0
