,fips,03/01/20_M_m50,03/02/20_M_m50,03/03/20_M_m50,03/04/20_M_m50,03/05/20_M_m50,03/06/20_M_m50,03/07/20_M_m50,03/08/20_M_m50,03/09/20_M_m50,03/10/20_M_m50,03/11/20_M_m50,03/12/20_M_m50,03/13/20_M_m50,03/14/20_M_m50,03/15/20_M_m50,03/16/20_M_m50,03/17/20_M_m50,03/18/20_M_m50,03/19/20_M_m50,03/20/20_M_m50,03/21/20_M_m50,03/22/20_M_m50,03/23/20_M_m50,03/24/20_M_m50,03/25/20_M_m50,03/26/20_M_m50,03/27/20_M_m50,03/28/20_M_m50,03/29/20_M_m50,03/30/20_M_m50,03/31/20_M_m50,04/01/20_M_m50,04/02/20_M_m50,04/03/20_M_m50,04/04/20_M_m50,04/05/20_M_m50,03/01/20_M_idx,03/02/20_M_idx,03/03/20_M_idx,03/04/20_M_idx,03/05/20_M_idx,03/06/20_M_idx,03/07/20_M_idx,03/08/20_M_idx,03/09/20_M_idx,03/10/20_M_idx,03/11/20_M_idx,03/12/20_M_idx,03/13/20_M_idx,03/14/20_M_idx,03/15/20_M_idx,03/16/20_M_idx,03/17/20_M_idx,03/18/20_M_idx,03/19/20_M_idx,03/20/20_M_idx,03/21/20_M_idx,03/22/20_M_idx,03/23/20_M_idx,03/24/20_M_idx,03/25/20_M_idx,03/26/20_M_idx,03/27/20_M_idx,03/28/20_M_idx,03/29/20_M_idx,03/30/20_M_idx,03/31/20_M_idx,04/01/20_M_idx,04/02/20_M_idx,04/03/20_M_idx,04/04/20_M_idx,04/05/20_M_idx,03/01/20_M_samples,03/02/20_M_samples,03/03/20_M_samples,03/04/20_M_samples,03/05/20_M_samples,03/06/20_M_samples,03/07/20_M_samples,03/08/20_M_samples,03/09/20_M_samples,03/10/20_M_samples,03/11/20_M_samples,03/12/20_M_samples,03/13/20_M_samples,03/14/20_M_samples,03/15/20_M_samples,03/16/20_M_samples,03/17/20_M_samples,03/18/20_M_samples,03/19/20_M_samples,03/20/20_M_samples,03/21/20_M_samples,03/22/20_M_samples,03/23/20_M_samples,03/24/20_M_samples,03/25/20_M_samples,03/26/20_M_samples,03/27/20_M_samples,03/28/20_M_samples,03/29/20_M_samples,03/30/20_M_samples,03/31/20_M_samples,04/01/20_M_samples,04/02/20_M_samples,04/03/20_M_samples,04/04/20_M_samples,04/05/20_M_samples
0,1.0,8.331,10.398,10.538,10.144,10.982000000000001,13.024000000000001,11.373,8.513,10.901,10.892000000000001,10.954,11.755,12.269,9.379,6.3839999999999995,9.49,8.263,7.662000000000001,7.8629999999999995,8.325,5.233,2.903,5.398,5.519,6.305,6.3629999999999995,6.956,4.772,2.739,5.148,4.49,5.619,5.876,6.624,4.2410000000000005,1.1909999999999998,79.0,98.0,100.0,96.0,104.0,123.0,107.0,80.0,103.0,103.0,103.0,111.0,116.0,89.0,60.0,90.0,78.0,72.0,74.0,78.0,49.0,27.0,51.0,52.0,59.0,60.0,66.0,45.0,25.0,48.0,42.0,53.0,55.0,62.0,40.0,11.0,133826.0,143632.0,146009.0,149352.0,144109.0,141491.0,141163.0,138075.0,145037.0,143390.0,143775.0,141531.0,138766.0,135267.0,131636.0,134064.0,137404.0,133274.0,130158.0,122306.0,104381.0,118961.0,128380.0,132352.0,128921.0,130572.0,129899.0,128521.0,132096.0,132085.0,132317.0,131723.0,131971.0,130966.0,126566.0,126988.0
1,2.0,0.8079999999999999,3.463,3.7910000000000004,4.003,4.072,4.351,2.3369999999999997,0.816,3.002,3.5239999999999996,3.678,3.605,3.884,1.601,0.5589999999999999,2.9760000000000004,2.45,1.81,1.23,1.7830000000000001,0.04,0.04,0.278,0.16,0.114,0.168,0.278,0.038,0.031,0.052000000000000005,0.08900000000000001,0.067,0.061,0.34299999999999997,0.048,0.036000000000000004,20.0,86.0,94.0,100.0,101.0,108.0,58.0,20.0,74.0,88.0,91.0,90.0,97.0,39.0,13.0,74.0,61.0,45.0,30.0,44.0,0.0,0.0,6.0,3.0,2.0,4.0,6.0,0.0,0.0,1.0,2.0,1.0,1.0,8.0,1.0,0.0,7782.0,8215.0,8245.0,8385.0,8069.0,8220.0,7959.0,8060.0,8147.0,7902.0,7904.0,7648.0,7555.0,7254.0,7098.0,7330.0,7728.0,7641.0,7421.0,7150.0,6304.0,6835.0,7616.0,7980.0,7844.0,7940.0,8000.0,7748.0,8644.0,8858.0,9083.0,8641.0,8796.0,8223.0,8202.0,8176.0
2,4.0,4.749,7.555,7.665,7.819,8.359,8.954,7.167000000000001,4.902,7.477,7.438,7.156000000000001,6.968999999999999,7.441,5.3870000000000005,3.6210000000000004,5.885,4.966,3.6430000000000002,3.091,4.19,1.66,0.6629999999999999,2.246,2.097,2.149,1.874,2.154,0.9329999999999999,0.20600000000000002,1.44,1.462,0.875,1.0859999999999999,1.6480000000000001,0.625,0.061,60.0,96.0,98.0,100.0,106.0,114.0,91.0,62.0,95.0,95.0,91.0,89.0,95.0,68.0,46.0,75.0,63.0,46.0,39.0,53.0,21.0,8.0,28.0,26.0,27.0,23.0,27.0,11.0,2.0,18.0,18.0,11.0,13.0,21.0,7.0,0.0,121939.0,126957.0,129004.0,131541.0,126999.0,125203.0,125403.0,124129.0,126534.0,125845.0,126545.0,124075.0,122646.0,119059.0,117271.0,118045.0,121978.0,119575.0,114989.0,110040.0,99749.0,109420.0,116486.0,119805.0,115666.0,118088.0,116861.0,116517.0,120047.0,120359.0,120195.0,118915.0,117460.0,116632.0,114796.0,117391.0
3,5.0,7.026,9.267999999999999,9.547,9.347000000000001,10.079,11.948,10.333,7.334,8.582,9.527000000000001,9.225,9.633,9.743,6.541,4.994,7.261,6.732,6.119,6.102,7.268,4.644,1.713,5.149,4.78,5.765,6.095,6.037000000000001,3.0860000000000003,3.304,4.314,4.822,5.306,5.436,5.184,2.818,2.213,73.0,97.0,100.0,97.0,105.0,125.0,108.0,76.0,89.0,99.0,96.0,100.0,102.0,68.0,52.0,76.0,70.0,64.0,63.0,76.0,48.0,17.0,53.0,50.0,60.0,63.0,63.0,32.0,34.0,45.0,50.0,55.0,56.0,54.0,29.0,23.0,73333.0,77902.0,78919.0,80793.0,78242.0,76849.0,76244.0,75613.0,79647.0,79465.0,79609.0,78625.0,76915.0,74898.0,72962.0,73513.0,75821.0,73859.0,73106.0,67688.0,57931.0,64791.0,71292.0,73108.0,71180.0,72838.0,72537.0,71315.0,73785.0,73751.0,73934.0,73700.0,73777.0,73016.0,70152.0,71446.0
4,6.0,4.122,6.725,6.8420000000000005,6.827000000000001,7.27,7.649,5.97,4.292,6.3389999999999995,6.522,6.591,6.159,6.232,3.512,2.195,4.541,3.222,2.8480000000000003,2.003,2.498,0.721,0.267,0.961,0.779,1.046,0.922,1.5530000000000002,0.251,0.05,0.609,0.75,0.807,0.899,1.354,0.23,0.033,60.0,98.0,100.0,99.0,106.0,111.0,87.0,62.0,92.0,95.0,96.0,90.0,91.0,51.0,32.0,66.0,47.0,41.0,29.0,36.0,10.0,3.0,14.0,11.0,15.0,13.0,22.0,3.0,0.0,8.0,10.0,11.0,13.0,19.0,3.0,0.0,451282.0,457175.0,472598.0,481255.0,458159.0,446703.0,449691.0,453899.0,473532.0,443272.0,469395.0,462734.0,449089.0,438905.0,425702.0,394102.0,410186.0,382315.0,371654.0,333099.0,285539.0,349210.0,375438.0,395032.0,376378.0,385779.0,362058.0,380862.0,391174.0,401335.0,401469.0,397929.0,391404.0,386905.0,383533.0,411145.0
5,8.0,3.884,6.412000000000001,6.914,7.046,7.3229999999999995,8.017999999999999,6.42,4.284,6.771,6.95,7.156000000000001,7.126,6.494,3.9739999999999998,2.384,4.694,3.2110000000000003,3.1510000000000002,0.408,1.6059999999999999,0.41100000000000003,0.26899999999999996,1.538,1.3119999999999998,1.463,0.19899999999999998,0.113,0.040999999999999995,0.039,0.15,0.568,0.449,0.055999999999999994,0.282,0.10800000000000001,0.049,55.0,91.0,98.0,99.0,103.0,113.0,91.0,60.0,96.0,98.0,101.0,101.0,92.0,56.0,33.0,66.0,45.0,44.0,5.0,22.0,5.0,3.0,21.0,18.0,20.0,2.0,1.0,0.0,0.0,2.0,8.0,6.0,0.0,4.0,1.0,0.0,92976.0,95557.0,97493.0,99724.0,96419.0,94724.0,96419.0,98031.0,101639.0,100060.0,100308.0,98490.0,95506.0,91758.0,90223.0,89643.0,91734.0,89817.0,85109.0,79367.0,72243.0,81890.0,87575.0,90801.0,87662.0,89109.0,88177.0,88322.0,91146.0,91978.0,91444.0,91421.0,89512.0,88238.0,87715.0,89651.0
6,9.0,4.172,6.702999999999999,6.615,6.74,7.25,7.54,5.8660000000000005,4.067,6.607,6.638,6.51,6.494,5.7620000000000005,3.85,2.174,4.056,2.6660000000000004,2.5980000000000003,2.174,2.992,0.8490000000000001,0.188,0.092,0.537,0.344,0.997,1.401,0.07,0.033,0.12300000000000001,0.299,0.462,0.396,0.37200000000000005,0.318,0.05,61.0,99.0,98.0,100.0,107.0,111.0,87.0,60.0,98.0,98.0,96.0,96.0,85.0,57.0,32.0,60.0,39.0,38.0,32.0,44.0,12.0,2.0,1.0,7.0,5.0,14.0,20.0,1.0,0.0,1.0,4.0,6.0,5.0,5.0,4.0,0.0,48664.0,51311.0,52811.0,55096.0,52620.0,51831.0,51258.0,51024.0,53579.0,52997.0,52376.0,51967.0,50038.0,48044.0,47283.0,47748.0,49659.0,48583.0,48129.0,44355.0,38889.0,43150.0,47178.0,48780.0,46710.0,48661.0,48669.0,47069.0,48640.0,49599.0,49396.0,49830.0,48542.0,47649.0,47142.0,48687.0
7,10.0,4.981,8.269,8.322000000000001,8.092,8.654,8.773,7.3420000000000005,5.37,7.845,7.9639999999999995,7.986000000000001,8.439,8.015,5.126,2.888,5.704,4.496,3.728,3.517,4.59,0.991,0.19,1.758,0.6609999999999999,0.135,1.3659999999999999,1.7890000000000001,0.044000000000000004,0.047,0.8,0.32899999999999996,0.612,1.034,1.3359999999999999,0.102,0.054000000000000006,59.0,99.0,100.0,97.0,103.0,105.0,88.0,64.0,94.0,95.0,95.0,101.0,96.0,61.0,34.0,68.0,54.0,44.0,42.0,55.0,11.0,2.0,21.0,7.0,1.0,16.0,21.0,0.0,0.0,9.0,3.0,7.0,12.0,16.0,1.0,0.0,16313.0,17024.0,17324.0,18139.0,17288.0,16886.0,17004.0,16859.0,17540.0,17410.0,17289.0,17045.0,16417.0,16017.0,15764.0,15800.0,16577.0,16088.0,16023.0,15233.0,13485.0,14627.0,15819.0,16257.0,15509.0,16125.0,16124.0,15743.0,16656.0,16630.0,16476.0,16488.0,16049.0,16025.0,15642.0,16242.0
8,11.0,3.739,2.798,3.583,3.656,3.9019999999999997,4.268,3.966,4.506,3.377,3.5189999999999997,3.623,3.7289999999999996,4.044,3.1630000000000003,1.112,1.2930000000000001,0.456,0.349,0.2,0.40299999999999997,0.043,0.035,0.027000000000000003,0.031,0.025,0.033,0.045,0.022000000000000002,0.023,0.031,0.025,0.023,0.032,0.035,0.023,0.024,102.0,76.0,98.0,100.0,106.0,116.0,108.0,123.0,92.0,96.0,99.0,101.0,110.0,86.0,30.0,35.0,12.0,9.0,5.0,11.0,1.0,0.0,0.0,0.0,0.0,0.0,1.0,0.0,0.0,0.0,0.0,0.0,0.0,0.0,0.0,0.0,4735.0,4344.0,5165.0,5349.0,4956.0,4874.0,4928.0,5380.0,5199.0,5090.0,4993.0,4887.0,4342.0,3675.0,3428.0,3253.0,3536.0,3235.0,3212.0,2822.0,2353.0,2358.0,2923.0,2988.0,2621.0,2882.0,2873.0,2613.0,2675.0,2972.0,3010.0,3017.0,2795.0,2698.0,2476.0,2851.0
9,12.0,5.847,8.127,8.147,8.133,8.485,9.065,7.541,5.558,7.855,8.086,8.236,8.323,8.39,6.142,4.27,6.247000000000001,5.416,4.543,4.64,5.033,2.1919999999999997,0.865,2.741,2.412,2.542,2.301,2.278,0.655,0.142,1.264,1.385,1.6909999999999998,1.919,1.4080000000000001,0.353,0.039,71.0,99.0,100.0,99.0,104.0,111.0,92.0,68.0,96.0,99.0,101.0,102.0,102.0,75.0,52.0,76.0,66.0,55.0,56.0,61.0,26.0,10.0,33.0,29.0,31.0,28.0,27.0,8.0,1.0,15.0,17.0,20.0,23.0,17.0,4.0,0.0,448216.0,471849.0,478867.0,491475.0,476604.0,473093.0,473994.0,470542.0,488402.0,484678.0,481888.0,477395.0,465646.0,450586.0,440176.0,443600.0,457676.0,443087.0,438077.0,404983.0,353145.0,391058.0,423791.0,431097.0,418708.0,426128.0,423223.0,415200.0,433201.0,429357.0,430965.0,428573.0,422439.0,416301.0,404369.0,413138.0
10,13.0,7.651,9.767999999999999,9.738999999999999,9.549,9.845,11.54,10.109,7.459,9.91,9.895,10.235,10.449000000000002,10.295,7.401,4.556,7.337999999999999,6.37,5.615,6.212000000000001,6.771,4.105,1.4269999999999998,3.438,3.165,3.9330000000000003,3.892,4.573,2.699,1.005,3.056,2.448,3.4189999999999996,4.055,3.572,0.8340000000000001,0.212,78.0,100.0,99.0,97.0,100.0,118.0,103.0,76.0,101.0,101.0,104.0,106.0,105.0,75.0,46.0,75.0,65.0,57.0,63.0,69.0,42.0,14.0,35.0,32.0,40.0,39.0,46.0,27.0,10.0,31.0,25.0,35.0,41.0,36.0,8.0,2.0,234185.0,249871.0,254964.0,262336.0,252180.0,247118.0,246809.0,241681.0,255226.0,253415.0,252274.0,249454.0,243546.0,235973.0,229316.0,233332.0,241114.0,234785.0,231545.0,216529.0,190822.0,211168.0,228711.0,235572.0,228497.0,232158.0,231531.0,227222.0,233682.0,235463.0,234579.0,233345.0,232891.0,228651.0,219617.0,225539.0
11,15.0,4.614,6.59,6.7620000000000005,6.778,7.105,7.5089999999999995,6.541,5.32,6.745,7.166,6.95,6.587000000000001,7.646,6.21,4.546,5.6,4.715,4.97,3.222,4.882,2.369,1.62,3.1010000000000004,1.994,1.645,1.054,1.5030000000000001,0.424,0.059000000000000004,1.1840000000000002,1.301,1.4669999999999999,1.436,1.9609999999999999,0.787,0.17800000000000002,68.0,97.0,99.0,100.0,104.0,110.0,96.0,78.0,99.0,105.0,102.0,97.0,112.0,91.0,67.0,82.0,69.0,73.0,47.0,72.0,34.0,23.0,45.0,29.0,24.0,15.0,22.0,6.0,0.0,17.0,19.0,21.0,21.0,28.0,11.0,2.0,19945.0,20876.0,21151.0,21408.0,20794.0,20711.0,20913.0,21075.0,21637.0,21525.0,21774.0,20195.0,20633.0,20255.0,19743.0,19870.0,20330.0,19810.0,17037.0,17390.0,15037.0,17330.0,17918.0,18123.0,17280.0,17364.0,17374.0,17154.0,18316.0,17653.0,18085.0,17479.0,17647.0,17646.0,17409.0,17331.0
12,16.0,2.5660000000000003,5.3389999999999995,5.396,5.454,5.891,6.319,4.552,2.806,5.331,5.587999999999999,5.7379999999999995,5.8,6.192,3.387,1.705,4.737,4.187,3.865,3.595,4.0169999999999995,1.936,0.84,2.7289999999999996,2.639,2.414,1.483,1.685,0.35200000000000004,0.044000000000000004,1.063,1.077,1.162,1.209,1.713,0.409,0.044000000000000004,47.0,97.0,98.0,100.0,108.0,115.0,83.0,51.0,97.0,102.0,105.0,106.0,113.0,62.0,31.0,86.0,76.0,70.0,65.0,73.0,35.0,15.0,50.0,48.0,44.0,27.0,30.0,6.0,0.0,19.0,19.0,21.0,22.0,31.0,7.0,0.0,25095.0,26229.0,26614.0,27250.0,26249.0,25661.0,26044.0,25952.0,26828.0,26484.0,26700.0,26030.0,25661.0,24893.0,24559.0,25037.0,25755.0,25313.0,24749.0,24006.0,21598.0,23625.0,24794.0,25901.0,25025.0,25598.0,25349.0,25247.0,26091.0,26288.0,26591.0,27116.0,26415.0,26111.0,25637.0,26298.0
13,17.0,5.142,7.0920000000000005,7.263,7.255,7.506,8.22,7.032,5.052,6.599,7.067,7.182,7.147,7.233,4.398,2.8680000000000003,4.977,3.582,2.678,2.574,3.722,0.762,0.038,0.42700000000000005,0.696,1.268,0.805,1.1440000000000001,0.1,0.046,0.736,0.7120000000000001,1.03,1.209,1.642,0.292,0.077,70.0,97.0,100.0,99.0,103.0,113.0,96.0,69.0,90.0,97.0,98.0,98.0,99.0,60.0,39.0,68.0,49.0,36.0,35.0,51.0,10.0,0.0,5.0,9.0,17.0,11.0,15.0,1.0,0.0,10.0,9.0,14.0,16.0,22.0,4.0,1.0,230203.0,241730.0,247251.0,253725.0,246790.0,242530.0,242209.0,242810.0,249928.0,247305.0,246489.0,244335.0,238507.0,230187.0,224914.0,226573.0,236559.0,227145.0,226680.0,206219.0,177646.0,198647.0,223431.0,229114.0,221719.0,226648.0,228766.0,228719.0,231442.0,232459.0,228947.0,228163.0,226523.0,224455.0,217988.0,225546.0
14,18.0,5.497000000000001,7.8839999999999995,8.322000000000001,8.167,8.579,9.539,7.864,5.651,7.625,7.817,8.002,8.015,8.453,4.84,3.41,6.232,5.303999999999999,4.346,4.388,5.0969999999999995,1.692,0.26,3.1439999999999997,2.6719999999999997,1.6019999999999999,1.686,1.939,0.298,0.068,1.463,1.422,1.604,2.224,2.8939999999999997,0.72,0.11699999999999999,66.0,94.0,100.0,98.0,103.0,114.0,94.0,67.0,91.0,93.0,96.0,96.0,101.0,58.0,40.0,74.0,63.0,52.0,52.0,61.0,20.0,3.0,37.0,32.0,19.0,20.0,23.0,3.0,0.0,17.0,17.0,19.0,26.0,34.0,8.0,1.0,125061.0,131429.0,133980.0,138517.0,133461.0,130719.0,129982.0,128443.0,135341.0,133970.0,133136.0,132459.0,128105.0,123010.0,120169.0,122388.0,127297.0,123965.0,123661.0,115803.0,100600.0,112398.0,121802.0,125629.0,121397.0,124313.0,124496.0,125777.0,128181.0,127367.0,127060.0,127125.0,125911.0,124219.0,121070.0,123577.0
15,19.0,4.687,6.77,6.941,6.825,7.24,8.717,7.162000000000001,4.7330000000000005,6.292000000000001,6.906000000000001,7.106,7.356,8.556000000000001,4.849,3.133,5.572,4.855,3.572,3.395,4.102,1.5730000000000002,0.405,2.6919999999999997,2.674,2.77,2.742,2.963,0.914,0.332,2.616,2.7039999999999997,2.722,2.5989999999999998,2.373,1.453,0.8009999999999999,67.0,97.0,100.0,98.0,104.0,125.0,103.0,68.0,90.0,99.0,102.0,105.0,123.0,69.0,45.0,80.0,69.0,51.0,48.0,59.0,22.0,5.0,38.0,38.0,39.0,39.0,42.0,13.0,4.0,37.0,38.0,39.0,37.0,34.0,20.0,11.0,57303.0,60148.0,60897.0,63430.0,61026.0,59869.0,59594.0,59208.0,61552.0,61377.0,60996.0,60526.0,58070.0,54848.0,53338.0,53532.0,55436.0,54893.0,55293.0,52144.0,46587.0,51897.0,56562.0,59051.0,57287.0,58668.0,58528.0,58891.0,59908.0,60137.0,60471.0,60630.0,59888.0,58623.0,57637.0,58573.0
16,20.0,5.146,7.042999999999999,7.3260000000000005,7.352,7.832999999999999,9.267999999999999,7.837000000000001,5.207999999999999,6.736000000000001,7.428999999999999,7.834,7.888999999999999,7.996,4.6819999999999995,2.841,5.275,4.6339999999999995,4.121,3.949,4.444,2.123,0.785,3.178,2.21,2.63,2.39,2.6639999999999997,1.265,0.871,1.663,2.11,2.219,2.026,1.76,0.929,0.386,69.0,95.0,99.0,100.0,106.0,126.0,106.0,70.0,91.0,101.0,106.0,107.0,108.0,63.0,38.0,71.0,63.0,56.0,53.0,60.0,28.0,10.0,43.0,30.0,35.0,32.0,36.0,17.0,11.0,22.0,28.0,30.0,27.0,23.0,12.0,5.0,61191.0,63865.0,65017.0,67126.0,64685.0,63552.0,63423.0,62778.0,64578.0,64117.0,64239.0,63881.0,61652.0,59072.0,57544.0,58587.0,60405.0,59587.0,60077.0,55529.0,49147.0,54812.0,60144.0,62030.0,60080.0,61375.0,61165.0,60480.0,62678.0,62741.0,62730.0,62637.0,61911.0,60492.0,59499.0,60639.0
17,21.0,6.478,8.122,8.331,8.618,9.062999999999999,9.822000000000001,8.522,6.603,8.289,8.323,8.586,8.183,8.852,5.245,3.792,6.473,5.693,5.007,4.946000000000001,5.702999999999999,2.469,1.148,3.832,2.822,3.698,3.79,3.888,2.314,1.218,2.819,2.2880000000000003,2.5789999999999997,3.1239999999999997,3.8930000000000002,2.34,1.067,75.0,94.0,96.0,100.0,105.0,113.0,98.0,76.0,96.0,96.0,99.0,94.0,102.0,60.0,44.0,75.0,66.0,58.0,57.0,66.0,28.0,13.0,44.0,32.0,42.0,43.0,45.0,26.0,14.0,32.0,26.0,29.0,36.0,45.0,27.0,12.0,87346.0,92083.0,94175.0,96433.0,92663.0,91250.0,91836.0,90799.0,93797.0,93129.0,92360.0,91789.0,89053.0,86017.0,83426.0,84782.0,88097.0,85812.0,84895.0,79793.0,66931.0,77541.0,83944.0,86535.0,83922.0,85831.0,85805.0,85498.0,87836.0,87219.0,86591.0,86649.0,85767.0,85028.0,82967.0,84571.0
18,22.0,6.9110000000000005,9.369,9.417,8.735,9.896,11.032,9.552999999999999,7.3420000000000005,9.045,9.374,9.504,9.772,10.027999999999999,7.58,5.611000000000001,7.885,6.648,6.03,6.086,6.4479999999999995,3.5469999999999997,2.008,4.205,2.8989999999999996,3.571,3.61,4.15,2.267,1.3359999999999999,2.855,3.074,3.449,3.435,4.111000000000001,1.982,1.2690000000000001,73.0,99.0,100.0,92.0,105.0,117.0,101.0,77.0,96.0,99.0,100.0,103.0,106.0,80.0,59.0,83.0,70.0,64.0,64.0,68.0,37.0,21.0,44.0,30.0,37.0,38.0,44.0,24.0,14.0,30.0,32.0,36.0,36.0,43.0,21.0,13.0,104796.0,111587.0,113407.0,116937.0,112128.0,109152.0,110174.0,109003.0,114185.0,113088.0,112998.0,110914.0,109246.0,106651.0,103884.0,103950.0,107165.0,103473.0,101724.0,94273.0,80021.0,91993.0,100157.0,101768.0,99177.0,100506.0,100424.0,98766.0,101486.0,102576.0,102281.0,101377.0,101754.0,101104.0,97435.0,99483.0
19,23.0,4.046,6.941,7.122000000000001,6.599,7.4670000000000005,8.242,5.772,4.165,6.62,6.72,7.2170000000000005,7.457999999999999,6.61,4.51,2.51,4.86,3.425,3.05,2.423,3.031,0.644,0.134,1.415,0.5539999999999999,1.508,1.544,1.7890000000000001,0.456,0.042,0.08900000000000001,1.01,1.2329999999999999,0.055999999999999994,0.124,0.094,0.047,56.0,97.0,99.0,92.0,104.0,115.0,81.0,58.0,92.0,94.0,101.0,104.0,92.0,63.0,35.0,68.0,48.0,42.0,34.0,42.0,9.0,1.0,19.0,7.0,21.0,21.0,25.0,6.0,0.0,1.0,14.0,17.0,0.0,1.0,1.0,0.0,16968.0,17581.0,18088.0,18915.0,17801.0,17476.0,17373.0,17301.0,18064.0,17931.0,17698.0,17635.0,17190.0,16688.0,16491.0,16530.0,17020.0,16756.0,16544.0,15527.0,14011.0,15471.0,16588.0,17142.0,16377.0,16688.0,17008.0,16695.0,17484.0,17415.0,17411.0,17366.0,16879.0,16842.0,16674.0,16960.0
20,24.0,4.548,7.757999999999999,7.724,7.912000000000001,8.306000000000001,8.344,6.327999999999999,4.552,7.555,7.66,7.901,7.763,7.381,4.2139999999999995,1.764,4.56,3.02,2.31,2.394,3.094,0.314,0.06,0.322,0.301,0.06,0.505,0.89,0.04,0.038,0.639,0.038,0.046,0.063,0.215,0.044000000000000004,0.036000000000000004,57.0,98.0,97.0,100.0,104.0,105.0,79.0,57.0,95.0,96.0,99.0,98.0,93.0,53.0,22.0,57.0,38.0,29.0,30.0,39.0,3.0,0.0,4.0,3.0,0.0,6.0,11.0,0.0,0.0,8.0,0.0,0.0,0.0,2.0,0.0,0.0,102932.0,109206.0,112564.0,116727.0,110796.0,109718.0,109398.0,109046.0,113996.0,112853.0,112177.0,110780.0,107832.0,102869.0,101704.0,103004.0,107588.0,104806.0,104573.0,97343.0,86562.0,94574.0,102415.0,105001.0,100820.0,104168.0,104442.0,101649.0,105189.0,106515.0,105085.0,104993.0,103749.0,102288.0,99116.0,103080.0
21,25.0,3.826,6.0329999999999995,6.059,5.959,6.465,6.834,5.291,3.8930000000000002,5.818,5.9479999999999995,5.938,5.792000000000001,5.237,3.412,1.761,3.155,1.595,1.716,0.991,2.27,0.376,0.068,0.225,0.08,0.055999999999999994,0.22399999999999998,0.527,0.067,0.028999999999999998,0.044000000000000004,0.076,0.063,0.054000000000000006,0.044000000000000004,0.064,0.039,63.0,99.0,100.0,98.0,106.0,112.0,87.0,64.0,96.0,98.0,98.0,95.0,86.0,56.0,29.0,52.0,26.0,28.0,16.0,37.0,6.0,1.0,3.0,1.0,0.0,3.0,8.0,1.0,0.0,0.0,1.0,1.0,0.0,0.0,1.0,0.0,85027.0,88486.0,91886.0,96543.0,91495.0,91024.0,89473.0,89106.0,92720.0,92000.0,90492.0,91049.0,86076.0,82437.0,80705.0,81633.0,85707.0,82971.0,82662.0,75686.0,66498.0,73503.0,80976.0,83328.0,79307.0,82647.0,82878.0,80422.0,82766.0,83792.0,84105.0,84826.0,81832.0,80929.0,79463.0,83528.0
22,26.0,4.5760000000000005,7.85,7.8660000000000005,7.987,8.31,8.943999999999999,7.024,4.822,7.54,7.6770000000000005,7.891,7.669,7.327999999999999,4.007,2.274,5.058,3.898,3.0460000000000003,3.04,3.342,0.474,0.071,1.771,0.049,0.16699999999999998,0.057,0.151,0.035,0.036000000000000004,0.045,0.05,0.057,0.268,0.449,0.043,0.043,57.0,98.0,98.0,100.0,104.0,111.0,87.0,60.0,94.0,96.0,98.0,96.0,91.0,50.0,28.0,63.0,48.0,38.0,38.0,41.0,5.0,0.0,22.0,0.0,2.0,0.0,1.0,0.0,0.0,0.0,0.0,0.0,3.0,5.0,0.0,0.0,164987.0,172823.0,176327.0,181793.0,175337.0,171642.0,171354.0,171506.0,179717.0,177187.0,176348.0,175604.0,169395.0,164082.0,162234.0,163757.0,170310.0,165937.0,165007.0,153309.0,135075.0,152198.0,162636.0,166408.0,161866.0,164988.0,165054.0,164153.0,172503.0,169039.0,168803.0,168777.0,167070.0,164212.0,161382.0,165831.0
23,27.0,4.356,7.206,7.267,7.388999999999999,7.813,8.732000000000001,6.44,4.2780000000000005,6.984,7.2170000000000005,7.476,7.265,7.396,4.088,2.2640000000000002,4.811,3.813,2.452,1.982,2.7960000000000003,0.135,0.05,1.4140000000000001,1.069,1.197,1.5659999999999998,1.819,0.034,0.032,0.344,0.524,0.469,0.46299999999999997,0.2,0.077,0.051,58.0,97.0,98.0,100.0,105.0,118.0,87.0,57.0,94.0,97.0,101.0,98.0,100.0,55.0,30.0,65.0,51.0,33.0,26.0,37.0,1.0,0.0,19.0,14.0,16.0,21.0,24.0,0.0,0.0,4.0,7.0,6.0,6.0,2.0,1.0,0.0,83845.0,86332.0,88305.0,91357.0,88021.0,85410.0,85842.0,86005.0,87851.0,86712.0,85826.0,86496.0,82796.0,80590.0,80576.0,81668.0,84686.0,82845.0,82150.0,77500.0,68931.0,76656.0,82638.0,85714.0,83064.0,85056.0,84301.0,84265.0,87690.0,87345.0,87618.0,88171.0,86719.0,83666.0,81927.0,84273.0
24,28.0,8.814,11.147,11.205,10.345999999999998,11.958,14.276,12.394,9.186,11.485,11.489,11.720999999999998,12.319,12.508,9.604,6.813,9.889,9.033,8.42,8.436,8.704,5.574,2.673,6.289,5.776,6.455,6.772,7.4879999999999995,4.751,3.258,5.547999999999999,5.537999999999999,6.361000000000001,6.5489999999999995,6.58,2.61,1.778,78.0,99.0,100.0,92.0,106.0,127.0,110.0,81.0,102.0,102.0,104.0,109.0,111.0,85.0,60.0,88.0,80.0,75.0,75.0,77.0,49.0,23.0,56.0,51.0,57.0,60.0,66.0,42.0,29.0,49.0,49.0,56.0,58.0,58.0,23.0,15.0,71930.0,76373.0,77765.0,80283.0,77008.0,74195.0,74394.0,70734.0,72439.0,71925.0,71545.0,70351.0,69696.0,69353.0,68394.0,69563.0,72348.0,70256.0,68962.0,65298.0,56599.0,63110.0,68547.0,70270.0,68522.0,69706.0,69807.0,68992.0,70696.0,70653.0,70667.0,70363.0,70996.0,69999.0,66410.0,68342.0
25,29.0,6.6339999999999995,8.978,9.374,9.255,9.761000000000001,11.002,9.226,6.6579999999999995,8.398,9.149,9.435,9.341000000000001,10.136000000000001,6.172999999999999,4.275,7.276,6.636,5.265,4.743,5.675,2.74,0.63,3.372,1.965,3.055,2.92,2.998,1.3459999999999999,1.0,2.3569999999999998,2.6180000000000003,2.847,2.8,2.8,0.987,0.42,70.0,95.0,100.0,98.0,104.0,117.0,98.0,71.0,89.0,97.0,100.0,99.0,108.0,65.0,45.0,77.0,70.0,56.0,50.0,60.0,29.0,6.0,35.0,20.0,32.0,31.0,31.0,14.0,10.0,25.0,27.0,30.0,29.0,29.0,10.0,4.0,130861.0,136519.0,138188.0,141826.0,137071.0,134666.0,135115.0,134940.0,139564.0,138238.0,137840.0,136979.0,132673.0,128876.0,126224.0,126907.0,130647.0,128068.0,127321.0,119059.0,105786.0,118270.0,127048.0,130259.0,127112.0,130270.0,131020.0,130075.0,133970.0,132470.0,132486.0,132071.0,130706.0,129058.0,125984.0,128835.0
26,30.0,2.616,4.1339999999999995,4.1160000000000005,4.16,4.524,5.021,3.859,2.431,3.9730000000000003,4.272,4.37,4.544,4.566,2.15,1.147,3.2680000000000002,2.9530000000000003,2.6860000000000004,2.544,2.935,1.053,0.488,2.092,1.587,1.8219999999999998,1.9369999999999998,2.227,0.07200000000000001,0.062,0.861,0.738,0.53,0.86,1.023,0.364,0.064,62.0,99.0,98.0,100.0,108.0,120.0,92.0,58.0,95.0,102.0,105.0,109.0,109.0,51.0,27.0,78.0,70.0,64.0,61.0,70.0,25.0,11.0,50.0,38.0,43.0,46.0,53.0,1.0,1.0,20.0,17.0,12.0,20.0,24.0,8.0,1.0,13289.0,13881.0,14045.0,14581.0,13841.0,13423.0,13731.0,13725.0,14263.0,14212.0,14360.0,13977.0,13745.0,13072.0,12834.0,13076.0,13424.0,13188.0,12865.0,12383.0,11265.0,12306.0,13123.0,13893.0,13399.0,13861.0,13639.0,13553.0,14193.0,14033.0,14314.0,14255.0,13814.0,13728.0,13496.0,13851.0
27,31.0,4.735,6.313,6.528,6.6770000000000005,7.037999999999999,8.113999999999999,6.87,4.696000000000001,5.904,6.367999999999999,6.707999999999999,6.653,6.6129999999999995,3.373,2.551,4.9510000000000005,4.442,3.843,3.366,3.825,2.056,0.93,3.0610000000000004,3.1180000000000003,3.378,3.068,3.3169999999999997,1.266,1.3519999999999999,2.674,2.9789999999999996,3.194,2.367,2.4219999999999997,1.661,0.93,70.0,94.0,97.0,100.0,105.0,121.0,102.0,70.0,88.0,95.0,100.0,99.0,99.0,50.0,38.0,74.0,66.0,57.0,50.0,57.0,30.0,13.0,45.0,46.0,50.0,45.0,49.0,18.0,20.0,40.0,44.0,47.0,35.0,36.0,24.0,13.0,38041.0,39679.0,40377.0,41659.0,40214.0,39227.0,39228.0,39245.0,40234.0,39866.0,39700.0,39709.0,38717.0,37292.0,36903.0,37549.0,38665.0,38309.0,38323.0,35264.0,31077.0,34876.0,37759.0,39067.0,38120.0,39049.0,38567.0,38510.0,40182.0,40097.0,39995.0,40307.0,39363.0,38457.0,37820.0,38594.0
28,32.0,4.3839999999999995,7.002999999999999,7.0489999999999995,7.03,7.374,7.582000000000001,5.9879999999999995,4.953,6.747000000000001,6.876,6.827000000000001,6.972,7.06,4.763999999999999,3.435,5.683,4.353,3.096,1.829,2.752,0.363,0.163,0.8759999999999999,0.85,0.843,0.742,1.389,0.257,0.040999999999999995,0.529,0.687,0.79,0.6859999999999999,1.138,0.165,0.035,62.0,99.0,100.0,99.0,104.0,107.0,84.0,70.0,95.0,97.0,96.0,98.0,100.0,67.0,48.0,80.0,61.0,43.0,25.0,39.0,5.0,2.0,12.0,12.0,11.0,10.0,19.0,3.0,0.0,7.0,9.0,11.0,9.0,16.0,2.0,0.0,57432.0,56257.0,57046.0,57830.0,56371.0,56455.0,58620.0,58905.0,57423.0,54894.0,57251.0,55979.0,55530.0,54679.0,53357.0,49248.0,52457.0,51009.0,47984.0,45056.0,40964.0,46331.0,49152.0,50915.0,49322.0,50472.0,47423.0,49569.0,51010.0,51546.0,51742.0,51047.0,50958.0,50385.0,49639.0,51328.0
29,33.0,5.19,8.597999999999999,8.833,8.472000000000001,9.258,10.011000000000001,7.249,5.609,8.583,8.554,8.837,8.753,8.31,5.559,3.51,5.736000000000001,4.1930000000000005,3.597,2.847,4.0,1.454,0.409,1.232,0.748,1.5519999999999998,1.99,2.822,0.317,0.034,0.215,0.965,0.855,0.44,0.684,0.588,0.06,58.0,97.0,100.0,95.0,104.0,113.0,82.0,63.0,97.0,96.0,100.0,99.0,94.0,62.0,39.0,64.0,47.0,40.0,32.0,45.0,16.0,4.0,13.0,8.0,17.0,22.0,31.0,3.0,0.0,2.0,10.0,9.0,4.0,7.0,6.0,0.0,18708.0,19446.0,19830.0,20787.0,19789.0,19408.0,19710.0,19802.0,19992.0,19784.0,19518.0,19755.0,19189.0,18571.0,18467.0,18636.0,19085.0,18624.0,18370.0,17175.0,15212.0,17075.0,18484.0,18934.0,18353.0,18888.0,18893.0,18607.0,19475.0,19370.0,19477.0,19544.0,18865.0,18754.0,18749.0,19215.0
30,34.0,4.296,7.153,7.0120000000000005,7.152,7.442,7.364,5.912000000000001,4.242,6.718,6.659,6.787999999999999,6.471,5.892,3.775,1.962,3.576,2.004,1.6159999999999999,1.349,2.26,0.36,0.037000000000000005,0.037000000000000005,0.146,0.045,0.237,0.396,0.032,0.03,0.045,0.045,0.06,0.063,0.055999999999999994,0.052000000000000005,0.038,60.0,100.0,98.0,99.0,104.0,102.0,82.0,59.0,93.0,93.0,94.0,90.0,82.0,52.0,27.0,49.0,28.0,22.0,18.0,31.0,5.0,0.0,0.0,2.0,0.0,3.0,5.0,0.0,0.0,0.0,0.0,0.0,0.0,0.0,0.0,0.0,159560.0,166620.0,171741.0,177096.0,168758.0,167506.0,166681.0,167686.0,174319.0,171694.0,170846.0,170244.0,164460.0,158331.0,156098.0,156717.0,163082.0,158089.0,156535.0,140760.0,121298.0,135765.0,151400.0,157226.0,150862.0,156088.0,157102.0,151488.0,155453.0,159379.0,157920.0,158690.0,155046.0,152505.0,148973.0,155826.0
31,35.0,3.668,5.899,5.899,5.943,6.51,6.96,5.577999999999999,3.5180000000000002,5.98,6.202999999999999,6.352,6.3839999999999995,6.162000000000001,4.263,2.728,4.579,3.799,3.5180000000000002,3.068,3.594,1.273,0.774,2.404,1.334,1.284,1.0490000000000002,1.25,0.332,0.10099999999999999,0.836,1.2329999999999999,1.19,1.2930000000000001,1.7069999999999999,0.55,0.099,61.0,99.0,99.0,100.0,109.0,117.0,93.0,59.0,100.0,104.0,106.0,107.0,103.0,71.0,45.0,77.0,63.0,59.0,51.0,60.0,21.0,13.0,40.0,22.0,21.0,17.0,21.0,5.0,1.0,14.0,20.0,20.0,21.0,28.0,9.0,1.0,29042.0,30229.0,30858.0,31679.0,30174.0,29559.0,30090.0,30869.0,31849.0,31683.0,32454.0,31408.0,31017.0,29639.0,29513.0,29553.0,30439.0,29959.0,28996.0,27670.0,25164.0,27499.0,28706.0,29570.0,28640.0,29452.0,29186.0,28911.0,30427.0,29699.0,29775.0,29874.0,29300.0,28952.0,28213.0,29045.0
32,36.0,2.673,5.176,5.085,5.144,5.479,5.52,3.988,2.541,4.905,4.849,4.918,4.751,4.475,2.4730000000000003,1.1159999999999999,2.633,1.482,1.225,0.835,1.159,0.055999999999999994,0.035,0.031,0.045,0.039,0.049,0.059000000000000004,0.027999999999999997,0.025,0.033,0.035,0.039,0.039,0.035,0.036000000000000004,0.028999999999999998,51.0,100.0,98.0,99.0,105.0,106.0,77.0,49.0,94.0,93.0,95.0,91.0,86.0,47.0,21.0,50.0,28.0,23.0,16.0,22.0,1.0,0.0,0.0,0.0,0.0,0.0,1.0,0.0,0.0,0.0,0.0,0.0,0.0,0.0,0.0,0.0,261993.0,274423.0,283364.0,294023.0,277703.0,276221.0,274997.0,279308.0,288253.0,283574.0,281885.0,280496.0,270613.0,257039.0,254719.0,256554.0,269178.0,260575.0,259091.0,235704.0,209402.0,229538.0,248617.0,256436.0,246499.0,256513.0,258631.0,248072.0,256900.0,261067.0,258983.0,259262.0,253867.0,246673.0,240592.0,255897.0
33,37.0,7.162000000000001,9.776,9.38,9.629,9.749,11.052,9.091000000000001,7.0329999999999995,9.618,9.732000000000001,9.934,9.937999999999999,9.995,7.202000000000001,4.462,7.707000000000001,6.6370000000000005,5.9,6.228,6.928999999999999,3.6239999999999997,1.45,3.944,4.117,4.581,3.927,4.481,2.3169999999999997,1.0390000000000001,3.0860000000000003,1.944,2.289,2.975,3.775,1.949,0.5579999999999999,73.0,100.0,96.0,98.0,100.0,113.0,93.0,72.0,98.0,99.0,101.0,101.0,102.0,73.0,45.0,79.0,68.0,60.0,63.0,71.0,37.0,14.0,40.0,42.0,46.0,40.0,45.0,23.0,10.0,31.0,19.0,23.0,30.0,38.0,19.0,5.0,204000.0,216349.0,220981.0,228175.0,218005.0,214501.0,213504.0,209759.0,219709.0,218768.0,216092.0,215320.0,211163.0,203237.0,199675.0,203191.0,210164.0,205590.0,204422.0,193013.0,170194.0,185482.0,201386.0,206307.0,200295.0,203359.0,202861.0,198434.0,208703.0,206641.0,205733.0,205521.0,203979.0,202538.0,195615.0,200534.0
34,38.0,2.608,4.128,4.146,4.277,4.376,4.974,3.9189999999999996,2.6839999999999997,4.117,4.268,4.428999999999999,4.556,4.853,3.2560000000000002,1.683,3.6319999999999997,3.468,2.986,2.67,2.986,0.532,0.271,2.436,2.3280000000000003,2.278,2.318,2.6039999999999996,0.86,0.304,1.811,1.859,1.334,0.684,1.298,0.165,0.05,60.0,96.0,96.0,100.0,102.0,116.0,91.0,62.0,96.0,99.0,103.0,106.0,113.0,76.0,39.0,84.0,81.0,69.0,62.0,69.0,12.0,6.0,56.0,54.0,53.0,54.0,60.0,20.0,7.0,42.0,43.0,31.0,15.0,30.0,3.0,1.0,11242.0,11909.0,12211.0,12660.0,12192.0,11782.0,11665.0,11561.0,12239.0,12247.0,12057.0,12236.0,11540.0,11038.0,10667.0,10999.0,11453.0,11353.0,11052.0,10468.0,8928.0,10134.0,11260.0,11833.0,11354.0,11642.0,11542.0,11483.0,11982.0,12171.0,12277.0,12228.0,11801.0,11504.0,11361.0,11575.0
35,39.0,5.02,7.605,7.797999999999999,7.944,8.359,9.036,7.455,5.291,7.606,7.731,7.818,7.817,7.747999999999999,4.398,2.8,5.546,4.351,3.4339999999999997,3.513,3.9960000000000004,0.96,0.609,2.314,0.402,1.4569999999999999,1.5959999999999999,1.4140000000000001,0.129,0.135,0.73,0.883,1.03,1.733,2.316,1.136,0.055,63.0,95.0,98.0,100.0,105.0,113.0,93.0,66.0,95.0,97.0,98.0,98.0,97.0,55.0,35.0,69.0,54.0,43.0,44.0,50.0,12.0,7.0,29.0,5.0,18.0,20.0,17.0,1.0,1.0,9.0,11.0,12.0,21.0,29.0,14.0,0.0,211087.0,222186.0,228081.0,234502.0,224845.0,220704.0,219133.0,217308.0,227478.0,225326.0,223700.0,222827.0,215845.0,207756.0,204654.0,207849.0,215506.0,210830.0,210079.0,195856.0,168799.0,193610.0,207270.0,212006.0,206740.0,211276.0,210783.0,213381.0,221932.0,215994.0,216157.0,215992.0,212920.0,210448.0,206147.0,210201.0
36,40.0,7.175,9.425,9.581,9.273,10.222999999999999,11.686,10.058,6.575,8.934,9.516,9.535,10.193,10.423,7.082999999999999,5.05,7.9510000000000005,6.712000000000001,5.994,5.557,6.394,3.508,1.574,4.656000000000001,4.802,5.159,4.609,4.671,2.7760000000000002,1.755,2.8810000000000002,3.8160000000000003,4.013,3.9219999999999997,3.455,1.6159999999999999,0.9590000000000001,74.0,98.0,100.0,96.0,106.0,121.0,104.0,68.0,93.0,99.0,99.0,106.0,108.0,73.0,52.0,82.0,70.0,62.0,58.0,66.0,36.0,16.0,48.0,50.0,53.0,48.0,48.0,28.0,18.0,30.0,39.0,41.0,40.0,36.0,16.0,10.0,93503.0,98812.0,99965.0,102040.0,99489.0,97696.0,97895.0,97212.0,101503.0,101016.0,100660.0,99432.0,96550.0,92777.0,89038.0,89589.0,91639.0,91634.0,90501.0,84371.0,73797.0,84247.0,91642.0,94098.0,91635.0,93371.0,93242.0,92351.0,95167.0,94825.0,94555.0,94483.0,94099.0,92076.0,89803.0,91687.0
37,41.0,2.947,4.878,5.05,5.159,5.532,5.632000000000001,4.053,3.005,4.938,5.27,5.224,5.195,5.013,2.077,1.489,3.529,2.9219999999999997,2.699,2.438,2.9810000000000003,0.768,0.344,1.087,0.336,0.6729999999999999,0.526,0.563,0.043,0.035,0.128,0.513,0.512,0.66,0.983,0.062,0.043,57.0,94.0,97.0,100.0,107.0,109.0,78.0,58.0,95.0,102.0,101.0,100.0,97.0,40.0,28.0,68.0,56.0,52.0,47.0,57.0,14.0,6.0,21.0,6.0,13.0,10.0,10.0,0.0,0.0,2.0,9.0,9.0,12.0,19.0,1.0,0.0,58973.0,61160.0,62437.0,63952.0,61461.0,60498.0,61082.0,61395.0,62705.0,61768.0,62475.0,60847.0,59875.0,57982.0,57070.0,57194.0,59562.0,57848.0,55659.0,54187.0,48580.0,53892.0,56657.0,58739.0,56547.0,58196.0,57480.0,57695.0,59425.0,59652.0,60206.0,59434.0,58771.0,57913.0,56765.0,58887.0
38,42.0,3.9560000000000004,6.267,6.153,6.312,6.705,7.181,5.676,4.114,6.2,6.245,6.462000000000001,6.404,6.127000000000001,3.6910000000000003,1.994,3.9939999999999998,2.445,2.008,1.9780000000000002,2.364,0.136,0.063,0.061,0.226,0.09,0.519,0.784,0.034,0.038,0.078,0.071,0.14300000000000002,0.24600000000000002,0.414,0.062,0.044000000000000004,62.0,99.0,97.0,99.0,106.0,113.0,89.0,65.0,98.0,98.0,102.0,101.0,97.0,58.0,31.0,63.0,38.0,31.0,31.0,37.0,2.0,0.0,0.0,3.0,1.0,8.0,12.0,0.0,0.0,1.0,1.0,2.0,3.0,6.0,0.0,0.0,193778.0,202216.0,208036.0,215711.0,205016.0,201564.0,199874.0,199687.0,208611.0,206274.0,204090.0,202831.0,196719.0,189144.0,186970.0,189312.0,197459.0,192672.0,191888.0,177001.0,153331.0,172507.0,186931.0,193262.0,186090.0,192157.0,192892.0,190038.0,198304.0,198013.0,196682.0,197172.0,192205.0,190655.0,185311.0,191832.0
39,44.0,4.217,6.068,5.912000000000001,6.101,6.438,6.992000000000001,5.343999999999999,3.88,5.864,5.912000000000001,5.915,6.077999999999999,5.7010000000000005,3.6069999999999998,2.061,3.592,2.18,2.323,1.714,2.852,0.804,0.16,0.45799999999999996,0.7340000000000001,0.521,0.97,1.4869999999999999,0.314,0.033,0.068,0.361,0.222,0.34600000000000003,0.166,0.22699999999999998,0.045,69.0,99.0,96.0,100.0,105.0,114.0,87.0,63.0,96.0,96.0,96.0,99.0,93.0,59.0,33.0,58.0,35.0,38.0,28.0,46.0,13.0,2.0,7.0,12.0,8.0,15.0,24.0,5.0,0.0,1.0,5.0,3.0,5.0,2.0,3.0,0.0,14458.0,14770.0,15270.0,15881.0,15135.0,14750.0,14733.0,14654.0,15189.0,14907.0,14895.0,14825.0,14145.0,13717.0,13519.0,13640.0,14139.0,13853.0,13795.0,12727.0,11336.0,12366.0,13518.0,13878.0,13253.0,13726.0,13898.0,13467.0,13941.0,14040.0,14014.0,14330.0,13957.0,13664.0,13823.0,14060.0
40,45.0,7.401,9.876,9.487,9.559,9.531,11.404000000000002,9.738,7.388,9.698,9.974,10.117,10.464,10.886,8.427,6.017,8.384,7.487,6.545,7.044,7.66,4.694,1.915,4.695,4.229,5.19,5.072,5.747999999999999,3.8110000000000004,1.993,4.386,3.964,4.288,4.4030000000000005,5.047,3.073,1.253,77.0,103.0,99.0,100.0,99.0,119.0,101.0,77.0,101.0,104.0,105.0,109.0,113.0,88.0,62.0,87.0,78.0,68.0,73.0,80.0,49.0,20.0,49.0,44.0,54.0,53.0,60.0,39.0,20.0,45.0,41.0,44.0,46.0,52.0,32.0,13.0,113437.0,119813.0,121973.0,125629.0,120937.0,118801.0,119246.0,117182.0,122252.0,120980.0,120739.0,119468.0,117416.0,113411.0,111742.0,112414.0,116372.0,113403.0,112442.0,106525.0,94784.0,102066.0,110004.0,112587.0,110282.0,111738.0,111383.0,109567.0,113939.0,112846.0,112916.0,112348.0,111854.0,111349.0,107248.0,109559.0
41,46.0,3.622,5.104,5.187,4.888999999999999,5.06,6.579,5.716,3.7769999999999997,5.056,5.236000000000001,5.3420000000000005,5.255,5.428,2.441,1.8719999999999999,3.943,3.925,3.67,2.952,3.56,1.915,0.943,3.057,2.938,2.4730000000000003,2.512,2.948,0.696,0.8029999999999999,2.414,2.502,2.4619999999999997,1.125,2.1,1.0190000000000001,0.46299999999999997,70.0,100.0,101.0,95.0,99.0,128.0,111.0,74.0,99.0,102.0,104.0,102.0,106.0,47.0,36.0,77.0,76.0,71.0,57.0,69.0,37.0,18.0,59.0,57.0,48.0,49.0,57.0,13.0,15.0,47.0,49.0,48.0,22.0,41.0,19.0,9.0,13088.0,13689.0,14039.0,14642.0,14006.0,13706.0,13780.0,13497.0,13981.0,13819.0,13732.0,13787.0,13450.0,12864.0,12746.0,13019.0,13495.0,13334.0,13245.0,12480.0,10975.0,12283.0,13252.0,13900.0,13281.0,13694.0,13638.0,13651.0,14359.0,14152.0,14222.0,14429.0,13786.0,13523.0,13334.0,13669.0
42,47.0,7.93,9.882,9.427999999999999,10.232999999999999,10.769,11.743,10.103,8.184,10.077,9.923,10.231,10.225,10.702,7.632000000000001,5.539,8.322000000000001,7.281000000000001,6.672000000000001,7.108,6.925,4.135,2.137,4.4,3.346,4.558,5.003,5.4670000000000005,3.465,2.1430000000000002,3.9730000000000003,2.967,3.8310000000000004,4.223,4.227,2.3930000000000002,1.113,77.0,96.0,92.0,100.0,105.0,114.0,98.0,79.0,98.0,96.0,99.0,99.0,104.0,74.0,54.0,81.0,71.0,65.0,69.0,67.0,40.0,20.0,42.0,32.0,44.0,48.0,53.0,33.0,20.0,38.0,28.0,37.0,41.0,41.0,23.0,10.0,149775.0,155287.0,158096.0,160141.0,155569.0,153310.0,155290.0,153627.0,157065.0,156081.0,155892.0,154529.0,150809.0,146106.0,141527.0,141440.0,145504.0,142290.0,140702.0,131779.0,114885.0,131420.0,141585.0,144894.0,140521.0,143831.0,143617.0,143493.0,149052.0,146371.0,145668.0,145456.0,144614.0,142823.0,138728.0,141550.0
43,48.0,6.619,9.071,9.062000000000001,8.571,9.828,10.972000000000001,9.312000000000001,6.61,8.791,9.338,9.484,9.59,9.095,6.313,4.209,6.809,5.888999999999999,5.1579999999999995,5.065,5.386,2.46,1.133,3.697,3.425,2.6039999999999996,2.519,2.9189999999999996,1.195,0.526,1.589,2.286,2.398,2.213,2.449,0.45799999999999996,0.16,72.0,100.0,99.0,94.0,108.0,120.0,102.0,72.0,96.0,102.0,104.0,105.0,100.0,69.0,46.0,75.0,64.0,56.0,55.0,59.0,27.0,12.0,40.0,37.0,28.0,27.0,32.0,13.0,5.0,17.0,25.0,26.0,24.0,26.0,5.0,1.0,633045.0,666618.0,677068.0,693767.0,665192.0,656467.0,649898.0,636251.0,653822.0,648120.0,647044.0,639062.0,628561.0,616714.0,604079.0,617656.0,637696.0,625339.0,612748.0,566954.0,490871.0,560189.0,612352.0,624525.0,602010.0,614886.0,611293.0,603336.0,619493.0,625524.0,622766.0,618890.0,615063.0,606749.0,585905.0,597909.0
44,49.0,1.686,6.882000000000001,7.03,7.068,7.444,8.079,6.102,2.415,6.736000000000001,6.89,7.132000000000001,7.276,6.926,4.31,1.585,5.542999999999999,4.731,2.498,3.0469999999999997,3.346,1.501,0.083,2.545,2.3080000000000003,2.114,2.0340000000000003,2.3169999999999997,0.426,0.037000000000000005,1.369,1.6880000000000002,1.4769999999999999,1.44,2.005,0.595,0.036000000000000004,23.0,97.0,99.0,100.0,105.0,114.0,86.0,34.0,95.0,97.0,100.0,102.0,97.0,60.0,22.0,78.0,66.0,35.0,43.0,47.0,21.0,1.0,36.0,32.0,29.0,28.0,32.0,6.0,0.0,19.0,23.0,20.0,20.0,28.0,8.0,0.0,47459.0,49710.0,50828.0,52248.0,50456.0,49374.0,49988.0,49802.0,51867.0,51350.0,50980.0,50649.0,49122.0,47931.0,46685.0,47658.0,48855.0,52269.0,52411.0,49618.0,46137.0,49908.0,54762.0,56807.0,54337.0,56617.0,55136.0,53926.0,53438.0,54677.0,55508.0,56411.0,54494.0,53452.0,51700.0,52219.0
45,50.0,4.861000000000001,5.852,5.316,5.903,6.108,7.406000000000001,5.046,5.129,6.18,6.143,6.572,6.404,6.364,3.489,2.699,4.685,3.05,2.131,1.905,2.475,0.195,0.08199999999999999,0.489,0.201,0.862,0.11699999999999999,0.336,0.059000000000000004,0.031,0.05,0.172,0.20199999999999999,0.062,0.133,0.098,0.040999999999999995,82.0,99.0,90.0,100.0,103.0,125.0,85.0,86.0,104.0,104.0,111.0,108.0,107.0,59.0,45.0,79.0,51.0,36.0,32.0,41.0,3.0,1.0,8.0,3.0,14.0,1.0,5.0,0.0,0.0,0.0,2.0,3.0,1.0,2.0,1.0,0.0,6739.0,6348.0,6554.0,6919.0,6601.0,6620.0,7133.0,7173.0,6765.0,6607.0,6472.0,6540.0,6402.0,6435.0,6473.0,6107.0,6293.0,6061.0,6037.0,5580.0,4961.0,5516.0,5925.0,6032.0,5878.0,6037.0,6196.0,6091.0,6309.0,6311.0,6278.0,6376.0,6165.0,6202.0,6076.0,6127.0
46,51.0,5.242999999999999,8.025,7.92,8.005,8.475,9.011000000000001,6.935,5.242000000000001,7.834,8.042,8.249,8.18,7.782,4.859,2.517,5.38,4.371,3.5069999999999997,3.8169999999999997,4.479,1.3019999999999998,0.48700000000000004,1.607,2.049,1.141,2.013,2.435,0.718,0.335,1.483,0.54,0.6559999999999999,1.266,1.81,0.47200000000000003,0.092,65.0,100.0,98.0,99.0,105.0,112.0,86.0,65.0,97.0,100.0,102.0,101.0,96.0,60.0,31.0,67.0,54.0,43.0,47.0,55.0,16.0,6.0,20.0,25.0,14.0,25.0,30.0,8.0,4.0,18.0,6.0,8.0,15.0,22.0,5.0,1.0,146018.0,152900.0,156512.0,162311.0,155120.0,152652.0,151956.0,150147.0,156682.0,155392.0,154046.0,153192.0,149274.0,143767.0,141160.0,143425.0,149767.0,145516.0,145599.0,135784.0,118262.0,131602.0,142787.0,146868.0,141269.0,145610.0,145671.0,142229.0,147770.0,147772.0,146917.0,147186.0,145079.0,143590.0,138818.0,143427.0
47,53.0,3.423,6.026,6.075,6.1579999999999995,6.229,6.29,4.401,2.908,5.2860000000000005,5.502000000000001,5.4879999999999995,5.414,5.269,2.502,1.536,3.827,2.793,2.7310000000000003,2.1919999999999997,3.0610000000000004,0.359,0.067,1.051,0.37799999999999995,0.322,0.055,0.069,0.036000000000000004,0.032,0.045,0.063,0.09699999999999999,0.113,0.306,0.054000000000000006,0.036000000000000004,55.0,97.0,98.0,100.0,101.0,102.0,71.0,47.0,85.0,89.0,89.0,87.0,85.0,40.0,24.0,62.0,45.0,44.0,35.0,49.0,5.0,1.0,17.0,6.0,5.0,0.0,1.0,0.0,0.0,0.0,1.0,1.0,1.0,4.0,0.0,0.0,108891.0,113705.0,116129.0,118971.0,113720.0,111360.0,111670.0,112753.0,115763.0,114448.0,115830.0,111698.0,110257.0,106257.0,104991.0,106551.0,110569.0,107199.0,102575.0,100108.0,89758.0,99432.0,105725.0,108947.0,104625.0,107316.0,107024.0,105807.0,109025.0,110376.0,110485.0,109126.0,107614.0,106171.0,104224.0,109055.0
48,54.0,5.619,7.584,7.614,7.723,8.024,8.453,7.001,5.606,7.577999999999999,7.374,7.763999999999999,7.935,8.42,5.348,3.573,6.2170000000000005,5.494,4.957,4.934,5.0760000000000005,1.746,0.57,2.5269999999999997,2.0340000000000003,1.25,2.408,2.116,1.338,0.47700000000000004,1.859,1.33,1.368,2.035,2.761,1.54,0.268,72.0,98.0,98.0,100.0,103.0,109.0,90.0,72.0,98.0,95.0,100.0,102.0,109.0,69.0,46.0,80.0,71.0,64.0,63.0,65.0,22.0,7.0,32.0,26.0,16.0,31.0,27.0,17.0,6.0,24.0,17.0,17.0,26.0,35.0,19.0,3.0,30111.0,31716.0,32519.0,33585.0,32293.0,31867.0,31217.0,30844.0,32055.0,31989.0,31625.0,31354.0,30636.0,29548.0,28835.0,29187.0,30520.0,29599.0,29442.0,27640.0,23298.0,26497.0,28760.0,29896.0,28586.0,29279.0,29667.0,29652.0,30634.0,30177.0,30167.0,30334.0,29966.0,29881.0,29046.0,29522.0
49,55.0,4.138,6.457000000000001,6.627000000000001,6.638,6.914,7.986000000000001,5.985,4.162,6.03,6.568,6.601,6.746,7.343,4.085,2.322,5.088,4.2219999999999995,2.892,2.5540000000000003,3.123,0.33899999999999997,0.052000000000000005,1.974,1.165,0.713,0.593,1.2309999999999999,0.043,0.035,0.574,0.604,0.872,1.2770000000000001,1.474,0.198,0.062,62.0,97.0,99.0,100.0,104.0,120.0,90.0,62.0,90.0,98.0,99.0,101.0,110.0,61.0,34.0,76.0,63.0,43.0,38.0,47.0,5.0,0.0,29.0,17.0,10.0,8.0,18.0,0.0,0.0,8.0,9.0,13.0,19.0,22.0,2.0,0.0,82668.0,84835.0,86460.0,90443.0,86410.0,84618.0,84560.0,84306.0,87538.0,86663.0,85810.0,85548.0,82357.0,78987.0,78237.0,78896.0,82557.0,80564.0,80345.0,75771.0,67472.0,74309.0,80087.0,83583.0,80439.0,82436.0,82785.0,83328.0,86412.0,85788.0,85506.0,85933.0,84311.0,83540.0,81628.0,83872.0
50,56.0,2.16,3.535,3.6439999999999997,4.02,4.231,4.9030000000000005,3.998,2.696,4.09,4.169,4.3,4.422,4.56,2.8339999999999996,2.261,3.64,3.4339999999999997,3.3810000000000002,2.263,2.616,1.916,0.972,2.6189999999999998,2.513,2.4619999999999997,2.381,2.381,1.09,0.81,2.182,2.19,2.187,1.3159999999999998,1.9969999999999999,1.186,0.65,53.0,87.0,90.0,100.0,105.0,121.0,99.0,67.0,101.0,103.0,106.0,110.0,113.0,70.0,56.0,90.0,85.0,84.0,56.0,65.0,47.0,24.0,65.0,62.0,61.0,59.0,59.0,27.0,20.0,54.0,54.0,54.0,32.0,49.0,29.0,16.0,8488.0,8940.0,9059.0,9425.0,8973.0,8865.0,8685.0,8645.0,8985.0,9073.0,9237.0,9053.0,8734.0,8377.0,8159.0,8259.0,8510.0,8428.0,8146.0,7633.0,7305.0,7980.0,8333.0,8747.0,8573.0,8891.0,8691.0,8765.0,9185.0,8966.0,9150.0,9186.0,8838.0,8624.0,8714.0,8981.0
