FIPS,Cluster
1001,2
1003,3
1005,6
1007,2
1009,2
1011,6
1013,5
1015,3
1017,5
1019,5
1021,2
1023,4
1025,6
1027,4
1029,1
1031,2
1033,2
1035,5
1037,4
1039,5
1041,4
1043,2
1045,3
1047,3
1049,6
1051,2
1053,5
1055,2
1057,5
1059,6
1061,2
1063,1
1065,2
1067,2
1069,2
1071,6
1073,2
1075,4
1077,2
1079,3
1081,3
1083,3
1085,3
1087,6
1089,3
1091,5
1093,6
1095,3
1097,2
1099,6
1101,3
1103,3
1105,1
1107,2
1109,6
1111,5
1113,3
1115,2
1117,2
1119,4
1121,3
1123,5
1125,3
1127,2
1129,4
1131,4
1133,6
2013,6
2016,3
2020,3
2050,3
2060,4
2068,6
2070,4
2090,2
2100,3
2105,3
2110,2
2122,2
2130,3
2150,3
2164,3
2170,6
2180,6
2185,5
2188,2
2195,5
2198,5
2220,4
2230,6
2240,5
2261,6
2270,5
2275,6
2282,2
2290,6
4001,5
4003,0
4005,3
4007,2
4009,5
4011,5
4012,5
4013,6
4015,2
4017,5
4019,1
4021,3
4023,2
4025,3
4027,5
5001,5
5003,6
5005,6
5007,4
5009,6
5011,3
5013,6
5015,1
5017,5
5019,5
5021,3
5023,3
5025,5
5027,2
5029,3
5031,4
5033,2
5035,3
5037,5
5039,4
5041,6
5043,1
5045,6
5047,2
5049,5
5051,1
5053,2
5055,5
5057,5
5059,1
5061,3
5063,5
5065,6
5067,2
5069,6
5071,1
5073,3
5075,6
5077,5
5079,1
5081,6
5083,1
5085,2
5087,2
5089,1
5091,6
5093,2
5095,4
5097,6
5099,2
5101,6
5103,5
5105,2
5107,4
5109,3
5111,2
5113,5
5115,5
5117,3
5119,4
5121,2
5123,3
5125,2
5127,6
5129,2
5131,2
5133,3
5135,4
5137,3
5139,0
5141,6
5143,4
5145,3
5147,3
5149,3
6001,0
6003,3
6005,4
6007,3
6009,3
6011,2
6013,2
6015,2
6017,2
6019,2
6021,3
6023,2
6025,0
6027,3
6029,0
6031,2
6033,4
6035,5
6037,2
6039,3
6041,0
6043,2
6045,2
6047,4
6049,2
6051,3
6053,2
6055,0
6057,3
6059,0
6061,4
6063,0
6065,4
6067,1
6069,0
6071,0
6073,0
6075,4
6077,1
6079,2
6081,1
6083,1
6085,4
6087,4
6089,6
6091,2
6093,1
6095,2
6097,6
6099,2
6101,0
6103,3
6105,0
6107,3
6109,4
6111,6
6113,4
6115,4
8001,1
8003,2
8005,1
8007,5
8009,6
8011,3
8013,3
8014,5
8015,4
8017,0
8019,2
8021,4
8023,6
8025,5
8027,2
8029,6
8031,5
8033,4
8035,3
8037,1
8039,4
8041,5
8043,2
8045,1
8047,5
8049,4
8051,1
8053,4
8055,4
8057,1
8059,6
8061,3
8063,1
8065,2
8067,5
8069,2
8071,2
8073,2
8075,2
8077,2
8079,2
8081,3
8083,0
8085,3
8087,2
8089,3
8091,3
8093,3
8095,3
8097,3
8099,5
8101,2
8103,2
8105,6
8107,3
8109,2
8111,2
8113,3
8115,0
8117,5
8119,6
8121,0
8123,2
8125,2
9001,6
9003,3
9005,0
9007,5
9009,0
9011,6
9013,5
9015,2
10001,2
10003,2
10005,0
11001,6
12001,3
12003,6
12005,3
12007,4
12009,2
12011,3
12013,3
12015,5
12017,4
12019,5
12021,3
12023,2
12027,3
12029,2
12031,3
12033,3
12035,2
12037,2
12039,3
12041,3
12043,3
12045,2
12047,2
12049,2
12051,2
12053,3
12055,2
12057,2
12059,3
12061,2
12063,3
12065,5
12067,6
12069,5
12071,2
12073,0
12075,3
12077,6
12079,5
12081,4
12083,5
12085,0
12086,3
12087,1
12089,0
12091,3
12093,6
12095,5
12097,2
12099,6
12101,2
12103,2
12105,2
12107,3
12109,2
12111,2
12113,1
12115,3
12117,5
12119,2
12121,2
12123,5
12125,2
12127,2
12129,6
12131,2
12133,3
13001,4
13003,2
13005,6
13007,2
13009,5
13011,5
13013,2
13015,5
13017,2
13019,2
13021,5
13023,2
13025,3
13027,5
13029,2
13031,6
13033,6
13035,3
13037,2
13039,6
13043,2
13045,0
13047,6
13049,6
13051,6
13053,4
13055,2
13057,2
13059,2
13061,1
13063,2
13065,6
13067,1
13069,3
13071,3
13073,5
13075,4
13077,2
13079,6
13081,3
13083,6
13085,3
13087,3
13089,5
13091,2
13093,2
13095,3
13097,5
13099,3
13101,2
13103,6
13105,5
13107,0
13109,6
13111,2
13113,3
13115,2
13117,6
13119,2
13121,3
13123,3
13125,2
13127,2
13129,6
13131,3
13133,3
13135,6
13137,2
13139,3
13141,3
13143,1
13145,6
13147,3
13149,1
13151,2
13153,3
13155,2
13157,3
13159,2
13161,2
13163,2
13165,3
13167,3
13169,5
13171,2
13173,3
13175,2
13177,6
13179,1
13181,4
13183,5
13185,3
13187,2
13189,4
13191,6
13193,5
13195,2
13197,5
13199,4
13201,6
13205,1
13207,1
13209,6
13211,1
13213,6
13215,2
13217,2
13219,5
13221,5
13223,4
13225,5
13227,3
13229,5
13231,3
13233,4
13235,5
13237,3
13239,2
13241,5
13243,1
13245,4
13247,6
13249,4
13251,1
13253,4
13255,3
13257,1
13259,5
13261,1
13263,2
13265,2
13267,4
13269,3
13271,4
13273,5
13275,2
13277,4
13279,3
13281,4
13283,2
13285,5
13287,2
13289,1
13291,2
13293,6
13295,5
13297,1
13299,6
13301,1
13303,5
13305,2
13307,6
13309,2
13311,0
13313,6
13315,2
13317,5
13319,3
13321,3
15001,4
15003,1
15005,1
15007,5
15009,5
16001,2
16003,1
16005,2
16007,5
16009,5
16011,6
16013,4
16015,5
16017,4
16019,5
16021,5
16023,3
16025,3
16027,3
16029,5
16031,5
16033,2
16035,5
16037,6
16039,3
16041,5
16043,6
16045,6
16047,2
16049,6
16051,2
16053,6
16055,1
16057,3
16059,2
16061,6
16063,2
16065,6
16067,1
16069,5
16071,5
16073,2
16075,2
16077,5
16079,1
16081,5
16083,2
16085,5
16087,5
17001,1
17003,1
17005,0
17007,5
17009,3
17011,5
17013,5
17015,2
17017,0
17019,4
17021,2
17023,2
17025,2
17027,2
17029,2
17031,2
17033,6
17035,5
17037,2
17039,5
17041,6
17043,2
17045,2
17047,3
17049,2
17051,2
17053,2
17055,3
17057,5
17059,4
17061,2
17063,2
17065,2
17067,5
17069,2
17071,6
17073,2
17075,2
17077,6
17079,2
17081,5
17083,4
17085,4
17087,4
17089,6
17091,5
17093,2
17095,2
17097,6
17099,3
17101,6
17103,1
17105,5
17107,2
17109,3
17111,3
17113,6
17115,2
17117,6
17119,6
17121,5
17123,5
17125,6
17127,3
17129,2
17131,3
17133,3
17135,3
17137,6
17139,2
17141,3
17143,2
17145,6
17147,0
17149,0
17151,3
17153,3
17155,2
17157,3
17159,6
17161,1
17163,5
17165,3
17167,6
17169,3
17171,3
17173,6
17175,3
17177,5
17179,2
17181,6
17183,5
17185,6
17187,6
17189,3
17191,5
17193,2
17195,2
17197,3
17199,2
17201,2
17203,3
18001,6
18003,3
18005,2
18007,6
18009,6
18011,6
18013,2
18015,6
18017,3
18019,6
18021,2
18023,2
18025,5
18027,2
18029,2
18031,6
18033,6
18035,6
18037,3
18039,6
18041,2
18043,2
18045,6
18047,3
18049,6
18051,3
18053,6
18055,6
18057,1
18059,3
18061,3
18063,6
18065,2
18067,6
18069,5
18071,5
18073,2
18075,3
18077,3
18079,1
18081,5
18083,4
18085,3
18087,4
18089,3
18091,5
18093,2
18095,2
18097,3
18099,2
18101,6
18103,1
18105,2
18107,3
18109,5
18111,3
18113,6
18115,3
18117,1
18119,4
18121,5
18123,5
18125,1
18127,2
18129,3
18131,5
18133,2
18135,5
18137,6
18139,1
18141,1
18143,5
18145,5
18147,5
18149,5
18151,6
18153,6
18155,6
18157,5
18159,1
18161,3
18163,6
18165,2
18167,1
18169,1
18171,6
18173,6
18175,4
18177,2
18179,5
18181,5
18183,6
19001,5
19003,4
19005,5
19007,2
19009,2
19011,5
19013,6
19015,5
19017,2
19019,6
19021,5
19023,6
19025,4
19027,6
19029,5
19031,5
19033,5
19035,3
19037,2
19039,1
19041,5
19043,6
19045,2
19047,4
19049,5
19051,1
19053,2
19055,5
19057,6
19059,3
19061,3
19063,6
19065,5
19067,6
19069,5
19071,3
19073,5
19075,5
19077,5
19079,5
19081,3
19083,1
19085,2
19087,2
19089,5
19091,1
19093,1
19095,2
19097,5
19099,6
19101,3
19103,5
19105,1
19107,6
19109,1
19111,6
19113,2
19115,2
19117,1
19119,5
19121,5
19123,5
19125,2
19127,1
19129,5
19131,6
19133,5
19135,6
19137,1
19139,6
19141,5
19143,5
19145,2
19147,1
19149,1
19151,6
19153,1
19155,1
19157,5
19159,5
19161,5
19163,1
19165,3
19167,2
19169,1
19171,5
19173,2
19175,3
19177,1
19179,1
19181,6
19183,5
19185,6
19187,6
19189,5
19191,6
19193,1
19195,1
19197,6
20001,1
20003,1
20005,6
20007,1
20009,1
20011,2
20013,1
20015,1
20017,2
20019,2
20021,1
20023,2
20025,1
20027,3
20029,1
20031,5
20033,1
20035,3
20037,1
20039,2
20041,1
20043,3
20045,6
20047,5
20049,5
20051,1
20053,2
20055,5
20057,6
20059,1
20061,1
20063,6
20065,5
20067,1
20069,5
20071,2
20073,1
20075,1
20077,6
20079,5
20081,2
20083,6
20085,1
20087,2
20089,1
20091,5
20093,3
20095,1
20097,1
20099,6
20101,5
20103,5
20105,3
20107,6
20109,3
20111,1
20113,5
20115,1
20117,1
20119,1
20121,5
20123,2
20125,5
20127,1
20129,2
20131,1
20133,1
20135,1
20137,6
20139,1
20141,2
20143,5
20145,2
20147,6
20149,4
20151,6
20153,1
20155,6
20157,2
20159,3
20161,2
20163,5
20165,3
20167,6
20169,1
20171,2
20173,3
20175,5
20177,4
20179,3
20181,1
20183,6
20185,5
20187,1
20189,2
20191,2
20193,6
20195,4
20197,5
20199,1
20201,2
20203,3
20205,4
20207,5
20209,3
21001,5
21003,6
21005,3
21007,1
21009,3
21011,5
21013,2
21015,5
21017,5
21019,1
21021,2
21023,0
21025,3
21027,6
21029,6
21031,4
21033,3
21035,2
21037,1
21039,5
21041,1
21043,2
21045,2
21047,5
21049,2
21051,1
21053,5
21055,2
21057,5
21059,5
21061,1
21063,1
21065,1
21067,1
21069,5
21071,1
21073,6
21075,4
21077,5
21079,4
21081,2
21083,3
21085,1
21087,6
21089,6
21091,1
21093,5
21095,2
21097,4
21099,6
21101,4
21103,1
21105,6
21107,4
21109,6
21111,6
21113,1
21115,6
21117,2
21119,1
21121,1
21123,2
21125,6
21127,6
21129,5
21131,5
21133,4
21135,5
21137,6
21139,4
21141,3
21143,3
21145,6
21147,2
21149,5
21151,1
21153,3
21155,2
21157,6
21159,2
21161,4
21163,6
21165,1
21167,5
21169,1
21171,2
21173,2
21175,6
21177,2
21179,6
21181,5
21183,5
21185,6
21187,2
21189,2
21191,2
21193,1
21195,2
21197,1
21199,6
21201,5
21203,3
21205,3
21207,5
21209,3
21211,5
21213,5
21215,3
21217,3
21219,3
21221,5
21223,2
21225,5
21227,3
21229,2
21231,6
21233,3
21235,2
21237,5
21239,5
22001,6
22003,3
22005,2
22007,2
22009,2
22011,2
22013,1
22015,5
22017,5
22019,2
22021,3
22023,2
22025,3
22027,3
22029,2
22031,3
22033,6
22035,2
22037,2
22039,1
22041,2
22043,3
22045,3
22047,6
22049,6
22051,2
22053,2
22055,1
22057,0
22059,5
22061,2
22063,5
22065,3
22067,6
22069,6
22071,3
22073,4
22075,4
22077,6
22079,2
22081,4
22083,3
22085,5
22087,6
22089,5
22091,3
22093,3
22095,3
22097,2
22099,3
22101,5
22103,2
22105,2
22107,2
22109,5
22111,2
22113,6
22115,3
22117,2
22119,4
22121,3
22123,3
22125,3
22127,3
23001,3
23003,6
23005,2
23007,2
23009,3
23011,3
23013,3
23015,3
23017,2
23019,4
23021,2
23023,0
23025,2
23027,3
23029,2
23031,2
24001,2
24003,2
24005,2
24009,4
24011,4
24013,3
24015,5
24017,4
24019,4
24021,4
24023,3
24025,2
24027,4
24029,3
24031,5
24033,3
24035,0
24037,6
24039,4
24041,4
24043,4
24045,2
24047,4
24510,0
25001,5
25003,0
25005,4
25007,0
25009,4
25011,0
25013,6
25015,5
25017,6
25019,6
25021,5
25023,3
25025,2
25027,4
26001,4
26003,3
26005,2
26007,2
26009,6
26011,2
26013,4
26015,4
26017,2
26019,4
26021,3
26023,2
26025,6
26027,4
26029,3
26031,4
26033,6
26035,4
26037,6
26039,6
26041,3
26043,1
26045,2
26047,2
26049,4
26051,0
26053,6
26055,2
26057,6
26059,4
26061,4
26063,4
26065,4
26067,4
26069,3
26071,4
26073,4
26075,2
26077,2
26079,3
26081,5
26083,4
26085,2
26087,5
26089,2
26091,3
26093,2
26095,6
26097,4
26099,3
26101,6
26103,4
26105,3
26107,1
26109,2
26111,5
26113,2
26115,3
26117,4
26119,5
26121,2
26123,2
26125,1
26127,4
26129,6
26131,3
26133,2
26135,2
26137,6
26139,5
26141,2
26143,5
26145,2
26147,1
26149,2
26151,2
26153,4
26155,2
26157,6
26159,5
26161,5
26163,2
26165,1
27001,6
27003,1
27005,6
27007,4
27009,3
27011,1
27013,5
27015,6
27017,1
27019,1
27021,5
27023,5
27025,2
27027,5
27029,3
27031,1
27033,3
27035,6
27037,1
27039,0
27041,6
27043,5
27045,6
27047,5
27049,2
27051,1
27053,2
27055,1
27057,5
27059,1
27061,2
27063,5
27065,6
27067,3
27069,2
27071,2
27073,2
27075,2
27077,6
27079,5
27081,5
27083,6
27085,1
27087,3
27089,5
27091,6
27093,2
27095,5
27097,5
27099,3
27101,2
27103,1
27105,5
27107,5
27109,1
27111,5
27113,2
27115,5
27117,1
27119,1
27121,6
27123,1
27125,1
27127,1
27129,5
27131,5
27133,3
27135,1
27137,2
27139,3
27141,1
27143,5
27145,1
27147,6
27149,3
27151,2
27153,3
27155,5
27157,5
27159,1
27161,6
27163,3
27165,4
27167,1
27169,1
27171,3
27173,1
28001,3
28003,2
28005,5
28007,6
28009,5
28011,6
28013,5
28015,5
28017,5
28019,2
28021,5
28023,2
28025,6
28027,5
28029,5
28031,6
28033,5
28035,5
28037,5
28039,5
28041,3
28043,5
28045,6
28047,6
28049,5
28051,2
28053,6
28055,1
28057,2
28059,4
28061,5
28063,5
28065,5
28067,2
28069,6
28071,4
28073,3
28075,6
28077,1
28079,3
28081,5
28083,5
28085,1
28087,1
28089,5
28091,6
28093,3
28095,6
28097,2
28099,1
28101,5
28103,6
28105,5
28107,2
28109,4
28111,2
28113,3
28115,3
28117,5
28119,2
28121,3
28123,4
28125,2
28127,5
28129,1
28131,2
28133,5
28135,1
28137,2
28139,1
28141,2
28143,2
28145,3
28147,5
28149,6
28151,1
28153,2
28155,1
28157,3
28159,5
28161,5
28163,5
29001,3
29003,6
29005,1
29007,2
29009,5
29011,5
29013,5
29015,4
29017,1
29019,5
29021,5
29023,6
29025,2
29027,2
29029,2
29031,3
29033,1
29035,6
29037,2
29039,5
29041,1
29043,2
29045,5
29047,5
29049,3
29051,5
29053,5
29055,1
29057,5
29059,1
29061,5
29063,6
29065,2
29067,1
29069,5
29071,4
29073,6
29075,2
29077,6
29079,1
29081,0
29083,4
29085,5
29087,6
29089,3
29091,6
29093,5
29095,2
29097,2
29099,6
29101,1
29103,4
29105,5
29107,2
29109,1
29111,1
29113,2
29115,1
29117,6
29119,3
29121,2
29123,5
29125,1
29127,1
29129,2
29131,1
29133,1
29135,6
29137,6
29139,4
29141,3
29143,1
29145,5
29147,3
29149,5
29151,1
29153,2
29155,1
29157,5
29159,2
29161,6
29163,6
29165,1
29167,1
29169,3
29171,1
29173,2
29175,1
29177,5
29179,1
29181,5
29183,4
29185,1
29186,5
29187,6
29189,6
29195,1
29197,6
29199,2
29201,4
29203,5
29205,1
29207,1
29209,6
29211,6
29213,1
29215,4
29217,1
29219,4
29221,4
29223,4
29225,3
29227,1
29229,4
29510,1
30001,1
30003,5
30005,4
30007,6
30009,4
30011,5
30013,6
30015,5
30017,1
30019,1
30021,1
30023,6
30025,1
30027,1
30029,1
30031,6
30033,1
30035,5
30037,1
30039,1
30041,2
30043,2
30045,1
30047,1
30049,1
30051,4
30053,1
30055,5
30057,1
30059,1
30061,2
30063,1
30065,5
30067,2
30069,1
30071,1
30073,5
30075,5
30077,1
30079,6
30081,5
30083,5
30085,3
30087,6
30089,6
30091,1
30093,2
30095,2
30097,2
30099,1
30101,1
30103,1
30105,1
30107,1
30109,5
30111,1
31001,1
31003,1
31005,1
31007,1
31009,3
31011,2
31013,1
31015,1
31017,1
31019,5
31021,4
31023,2
31025,5
31027,4
31029,6
31031,4
31033,1
31035,1
31037,1
31039,3
31041,5
31043,1
31045,1
31047,1
31049,5
31051,2
31053,1
31055,1
31057,5
31059,1
31061,5
31063,1
31065,1
31067,5
31069,1
31071,6
31073,1
31075,5
31077,5
31079,1
31081,6
31083,2
31085,2
31087,5
31089,2
31091,1
31093,1
31095,1
31097,4
31099,1
31101,1
31103,1
31105,1
31107,2
31109,5
31111,1
31113,1
31115,5
31117,5
31119,3
31121,3
31123,6
31125,1
31127,1
31129,6
31131,6
31133,4
31135,2
31137,5
31139,2
31141,1
31143,2
31145,3
31147,6
31149,3
31151,3
31153,4
31155,2
31157,4
31159,6
31161,2
31163,3
31165,2
31167,3
31169,5
31171,3
31173,2
31175,0
31177,2
31179,3
31181,2
31183,2
31185,2
32001,2
32003,2
32005,3
32007,2
32009,2
32011,2
32013,3
32015,2
32017,2
32019,2
32021,3
32023,2
32027,2
32029,3
32031,1
32033,5
32510,6
33001,6
33003,5
33005,1
33007,3
33009,0
33011,6
33013,4
33015,1
33017,4
33019,0
34001,4
34003,0
34005,6
34007,0
34009,4
34011,3
34013,5
34015,2
34017,0
34019,3
34021,3
34023,6
34025,0
34027,6
34029,6
34031,4
34033,2
34035,1
34037,2
34039,3
34041,4
35001,2
35003,2
35005,2
35006,2
35007,2
35009,2
35011,6
35013,6
35015,6
35017,2
35019,6
35021,2
35023,2
35025,6
35027,4
35028,2
35029,2
35031,6
35033,4
35035,3
35037,2
35039,2
35041,6
35043,3
35045,2
35047,2
35049,0
35051,2
35053,0
35055,2
35057,3
35059,2
35061,2
36001,2
36003,3
36005,2
36007,4
36009,2
36011,2
36013,2
36015,0
36017,2
36019,3
36021,3
36023,2
36025,3
36027,6
36029,6
36031,2
36033,0
36035,3
36037,3
36039,2
36041,3
36043,3
36045,0
36047,0
36049,2
36051,6
36053,3
36055,2
36057,3
36059,4
36061,6
36063,4
36065,4
36067,0
36069,6
36071,0
36073,3
36075,2
36077,3
36079,0
36081,3
36083,1
36085,3
36087,4
36089,0
36091,2
36093,4
36095,5
36097,4
36099,2
36101,5
36103,3
36105,0
36107,3
36109,3
36111,2
36113,2
36115,6
36117,3
36119,2
36121,2
36123,2
37001,2
37003,2
37005,4
37007,3
37009,4
37011,2
37013,2
37015,2
37017,3
37019,2
37021,5
37023,3
37025,1
37027,2
37029,6
37031,2
37033,2
37035,3
37037,2
37039,3
37041,6
37043,4
37045,2
37047,6
37049,2
37051,5
37053,6
37055,3
37057,2
37059,3
37061,1
37063,2
37065,3
37067,3
37069,3
37071,3
37073,1
37075,2
37077,3
37079,1
37081,3
37083,5
37085,2
37087,3
37089,2
37091,2
37093,5
37095,5
37097,5
37099,2
37101,2
37103,4
37105,4
37107,4
37109,2
37111,2
37113,2
37115,4
37117,5
37119,6
37121,2
37123,5
37125,3
37127,2
37129,4
37131,1
37133,5
37135,1
37137,1
37139,1
37141,1
37143,4
37145,3
37147,2
37149,1
37151,1
37153,1
37155,1
37157,1
37159,1
37161,1
37163,1
37165,3
37167,1
37169,1
37171,1
37173,1
37175,1
37177,1
37179,1
37181,1
37183,4
37185,1
37187,6
37189,2
37191,1
37193,1
37195,2
37197,1
37199,5
38001,4
38003,1
38005,1
38007,5
38009,4
38011,4
38013,1
38015,3
38017,1
38019,6
38021,1
38023,5
38025,1
38027,1
38029,5
38031,5
38033,1
38035,6
38037,5
38039,2
38041,2
38043,3
38045,3
38047,3
38049,3
38051,2
38053,2
38055,2
38057,6
38059,2
38061,2
38063,5
38065,2
38067,6
38069,3
38071,2
38073,6
38075,3
38077,2
38079,3
38081,2
38083,5
38085,3
38087,3
38089,5
38091,3
38093,3
38095,5
38097,2
38099,3
38101,5
38103,6
38105,6
39001,5
39003,3
39005,6
39007,3
39009,6
39011,2
39013,3
39015,3
39017,2
39019,2
39021,0
39023,3
39025,2
39027,2
39029,2
39031,3
39033,2
39035,5
39037,6
39039,3
39041,4
39043,2
39045,5
39047,0
39049,2
39051,6
39053,3
39055,6
39057,2
39059,2
39061,6
39063,3
39065,6
39067,6
39069,2
39071,3
39073,3
39075,2
39077,2
39079,3
39081,2
39083,2
39085,3
39087,3
39089,3
39091,6
39093,1
39095,2
39097,2
39099,0
39101,6
39103,3
39105,6
39107,6
39109,1
39111,1
39113,1
39115,6
39117,6
39119,5
39121,5
39123,2
39125,6
39127,5
39129,5
39131,1
39133,3
39135,1
39137,3
39139,0
39141,6
39143,2
39145,6
39147,6
39149,1
39151,1
39153,5
39155,6
39157,2
39159,1
39161,4
39163,1
39165,1
39167,6
39169,5
39171,6
39173,1
39175,1
40001,5
40003,6
40005,5
40007,6
40009,2
40011,2
40013,2
40015,1
40017,2
40019,5
40021,6
40023,1
40025,6
40027,6
40029,5
40031,3
40033,6
40035,5
40037,5
40039,2
40041,2
40043,3
40045,5
40047,3
40049,3
40051,6
40053,5
40055,2
40057,1
40059,1
40061,2
40063,6
40065,2
40067,3
40069,6
40071,5
40073,3
40075,2
40077,3
40079,6
40081,6
40083,6
40085,4
40087,3
40089,2
40091,3
40093,2
40095,5
40097,5
40099,4
40101,3
40103,2
40105,1
40107,4
40109,4
40111,6
40113,2
40115,5
40117,2
40119,5
40121,6
40123,2
40125,6
40127,3
40129,6
40131,3
40133,5
40135,2
40137,2
40139,1
40141,6
40143,2
40145,4
40147,4
40149,5
40151,3
40153,1
41001,2
41003,2
41005,2
41007,2
41009,2
41011,5
41013,2
41015,2
41017,5
41019,2
41021,2
41023,2
41025,6
41027,3
41029,3
41031,2
41033,6
41035,2
41037,0
41039,2
41041,3
41043,2
41045,3
41047,2
41049,6
41051,2
41053,0
41055,4
41057,2
41059,4
41061,0
41063,6
41065,3
41067,6
41069,6
41071,2
42001,2
42003,2
42005,2
42007,2
42009,2
42011,2
42013,6
42015,2
42017,3
42019,3
42021,2
42023,2
42025,2
42027,2
42029,2
42031,0
42033,3
42035,4
42037,2
42039,5
42041,3
42043,4
42045,6
42047,6
42049,3
42051,3
42053,5
42055,2
42057,6
42059,2
42061,3
42063,2
42065,2
42067,2
42069,3
42071,2
42073,3
42075,6
42077,0
42079,6
42081,3
42083,5
42085,6
42087,0
42089,2
42091,3
42093,3
42095,3
42097,3
42099,6
42101,5
42103,5
42105,3
42107,6
42109,2
42111,3
42113,2
42115,2
42117,3
42119,2
42121,3
42123,6
42125,3
42127,0
42129,2
42131,2
42133,3
44001,6
44003,2
44005,4
44007,5
44009,6
45001,6
45003,3
45005,2
45007,3
45009,3
45011,3
45013,3
45015,2
45017,3
45019,6
45021,2
45023,1
45025,5
45027,1
45029,1
45031,6
45033,5
45035,1
45037,4
45039,5
45041,1
45043,1
45045,1
45047,6
45049,5
45051,1
45053,3
45055,5
45057,1
45059,1
45061,4
45063,1
45065,1
45067,6
45069,1
45071,5
45073,1
45075,1
45077,1
45079,1
45081,1
45083,1
45085,6
45087,1
45089,1
45091,1
46003,1
46005,1
46007,1
46009,5
46011,6
46013,2
46015,1
46017,2
46019,1
46021,1
46023,3
46025,1
46027,1
46029,2
46031,1
46033,2
46035,1
46037,1
46039,1
46041,1
46043,1
46045,1
46047,1
46049,4
46051,5
46053,2
46055,2
46057,5
46059,6
46061,1
46063,3
46065,3
46067,5
46069,4
46071,2
46073,3
46075,2
46077,2
46079,5
46081,2
46083,3
46085,2
46087,5
46089,1
46091,6
46093,2
46095,3
46097,2
46099,2
46101,1
46103,6
46105,2
46107,6
46109,3
46111,1
46113,5
46115,2
46117,6
46119,2
46121,3
46123,1
46125,3
46127,2
46129,1
46135,6
46137,6
47001,3
47003,6
47005,6
47007,5
47009,2
47011,1
47013,6
47015,1
47017,2
47019,5
47021,2
47023,4
47025,5
47027,5
47029,5
47031,6
47033,2
47035,3
47037,6
47039,2
47041,2
47043,2
47045,6
47047,2
47049,4
47051,6
47053,2
47055,4
47057,3
47059,6
47061,5
47063,1
47065,4
47067,3
47069,2
47071,6
47073,2
47075,3
47077,3
47079,5
47081,2
47083,3
47085,2
47087,2
47089,4
47091,3
47093,2
47095,2
47097,3
47099,3
47101,3
47103,4
47105,6
47107,3
47109,4
47111,4
47113,6
47115,2
47117,2
47119,6
47121,6
47123,5
47125,3
47127,3
47129,2
47131,2
47133,3
47135,5
47137,3
47139,2
47141,1
47143,6
47145,2
47147,2
47149,4
47151,1
47153,5
47155,3
47157,2
47159,3
47161,6
47163,1
47165,6
47167,5
47169,3
47171,4
47173,2
47175,6
47177,2
47179,2
47181,5
47183,3
47185,5
47187,5
47189,3
48001,5
48003,6
48005,3
48007,1
48009,1
48011,5
48013,0
48015,1
48017,5
48019,3
48021,5
48023,1
48025,6
48027,3
48029,1
48031,6
48033,6
48035,2
48037,4
48039,5
48041,2
48043,5
48045,5
48047,1
48049,2
48051,5
48053,1
48055,6
48057,1
48059,6
48061,6
48063,3
48065,4
48067,3
48069,2
48071,3
48073,3
48075,6
48077,5
48079,1
48081,5
48083,1
48085,2
48087,5
48089,6
48091,6
48093,6
48095,3
48097,0
48099,4
48101,1
48103,2
48105,5
48107,6
48109,2
48111,3
48113,6
48115,2
48117,2
48119,1
48121,5
48123,5
48125,1
48127,2
48129,2
48131,3
48133,5
48135,5
48137,2
48139,6
48141,2
48143,2
48145,5
48147,6
48149,2
48151,5
48153,4
48155,3
48157,3
48159,3
48161,6
48163,3
48165,6
48167,6
48169,5
48171,4
48173,2
48175,6
48177,3
48179,2
48181,3
48183,6
48185,2
48187,2
48189,1
48191,1
48193,3
48195,4
48197,1
48199,4
48201,3
48203,1
48205,6
48207,5
48209,2
48211,6
48213,5
48215,5
48217,1
48219,2
48221,6
48223,1
48225,1
48227,4
48229,4
48231,2
48233,2
48235,5
48237,2
48239,1
48241,6
48243,1
48245,2
48247,1
48249,2
48251,6
48253,2
48255,1
48257,3
48259,5
48261,1
48263,6
48265,6
48267,2
48269,6
48271,6
48273,1
48275,5
48277,2
48279,2
48281,5
48283,2
48285,6
48287,2
48289,3
48291,6
48293,6
48295,2
48297,5
48299,6
48301,5
48303,2
48305,6
48307,1
48309,2
48311,6
48313,4
48315,5
48317,6
48319,6
48321,1
48323,3
48325,2
48327,5
48329,3
48331,4
48333,1
48335,1
48337,2
48339,5
48341,1
48343,6
48345,1
48347,6
48349,1
48351,2
48353,2
48355,2
48357,6
48359,1
48361,1
48363,6
48365,5
48367,2
48369,2
48371,4
48373,6
48375,1
48377,6
48379,2
48381,3
48383,4
48385,6
48387,2
48389,1
48391,5
48393,6
48395,5
48397,3
48399,3
48401,3
48403,6
48405,6
48407,2
48409,2
48411,1
48413,3
48415,6
48417,5
48419,2
48421,2
48423,6
48425,2
48427,5
48429,6
48431,6
48433,6
48435,5
48437,4
48439,3
48441,3
48443,6
48445,4
48447,3
48449,6
48451,6
48453,4
48455,4
48457,3
48459,2
48461,4
48463,5
48465,2
48467,1
48469,4
48471,2
48473,6
48475,6
48477,5
48479,3
48481,3
48483,6
48485,2
48487,4
48489,3
48491,4
48493,3
48495,5
48497,6
48499,5
48501,2
48503,4
48505,2
48507,3
49001,4
49003,4
49005,4
49007,3
49009,3
49011,4
49013,4
49015,4
49017,3
49019,0
49021,2
49023,3
49025,2
49027,3
49029,2
49031,4
49033,2
49035,4
49037,2
49039,5
49041,1
49043,3
49045,2
49047,3
49049,5
49051,2
49053,1
49055,2
49057,2
50001,3
50003,2
50005,1
50007,1
50009,2
50011,6
50013,2
50015,2
50017,2
50019,2
50021,2
50023,2
50025,0
50027,2
51001,2
51003,1
51005,2
51007,6
51009,5
51011,2
51013,2
51015,2
51017,1
51019,3
51021,3
51023,1
51025,6
51027,3
51029,4
51031,4
51033,2
51035,4
51036,4
51037,1
51041,0
51043,5
51045,4
51047,3
51049,3
51051,2
51053,1
51057,4
51059,6
51061,5
51063,6
51065,4
51067,2
51069,3
51071,6
51073,3
51075,2
51077,3
51079,3
51081,4
51083,2
51085,5
51087,2
51089,5
51091,2
51093,6
51095,6
51097,6
51099,2
51101,3
51103,1
51105,3
51107,5
51109,2
51111,2
51113,6
51115,6
51117,6
51119,3
51121,3
51125,2
51127,2
51131,2
51133,2
51135,2
51137,6
51139,2
51141,5
51143,3
51145,3
51147,2
51149,3
51153,3
51155,2
51157,3
51159,3
51161,3
51163,3
51165,2
51167,2
51169,3
51171,5
51173,2
51175,2
51177,3
51179,5
51181,2
51183,0
51185,2
51187,2
51191,4
51193,2
51195,4
51197,5
51199,2
51510,3
51515,0
51520,0
51530,3
51540,0
51550,5
51570,0
51580,1
51590,3
51595,5
51600,4
51610,0
51620,2
51630,4
51640,0
51650,0
51660,3
51670,2
51678,2
51680,3
51683,1
51685,0
51690,0
51700,3
51710,2
51720,6
51730,3
51735,3
51740,1
51750,3
51760,2
51770,1
51775,0
51790,1
51800,3
51810,4
51820,5
51830,6
51840,3
53001,3
53003,6
53005,6
53007,6
53009,3
53011,3
53013,6
53015,0
53017,6
53019,6
53021,3
53023,3
53025,5
53027,2
53029,3
53031,6
53033,3
53035,4
53037,4
53039,6
53041,2
53043,1
53045,5
53047,4
53049,3
53051,2
53053,0
53055,5
53057,4
53059,6
53061,5
53063,5
53065,4
53067,4
53069,6
53071,3
53073,1
53075,5
53077,2
54001,2
54003,6
54005,4
54007,4
54009,6
54011,4
54013,2
54015,1
54017,4
54019,3
54021,3
54023,6
54025,3
54027,5
54029,3
54031,3
54033,6
54035,3
54037,6
54039,2
54041,4
54043,0
54045,4
54047,6
54049,2
54051,4
54053,2
54055,4
54057,5
54059,3
54061,6
54063,2
54065,3
54067,2
54069,1
54071,6
54073,6
54075,3
54077,3
54079,6
54081,4
54083,1
54085,2
54087,6
54089,3
54091,4
54093,2
54095,3
54097,1
54099,3
54101,6
54103,2
54105,4
54107,3
54109,6
55001,2
55003,6
55005,2
55007,3
55009,4
55011,5
55013,3
55015,6
55017,6
55019,5
55021,4
55023,3
55025,4
55027,3
55029,2
55031,6
55033,6
55035,3
55037,2
55039,3
55041,1
55043,6
55045,5
55047,6
55049,1
55051,5
55053,5
55055,5
55057,4
55059,3
55061,6
55063,0
55065,1
55067,4
55069,5
55071,5
55073,1
55075,6
55077,4
55078,6
55079,5
55081,6
55083,6
55085,1
55087,6
55089,5
55091,5
55093,6
55095,2
55097,5
55099,5
55101,6
55103,6
55105,5
55107,2
55109,3
55111,4
55113,6
55115,6
55117,6
55119,5
55121,5
55123,6
55125,6
55127,6
55129,2
55131,3
55133,5
55135,6
55137,6
55139,6
55141,5
56001,5
56003,1
56005,5
56007,6
56009,5
56011,5
56013,6
56015,6
56017,6
56019,5
56021,5
56023,5
56025,6
56027,2
56029,6
56031,5
56033,5
56035,5
56037,3
56039,5
56041,2
56043,6
56045,2
