FIPS,Score,TCI+,Jobs+,Trips/Week+,Routes,Transit Shed,Transit
1001,0.0,0.0,0,0,0,0,0
1003,0.3,0.1,2691,14,1,1,0
1005,0.0,0.0,0,0,0,0,0
1007,0.1,0.0,279,2,0,0,0
1009,0.0,0.0,0,0,0,0,0
1011,0.0,0.0,0,0,0,0,0
1013,0.0,0.0,0,0,0,0,0
1015,0.6,0.3,3376,42,1,2,0
1017,0.0,0.0,0,0,0,0,0
1019,0.0,0.0,0,0,0,0,0
1021,0.0,0.0,0,0,0,0,0
1023,0.0,0.0,0,0,0,0,0
1025,0.1,0.0,4,4,0,0,0
1027,0.0,0.0,0,0,0,0,0
1029,0.0,0.0,0,0,0,0,0
1031,0.0,0.0,0,0,0,0,0
1033,0.0,0.0,0,0,0,0,0
1035,0.0,0.0,0,0,0,0,0
1037,0.0,0.0,0,0,0,0,0
1039,0.0,0.0,0,0,0,0,0
1041,0.0,0.0,0,0,0,0,0
1043,0.0,0.0,0,0,0,0,0
1045,0.0,0.0,0,0,0,0,0
1047,0.1,0.0,0,1,0,0,0
1049,0.0,0.0,0,0,0,0,0
1051,0.0,0.0,0,0,0,0,0
1053,0.0,0.0,0,0,0,0,0
1055,0.7,0.3,2332,46,1,1,0
1057,0.0,0.0,0,0,0,0,0
1059,0.0,0.0,0,0,0,0,0
1061,0.0,0.0,0,0,0,0,0
1063,0.0,0.0,0,0,0,0,0
1065,0.0,0.0,0,0,0,0,0
1067,0.0,0.0,0,0,0,0,0
1069,0.0,0.0,0,0,0,0,0
1071,0.0,0.0,0,0,0,0,0
1073,0.1,0.2,1121,1,0,0,0
1075,0.0,0.0,0,0,0,0,0
1077,0.0,0.0,0,0,0,0,0
1079,0.0,0.0,0,0,0,0,0
1081,0.0,0.0,0,0,0,0,0
1083,0.0,0.0,0,0,0,0,0
1085,0.0,0.0,0,0,0,0,0
1087,0.0,0.0,0,0,0,0,1
1089,1.0,0.5,13610,66,1,4,0
1091,0.0,0.0,0,0,0,0,0
1093,0.0,0.0,0,0,0,0,0
1095,0.0,0.0,0,0,0,0,0
1097,1.7,0.9,19850,183,1,8,0
1099,0.0,0.0,0,0,0,0,0
1101,2.1,1.2,38820,152,2,16,0
1103,0.0,0.0,0,0,0,0,0
1105,0.0,0.0,0,1,0,0,0
1107,0.0,0.0,0,0,0,0,0
1109,0.0,0.0,0,0,0,0,0
1111,0.0,0.0,0,0,0,0,0
1113,0.7,0.3,2728,34,1,2,0
1115,0.0,0.0,0,0,0,0,0
1117,0.0,0.0,0,0,0,0,0
1119,0.0,0.0,0,0,0,0,0
1121,0.0,0.0,0,0,0,0,0
1123,0.0,0.0,0,0,0,0,0
1125,0.9,0.4,9455,47,1,2,0
1127,0.0,0.0,0,0,0,0,0
1129,0.0,0.0,0,0,0,0,0
1131,0.1,0.0,105,5,0,0,0
1133,0.0,0.0,0,0,0,0,0
2013,0.0,0.0,0,0,0,0,0
2016,0.0,0.0,0,0,0,0,0
2020,3.5,2.6,53537,696,2,9,1
2050,0.0,0.0,0,0,0,0,0
2060,0.0,0.0,0,0,0,0,0
2068,0.0,0.0,0,0,0,0,0
2070,0.0,0.0,0,0,0,0,0
2090,2.0,1.0,16547,213,3,12,0
2100,0.0,0.0,0,0,0,0,0
2110,2.6,1.4,12550,308,7,8,5
2122,0.0,0.0,0,0,0,0,1
2130,3.6,1.5,9157,309,2,8,3
2150,0.0,0.0,0,0,0,0,0
2164,0.0,0.0,0,0,0,0,0
2170,0.5,0.2,2828,33,2,2,0
2180,0.0,0.0,0,0,0,0,0
2185,0.0,0.0,0,0,0,0,4
2188,0.0,0.0,0,0,0,0,0
2201,0.0,0.0,0,1,0,0,1
2220,2.2,1.1,2798,218,2,4,1
2232,0.0,0.0,0,0,0,0,1
2232,0.0,0.0,0,0,0,0,3
2240,0.0,0.0,0,0,0,0,0
2261,0.0,0.0,0,0,0,0,0
2280,0.0,0.0,0,0,0,0,0
2280,0.0,0.0,0,0,0,0,0
2282,0.0,0.0,0,0,0,0,0
2290,0.0,0.0,0,0,0,0,0
4001,0.3,0.0,960,19,1,1,1
4003,0.7,0.0,1214,66,1,1,0
4005,2.1,1.2,11784,399,3,4,1
4007,0.0,0.0,0,0,0,0,0
4009,0.0,0.0,0,0,0,0,1
4011,0.0,0.0,0,0,0,0,0
4012,0.0,0.0,195,1,0,0,0
4013,4.4,3.1,100236,1146,3,25,2
4015,0.4,0.2,363,26,0,1,0
4017,0.1,0.0,24,2,0,0,1
4019,3.7,2.5,56905,885,4,20,2
4021,0.1,0.0,0,1,0,0,0
4023,0.0,0.0,0,0,0,0,0
4025,0.4,0.2,879,53,1,1,0
4027,2.0,1.1,15567,164,2,10,1
5001,0.0,0.0,0,0,0,0,0
5003,0.0,0.0,0,0,0,0,0
5005,0.0,0.0,0,0,0,0,0
5007,0.6,0.3,6197,36,1,2,0
5009,0.0,0.0,0,0,0,0,0
5011,0.0,0.0,0,0,0,0,0
5013,0.0,0.0,0,0,0,0,0
5015,0.0,0.0,0,0,0,0,0
5017,0.0,0.0,0,0,0,0,1
5019,0.2,0.1,32,1,0,0,0
5021,0.0,0.0,0,0,0,0,0
5023,0.0,0.0,0,0,0,0,0
5025,0.0,0.0,0,0,0,0,0
5027,0.0,0.0,0,0,0,0,0
5029,0.0,0.0,0,0,0,0,0
5031,1.4,0.7,7355,104,1,3,0
5033,0.0,0.0,0,0,0,0,0
5035,1.4,0.8,12452,78,1,4,0
5037,0.0,0.0,0,0,0,0,0
5039,0.0,0.0,0,0,0,0,0
5041,0.0,0.0,0,0,0,0,0
5043,0.0,0.0,0,0,0,0,0
5045,0.0,0.0,0,0,0,0,0
5047,0.0,0.0,0,0,0,0,0
5049,0.0,0.0,0,0,0,0,1
5051,0.9,0.5,4597,57,1,2,0
5053,0.0,0.0,0,0,0,0,0
5055,0.0,0.0,0,0,0,0,0
5057,0.3,0.2,0,5,0,0,0
5059,0.3,0.2,12,3,0,0,0
5061,0.0,0.0,0,0,0,0,1
5063,0.0,0.0,0,0,0,0,0
5065,0.0,0.0,0,0,0,0,0
5067,0.0,0.0,0,0,0,0,0
5069,0.0,0.0,0,0,0,0,0
5071,0.0,0.0,0,0,0,0,0
5073,0.0,0.0,0,0,0,0,0
5075,0.3,0.2,0,4,0,0,0
5077,0.0,0.0,0,0,0,0,0
5079,0.0,0.0,0,0,0,0,0
5081,0.0,0.0,0,0,0,0,0
5083,0.0,0.0,0,0,0,0,0
5085,0.0,0.0,0,0,0,0,0
5087,0.0,0.0,0,0,0,0,0
5089,0.0,0.0,0,0,0,0,0
5091,1.4,0.7,8913,94,2,7,0
5093,0.0,0.0,0,0,0,0,0
5095,0.0,0.0,0,0,0,0,0
5097,0.0,0.0,0,0,0,0,0
5099,0.0,0.0,0,0,0,0,0
5101,0.0,0.0,0,0,0,0,0
5103,0.0,0.0,0,0,0,0,0
5105,0.0,0.0,0,0,0,0,0
5107,0.0,0.0,0,0,0,0,0
5109,0.0,0.0,0,0,0,0,0
5111,0.0,0.0,0,0,0,0,0
5113,0.0,0.0,0,0,0,0,0
5115,0.0,0.0,0,0,0,0,0
5117,0.0,0.0,0,0,0,0,0
5119,2.3,1.4,69678,222,2,19,1
5121,0.0,0.0,0,0,0,0,0
5123,0.0,0.0,0,0,0,0,0
5125,0.0,0.0,0,0,0,0,0
5127,0.0,0.0,0,0,0,0,0
5129,0.0,0.0,0,0,0,0,0
5131,1.4,0.8,11216,70,1,5,0
5133,0.0,0.0,0,0,0,0,0
5135,0.0,0.0,0,0,0,0,0
5137,0.0,0.0,0,0,0,0,0
5139,0.0,0.0,0,0,0,0,0
5141,0.0,0.0,0,0,0,0,0
5143,2.5,1.5,20706,565,6,9,0
5145,0.0,0.0,0,0,0,0,0
5147,0.0,0.0,0,0,0,0,1
5149,0.0,0.0,0,0,0,0,0
6001,7.1,8.9,222025,2682,10,32,15
6003,0.0,0.0,0,0,0,0,0
6005,0.8,0.3,2268,66,2,4,0
6007,2.9,1.7,28092,478,5,13,1
6009,0.6,0.1,972,51,1,1,1
6011,0.0,0.0,0,0,0,0,0
6013,5.0,4.0,91167,1068,7,26,11
6015,2.1,1.1,4316,220,4,7,0
6017,1.3,0.6,5406,134,2,3,1
6019,3.2,2.1,48607,611,3,16,1
6021,0.0,0.0,0,0,0,0,0
6023,2.1,1.1,12880,198,3,6,2
6025,0.1,0.0,803,3,0,0,0
6027,0.4,0.1,216,27,1,1,1
6029,3.1,1.9,26813,552,3,12,0
6031,3.0,0.8,9939,450,7,7,0
6033,1.8,0.9,3318,174,2,7,1
6035,0.9,0.4,1638,51,2,3,0
6037,6.8,8.0,321664,2608,8,46,6
6039,1.2,0.6,6065,101,2,2,0
6041,4.8,3.6,79497,1153,10,17,10
6043,0.4,0.1,7938,52,0,5,2
6045,1.6,0.8,6309,142,2,4,0
6047,2.4,1.5,11658,268,4,7,1
6049,0.3,0.1,100,8,0,0,0
6051,3.5,1.9,2830,1178,6,3,21
6053,4.2,2.4,33243,870,6,16,1
6055,3.3,2.0,21478,475,4,7,1
6057,1.2,0.5,5333,105,2,4,1
6059,4.2,2.7,172595,528,4,32,2
6061,2.0,0.9,22351,184,3,7,1
6063,0.7,0.2,859,45,1,2,0
6065,3.3,2.0,27262,589,3,13,1
6067,4.8,4.1,93403,729,6,22,2
6069,1.7,1.0,4149,110,2,3,0
6071,4.4,3.1,44660,1098,3,17,1
6073,5.3,5.1,82735,1358,4,19,3
6075,9.6,31.7,653730,11896,26,37,36
6077,3.0,1.8,33035,373,5,12,1
6079,2.6,0.9,13506,277,4,6,1
6081,6.1,6.5,183088,1411,8,27,10
6083,4.3,2.5,31301,718,5,10,3
6085,6.5,6.7,222227,1629,6,40,4
6087,4.8,4.1,33599,1269,6,15,2
6089,1.8,1.0,11633,168,3,6,0
6091,0.0,0.0,0,0,0,0,0
6093,0.9,0.3,2647,63,2,3,0
6095,3.9,2.3,25574,597,5,12,3
6097,3.4,2.0,46795,430,7,21,2
6099,3.6,2.7,34836,540,4,13,0
6101,2.7,1.5,11554,277,2,6,0
6103,1.0,0.5,3041,76,3,3,0
6105,0.6,0.2,647,35,2,4,0
6107,4.1,2.5,29351,885,8,19,0
6109,1.3,0.6,2515,143,2,2,0
6111,3.4,2.0,33851,468,5,10,1
6113,4.6,3.6,77241,661,10,16,4
6115,2.4,1.3,7646,320,2,5,1
8001,4.5,3.2,93889,843,4,28,4
8003,0.0,0.0,0,0,0,0,0
8005,5.8,5.7,110792,1244,4,30,4
8007,0.0,0.0,0,0,0,0,0
8009,0.0,0.0,0,0,0,0,0
8011,0.0,0.0,0,0,0,0,0
8013,5.1,3.8,73569,1633,8,24,5
8015,0.0,0.0,0,0,0,0,0
8017,0.0,0.0,0,0,0,0,0
8019,0.2,0.0,0,26,1,0,0
8021,0.0,0.0,0,0,0,0,0
8023,0.0,0.0,0,0,0,0,0
8025,0.0,0.0,0,0,0,0,0
8027,0.0,0.0,0,0,0,0,0
8029,0.0,0.0,0,0,0,0,0
8031,7.8,10.3,294829,3294,11,51,7
8033,0.0,0.0,0,0,0,0,0
8035,2.1,1.5,26032,303,1,8,2
8037,2.8,0.7,15044,1298,8,10,5
8039,0.0,0.0,0,0,0,0,0
8041,2.4,1.9,27790,334,2,9,0
8043,0.0,0.0,0,0,0,0,0
8045,2.2,0.1,7240,604,2,4,4
8047,0.0,0.0,0,0,0,0,1
8049,1.2,0.2,1613,485,3,3,3
8051,1.1,0.5,1705,71,1,1,3
8053,0.0,0.0,0,0,0,0,0
8055,0.0,0.0,0,0,0,0,1
8057,0.0,0.0,0,0,0,0,0
8059,4.5,3.5,94547,766,4,27,3
8061,0.0,0.0,0,0,0,0,0
8063,0.0,0.0,0,0,0,0,0
8065,1.1,0.5,1131,64,1,2,1
8067,0.0,0.0,0,0,0,0,1
8069,3.0,1.5,26579,610,4,10,1
8071,0.5,0.3,0,5,0,0,0
8073,0.0,0.0,0,0,0,0,0
8075,0.0,0.0,0,0,0,0,0
8077,2.3,1.2,15556,201,3,8,0
8079,0.0,0.0,0,0,0,0,1
8081,0.0,0.0,0,0,0,0,1
8083,0.0,0.0,0,0,0,0,0
8085,0.0,0.0,0,0,0,0,0
8087,0.4,0.2,0,2,0,0,0
8089,0.3,0.2,0,2,0,0,0
8091,0.0,0.0,0,0,0,0,0
8093,0.0,0.0,21,5,0,0,1
8095,0.0,0.0,0,0,0,0,0
8097,4.7,0.0,13576,5293,13,10,16
8099,0.5,0.3,0,3,0,0,0
8101,2.2,1.2,19048,156,2,9,1
8103,0.0,0.0,0,0,0,0,1
8105,0.0,0.0,0,0,0,0,0
8107,0.0,0.0,0,0,0,0,3
8109,0.0,0.0,0,0,0,0,0
8111,0.0,0.0,0,0,0,0,0
8113,0.0,0.0,0,0,0,0,13
8115,0.0,0.0,0,0,0,0,0
8117,2.5,1.1,6702,739,4,6,7
8119,0.0,0.0,0,0,0,0,0
8121,0.0,0.0,0,0,0,0,0
8123,1.4,0.8,13094,107,1,6,0
8125,0.0,0.0,0,0,0,0,0
9001,4.5,4.0,67611,734,4,17,11
9003,4.6,2.8,93246,1835,5,23,3
9005,0.7,0.3,7559,53,1,3,1
9007,2.3,1.2,25612,205,3,16,1
9009,4.6,3.1,59527,1091,4,19,4
9011,1.8,1.0,9935,110,3,7,1
9013,1.4,0.5,12775,186,1,3,2
9015,0.5,0.3,1832,43,1,1,0
10001,2.0,0.9,10049,378,3,6,1
10003,4.4,2.5,72686,878,5,20,4
10005,1.2,0.5,3978,215,1,3,0
11001,9.3,23.3,658064,8095,25,50,37
12001,4.2,3.2,52308,1522,6,24,4
12003,0.0,0.0,0,0,0,0,0
12005,1.6,0.8,8856,136,1,5,1
12007,0.0,0.0,0,0,0,0,0
12009,1.9,0.9,12984,164,2,8,0
12011,5.0,3.5,116570,979,4,33,2
12013,0.0,0.0,0,0,0,0,0
12015,0.0,0.0,122,4,0,0,0
12017,0.6,0.2,1780,30,1,2,0
12019,0.3,0.1,1299,26,0,1,0
12021,1.9,0.9,19540,158,3,10,2
12023,0.0,0.0,0,0,0,0,0
12027,0.0,0.0,0,0,0,0,6
12029,0.0,0.0,0,0,0,0,0
12031,3.8,2.3,54749,790,3,17,2
12033,2.4,1.3,27998,261,2,12,0
12035,0.0,0.0,0,0,0,0,0
12037,0.0,0.0,0,0,0,0,0
12039,0.0,0.0,0,0,0,0,0
12041,0.0,0.0,0,0,0,0,0
12043,0.0,0.0,0,0,0,0,0
12045,0.0,0.0,0,0,0,0,0
12047,0.0,0.0,0,0,0,0,0
12049,0.0,0.0,0,0,0,0,3
12051,0.0,0.0,0,0,0,0,9
12053,1.5,0.7,7930,127,1,9,0
12055,0.1,0.1,0,1,0,0,2
12057,3.2,2.2,56792,662,3,13,1
12059,0.0,0.0,0,0,0,0,0
12061,0.0,0.0,0,0,0,0,0
12063,0.0,0.0,0,0,0,0,0
12065,0.0,0.0,0,0,0,0,0
12067,0.0,0.0,0,0,0,0,0
12069,1.1,0.4,6815,96,1,4,0
12071,2.3,1.3,21139,261,2,10,0
12073,3.3,2.0,54342,773,4,15,1
12075,0.0,0.0,0,0,0,0,0
12077,0.0,0.0,0,0,0,0,5
12079,0.0,0.0,0,0,0,0,0
12081,2.6,1.6,25342,307,2,13,0
12083,0.7,0.4,6019,68,1,3,0
12085,0.6,0.2,2904,44,1,1,0
12086,6.5,7.1,169478,1841,6,38,5
12087,1.6,0.8,4528,151,2,2,2
12089,0.1,0.0,40,9,0,0,0
12091,1.1,0.9,5578,81,1,2,0
12093,0.1,0.1,0,1,0,0,0
12095,4.2,3.6,152899,1038,4,32,2
12097,3.1,2.2,38378,584,3,18,1
12099,3.3,1.7,42790,457,2,15,2
12101,1.7,0.9,10794,131,2,10,0
12103,4.6,2.4,82372,763,4,30,1
12105,1.6,0.7,14933,143,2,8,0
12107,0.1,0.1,17,4,0,0,0
12109,0.8,0.3,7856,83,1,3,0
12111,0.9,0.4,3188,58,1,2,0
12113,0.0,0.0,389,2,0,0,0
12115,3.4,2.1,35250,480,3,20,0
12117,2.5,2.0,32162,322,1,9,0
12119,0.0,0.0,0,0,0,0,0
12121,0.0,0.0,0,0,0,0,0
12123,0.0,0.0,0,0,0,0,0
12125,0.0,0.0,0,0,0,0,1
12127,2.9,1.7,20252,423,3,14,1
12129,0.0,0.0,0,0,0,0,0
12131,0.1,0.0,47,5,0,0,0
12133,0.0,0.0,0,0,0,0,0
13001,0.0,0.0,0,0,0,0,0
13003,0.0,0.0,0,0,0,0,0
13005,0.0,0.0,0,0,0,0,1
13007,0.0,0.0,0,0,0,0,0
13009,0.0,0.0,0,0,0,0,0
13011,0.0,0.0,0,0,0,0,0
13013,0.0,0.0,0,0,0,0,0
13015,0.0,0.0,3960,4,0,0,0
13017,0.0,0.0,0,0,0,0,0
13019,0.0,0.0,0,0,0,0,0
13021,2.1,1.1,30609,158,2,18,1
13023,0.0,0.0,0,0,0,0,0
13025,0.0,0.0,0,0,0,0,1
13027,0.0,0.0,0,0,0,0,0
13029,0.0,0.0,0,0,0,0,0
13031,0.0,0.0,0,0,0,0,1
13033,0.0,0.0,0,0,0,0,0
13035,0.0,0.0,0,0,0,0,0
13037,0.0,0.0,0,0,0,0,0
13039,0.0,0.0,0,0,0,0,0
13043,0.0,0.0,0,0,0,0,0
13045,0.0,0.0,0,0,0,0,0
13047,0.0,0.0,0,0,0,0,0
13049,0.0,0.0,0,0,0,0,0
13051,3.3,2.0,36749,471,3,16,2
13053,0.0,0.0,0,0,0,0,0
13055,0.0,0.0,0,0,0,0,0
13057,0.3,0.1,6360,16,0,1,0
13059,3.7,2.5,34713,1432,8,14,4
13061,0.0,0.0,0,0,0,0,0
13063,3.4,1.9,60814,556,2,18,2
13065,0.0,0.0,0,0,0,0,0
13067,1.8,0.7,38884,298,1,8,1
13069,0.0,0.0,0,0,0,0,0
13071,0.0,0.0,0,0,0,0,1
13073,0.1,0.0,324,3,0,0,0
13075,0.0,0.0,0,0,0,0,0
13077,0.0,0.0,788,5,0,0,0
13079,0.0,0.0,0,0,0,0,0
13081,0.0,0.0,0,0,0,0,0
13083,0.0,0.0,0,0,0,0,0
13085,0.0,0.0,0,0,0,0,0
13087,0.0,0.0,0,0,0,0,0
13089,5.7,5.0,109867,1416,4,29,8
13091,0.0,0.0,0,0,0,0,0
13093,0.0,0.0,0,0,0,0,0
13095,2.2,1.2,19415,191,3,11,2
13097,0.4,0.1,32237,67,1,2,0
13099,0.0,0.0,0,0,0,0,0
13101,0.0,0.0,0,0,0,0,0
13103,0.0,0.0,0,0,0,0,0
13105,0.0,0.0,0,0,0,0,0
13107,0.0,0.0,0,0,0,0,1
13109,0.0,0.0,0,0,0,0,0
13111,0.0,0.0,0,0,0,0,0
13113,0.1,0.0,2855,29,0,1,0
13115,0.0,0.0,0,0,0,0,0
13117,0.1,0.0,1090,7,0,0,0
13119,0.0,0.0,0,0,0,0,0
13121,5.6,6.4,171216,2329,8,26,8
13123,0.0,0.0,0,0,0,0,0
13125,0.0,0.0,0,0,0,0,0
13127,0.0,0.0,0,0,0,0,0
13129,0.0,0.0,0,0,0,0,0
13131,0.0,0.0,0,0,0,0,0
13133,0.0,0.0,0,0,0,0,0
13135,1.3,0.5,33970,160,1,7,1
13137,0.0,0.0,0,0,0,0,0
13139,0.8,0.4,10155,49,1,3,0
13141,0.0,0.0,0,0,0,0,1
13143,0.0,0.0,0,0,0,0,0
13145,0.0,0.0,0,0,0,0,0
13147,0.0,0.0,0,0,0,0,0
13149,0.0,0.0,0,0,0,0,0
13151,0.2,0.0,17286,27,0,1,1
13153,0.0,0.0,75,1,0,0,0
13155,0.0,0.0,0,0,0,0,0
13157,0.0,0.0,0,0,0,0,0
13159,0.0,0.0,0,0,0,0,0
13161,0.0,0.0,0,0,0,0,0
13163,0.0,0.0,0,0,0,0,0
13165,0.0,0.0,0,0,0,0,0
13167,0.0,0.0,0,0,0,0,0
13169,0.3,0.1,9284,31,1,5,0
13171,0.0,0.0,0,0,0,0,0
13173,0.0,0.0,0,0,0,0,0
13175,0.0,0.0,0,0,0,0,0
13177,0.0,0.0,629,4,0,0,0
13179,0.0,0.0,0,0,0,0,0
13181,0.0,0.0,0,0,0,0,0
13183,0.0,0.0,0,0,0,0,0
13185,0.0,0.0,0,0,0,0,0
13187,0.0,0.0,0,0,0,0,0
13189,0.0,0.0,0,0,0,0,0
13191,0.0,0.0,0,0,0,0,0
13193,0.0,0.0,0,0,0,0,0
13195,0.0,0.0,0,0,0,0,0
13197,0.0,0.0,0,0,0,0,1
13199,0.0,0.0,0,0,0,0,0
13201,0.0,0.0,0,0,0,0,1
13205,0.0,0.0,0,0,0,0,0
13207,0.1,0.0,684,13,0,0,0
13209,0.0,0.0,0,0,0,0,0
13211,0.0,0.0,0,0,0,0,0
13213,0.0,0.0,0,0,0,0,0
13215,2.2,1.2,28692,160,2,14,1
13217,0.0,0.0,0,0,0,0,0
13219,0.1,0.0,766,21,0,1,0
13221,0.0,0.0,0,0,0,0,0
13223,0.1,0.0,545,13,0,0,0
13225,0.0,0.0,0,0,0,0,1
13227,0.0,0.0,0,0,0,0,0
13229,0.0,0.0,0,0,0,0,0
13231,0.0,0.0,0,0,0,0,0
13233,0.0,0.0,0,0,0,0,0
13235,0.0,0.0,0,0,0,0,0
13237,0.0,0.0,0,0,0,0,0
13239,0.0,0.0,0,0,0,0,0
13241,0.0,0.0,0,0,0,0,0
13243,0.0,0.0,0,0,0,0,0
13245,1.9,1.0,18191,162,1,6,1
13247,0.2,0.0,11078,23,1,1,1
13249,0.0,0.0,0,0,0,0,0
13251,0.0,0.0,0,0,0,0,0
13253,0.0,0.0,0,0,0,0,0
13255,0.0,0.0,0,0,0,0,0
13257,0.2,0.1,0,2,0,0,0
13259,0.0,0.0,0,0,0,0,0
13261,0.0,0.0,0,0,0,0,0
13263,0.0,0.0,0,0,0,0,0
13265,0.0,0.0,0,0,0,0,0
13267,0.0,0.0,0,0,0,0,0
13269,0.0,0.0,0,0,0,0,0
13271,0.0,0.0,0,0,0,0,0
13273,0.0,0.0,0,0,0,0,0
13275,0.0,0.0,0,0,0,0,0
13277,0.0,0.0,0,0,0,0,0
13279,0.0,0.0,0,0,0,0,0
13281,0.0,0.0,0,0,0,0,0
13283,0.0,0.0,0,0,0,0,0
13285,0.0,0.0,0,0,0,0,0
13287,0.0,0.0,0,0,0,0,0
13289,0.0,0.0,0,0,0,0,1
13291,0.0,0.0,0,0,0,0,0
13293,0.0,0.0,0,0,0,0,0
13295,0.1,0.0,1372,17,0,0,0
13297,0.0,0.0,0,0,0,0,0
13299,0.0,0.0,0,0,0,0,1
13301,0.0,0.0,0,0,0,0,0
13303,0.0,0.0,0,0,0,0,0
13305,0.2,0.1,0,2,0,0,0
13307,0.0,0.0,0,0,0,0,0
13309,0.0,0.0,0,0,0,0,0
13311,0.0,0.0,0,0,0,0,0
13313,0.0,0.0,0,0,0,0,0
13315,0.0,0.0,0,0,0,0,0
13317,0.0,0.0,0,0,0,0,0
13319,0.0,0.0,0,0,0,0,0
13321,0.0,0.0,0,0,0,0,0
15001,1.0,0.4,2819,119,2,2,1
15003,6.4,5.9,146342,2575,11,26,8
15005,0.0,0.0,0,0,0,0,0
15007,0.0,0.0,0,0,0,0,0
15009,2.1,1.1,5950,230,2,3,2
16001,2.2,1.2,46228,280,3,10,0
16003,0.0,0.0,0,0,0,0,0
16005,2.7,1.5,19134,347,4,11,1
16007,0.0,0.0,0,0,0,0,0
16009,0.2,0.0,223,37,0,1,0
16011,0.1,0.0,231,2,0,0,2
16013,1.8,0.8,7978,341,4,9,1
16015,0.0,0.0,0,0,0,0,0
16017,0.2,0.1,0,2,0,0,0
16019,1.7,0.8,13047,175,2,4,3
16021,0.0,0.0,0,0,0,0,0
16023,0.0,0.0,0,0,0,0,1
16025,0.0,0.0,0,0,0,0,0
16027,1.2,0.5,13859,124,2,4,0
16029,0.0,0.0,0,0,0,0,0
16031,0.0,0.0,0,0,0,0,0
16033,0.0,0.0,0,0,0,0,0
16035,0.0,0.0,0,0,0,0,0
16037,0.0,0.0,0,0,0,0,1
16039,0.0,0.0,0,0,0,0,0
16041,0.3,0.1,1697,12,0,1,0
16043,0.0,0.0,0,0,0,0,1
16045,0.0,0.0,0,0,0,0,0
16047,0.0,0.0,0,0,0,0,0
16049,0.0,0.0,0,0,0,0,0
16051,0.0,0.0,0,0,0,0,2
16053,0.0,0.0,0,0,0,0,0
16055,1.1,0.5,8579,77,1,3,0
16057,0.0,0.0,0,0,0,0,0
16059,0.0,0.0,0,0,0,0,0
16061,0.0,0.0,0,0,0,0,0
16063,0.0,0.0,0,0,0,0,1
16065,0.0,0.0,0,0,0,0,0
16067,0.0,0.0,0,0,0,0,0
16069,1.0,0.0,3777,7,0,1,0
16071,0.0,0.0,0,0,0,0,0
16073,0.0,0.0,0,0,0,0,0
16075,0.2,0.1,1143,34,1,0,0
16077,0.0,0.0,0,0,0,0,0
16079,0.0,0.0,0,0,0,0,0
16081,0.0,0.0,0,0,0,0,1
16083,0.0,0.0,0,0,0,0,0
16085,0.0,0.0,0,0,0,0,0
16087,0.0,0.0,0,0,0,0,0
17001,1.3,0.7,5599,109,2,2,0
17003,0.0,0.0,0,0,0,0,0
17005,0.0,0.0,0,0,0,0,0
17007,0.0,0.0,0,0,0,0,0
17009,0.0,0.0,0,0,0,0,0
17011,0.3,0.2,217,8,0,0,0
17013,0.0,0.0,0,0,0,0,1
17015,0.0,0.0,0,0,0,0,0
17017,0.0,0.0,0,0,0,0,0
17019,5.4,5.3,46147,3720,11,19,6
17021,0.0,0.0,0,0,0,0,0
17023,0.0,0.0,0,0,0,0,0
17025,0.0,0.0,0,0,0,0,1
17027,0.1,0.1,236,2,0,0,1
17029,0.3,0.2,57,5,0,0,0
17031,7.3,12.5,352561,3722,7,42,19
17033,0.0,0.0,0,0,0,0,0
17035,0.0,0.0,0,0,0,0,0
17037,1.7,1.1,4848,337,2,2,2
17039,0.0,0.0,0,0,0,0,0
17041,0.0,0.0,0,0,0,0,0
17043,3.4,2.3,71087,235,3,19,7
17045,0.0,0.0,0,0,0,0,0
17047,0.0,0.0,0,0,0,0,0
17049,0.4,0.3,140,4,0,0,0
17051,0.0,0.0,0,0,0,0,1
17053,0.0,0.0,0,0,0,0,0
17055,0.0,0.0,0,0,0,0,0
17057,0.0,0.0,0,0,0,0,0
17059,0.0,0.0,0,0,0,0,0
17061,0.0,0.0,0,0,0,0,0
17063,0.0,0.0,0,0,0,0,0
17065,0.0,0.0,0,0,0,0,2
17067,0.0,0.0,0,0,0,0,0
17069,0.0,0.0,0,0,0,0,0
17071,0.0,0.0,0,0,0,0,0
17073,0.5,0.3,552,21,0,1,0
17075,0.1,0.0,216,2,0,0,0
17077,1.9,1.0,7601,210,3,3,1
17079,0.0,0.0,0,0,0,0,0
17081,0.0,0.0,0,0,0,0,0
17083,0.0,0.0,0,0,0,0,0
17085,0.0,0.0,0,0,0,0,1
17087,0.0,0.0,0,0,0,0,0
17089,2.7,1.8,27973,300,2,11,2
17091,2.5,1.5,9858,335,3,6,1
17093,0.1,0.1,131,2,0,0,3
17095,2.3,0.6,7833,152,2,5,0
17097,3.0,2.2,28367,274,2,12,4
17099,0.1,0.1,29,1,0,0,0
17101,0.0,0.0,0,0,0,0,0
17103,0.0,0.0,0,0,0,0,0
17105,0.7,0.5,205,12,0,0,0
17107,0.8,0.6,165,8,0,0,0
17109,2.6,1.6,4321,647,6,2,1
17111,1.5,1.0,9345,78,1,6,2
17113,3.7,2.8,36298,893,4,10,1
17115,2.9,1.7,17764,370,3,11,1
17117,0.2,0.1,2,5,0,0,0
17119,3.2,2.0,20477,551,3,12,1
17121,0.5,0.3,561,9,0,0,0
17123,0.0,0.0,0,0,0,0,0
17125,0.0,0.0,0,0,0,0,0
17127,0.0,0.0,0,0,0,0,0
17129,0.0,0.0,0,0,0,0,0
17131,0.0,0.0,0,0,0,0,0
17133,1.0,0.3,4197,75,0,5,0
17135,0.0,0.0,0,0,0,0,0
17137,0.0,0.0,0,0,0,0,0
17139,0.0,0.0,0,0,0,0,0
17141,0.0,0.0,0,0,0,0,0
17143,2.8,1.9,34714,336,3,12,2
17145,0.4,0.3,0,8,0,0,0
17147,0.0,0.0,0,0,0,0,0
17149,0.0,0.0,0,0,0,0,0
17151,0.0,0.0,0,0,0,0,1
17153,0.1,0.0,1036,10,0,0,0
17155,0.0,0.0,0,0,0,0,0
17157,0.0,0.0,0,0,0,0,0
17159,0.0,0.0,0,0,0,0,0
17161,5.1,3.6,35640,1085,6,20,1
17163,5.1,3.8,31231,1510,3,16,4
17165,0.0,0.0,0,0,0,0,0
17167,2.9,1.6,56685,293,4,12,1
17169,0.0,0.0,0,0,0,0,0
17171,0.0,0.0,0,0,0,0,0
17173,0.0,0.0,0,0,0,0,0
17175,0.0,0.0,0,0,0,0,0
17177,0.0,0.0,0,0,0,0,0
17179,1.0,0.7,8740,64,1,2,0
17181,0.0,0.0,0,0,0,0,0
17183,1.2,0.6,4631,172,3,3,0
17185,0.0,0.0,0,0,0,0,0
17187,0.0,0.0,0,0,0,0,0
17189,0.1,0.0,151,4,0,0,0
17191,0.0,0.0,0,0,0,0,0
17193,0.0,0.0,0,0,0,0,0
17195,0.0,0.0,46,4,0,0,0
17197,1.7,1.0,15170,129,1,8,3
17199,0.0,0.0,0,0,0,0,0
17201,2.4,1.4,38588,207,3,18,1
17203,0.0,0.0,0,0,0,0,0
18001,0.0,0.0,0,0,0,0,0
18003,2.1,1.2,23030,185,3,8,0
18005,0.0,0.0,0,0,0,0,0
18007,0.0,0.0,0,0,0,0,0
18009,0.0,0.0,0,0,0,0,0
18011,0.0,0.0,0,0,0,0,0
18013,0.0,0.0,0,0,0,0,0
18015,0.0,0.0,0,0,0,0,0
18017,0.0,0.0,0,0,0,0,0
18019,1.8,1.0,41590,138,1,6,0
18021,0.0,0.0,0,0,0,0,0
18023,0.0,0.0,0,0,0,0,0
18025,0.0,0.0,0,0,0,0,0
18027,0.0,0.0,0,0,0,0,0
18029,0.0,0.0,0,0,0,0,0
18031,0.0,0.0,0,0,0,0,0
18033,0.1,0.1,22,2,0,0,0
18035,3.0,1.5,16631,502,3,9,1
18037,0.0,0.0,0,0,0,0,0
18039,1.8,0.9,13441,193,1,6,0
18041,0.3,0.1,0,1,0,0,0
18043,1.3,0.7,25405,105,1,4,0
18045,0.0,0.0,0,0,0,0,0
18047,0.0,0.0,0,0,0,0,0
18049,0.0,0.0,0,0,0,0,0
18051,0.0,0.0,0,0,0,0,0
18053,0.0,0.0,0,0,0,0,0
18055,0.0,0.0,0,0,0,0,0
18057,0.0,0.0,0,0,0,0,0
18059,0.0,0.0,0,0,0,0,0
18061,0.0,0.0,0,0,0,0,0
18063,0.2,0.1,2990,24,0,1,0
18065,0.0,0.0,0,0,0,0,0
18067,0.0,0.0,0,0,0,0,0
18069,0.0,0.0,0,0,0,0,0
18071,0.0,0.0,0,0,0,0,0
18073,0.2,0.1,0,1,0,0,0
18075,0.0,0.0,0,0,0,0,0
18077,0.0,0.0,0,0,0,0,0
18079,0.0,0.0,0,0,0,0,0
18081,0.5,0.2,3230,62,0,1,0
18083,0.0,0.0,0,0,0,0,0
18085,0.0,0.0,0,0,0,0,0
18087,0.0,0.0,0,0,0,0,0
18089,1.0,0.6,4812,58,1,2,2
18091,0.7,0.5,233,21,0,0,0
18093,0.0,0.0,0,0,0,0,0
18095,0.0,0.0,0,0,0,0,0
18097,4.8,2.5,107458,1486,3,22,1
18099,0.0,0.0,0,0,0,0,0
18101,0.0,0.0,0,0,0,0,0
18103,0.0,0.0,0,0,0,0,0
18105,3.0,2.0,28219,462,5,8,4
18107,0.2,0.1,0,1,0,0,0
18109,0.0,0.0,0,0,0,0,0
18111,0.0,0.0,0,0,0,0,0
18113,0.0,0.0,0,0,0,0,0
18115,0.0,0.0,0,0,0,0,0
18117,0.0,0.0,0,0,0,0,0
18119,0.0,0.0,0,0,0,0,1
18121,0.0,0.0,0,0,0,0,0
18123,0.0,0.0,0,0,0,0,0
18125,0.0,0.0,0,0,0,0,0
18127,0.8,0.4,4550,44,0,2,1
18129,0.0,0.0,0,0,0,0,0
18131,0.0,0.0,0,0,0,0,0
18133,0.0,0.0,0,0,0,0,0
18135,0.0,0.0,0,0,0,0,0
18137,0.0,0.0,0,0,0,0,0
18139,0.0,0.0,0,0,0,0,0
18141,3.0,1.8,26394,368,3,10,1
18143,0.0,0.0,0,0,0,0,0
18145,0.0,0.0,0,0,0,0,0
18147,0.0,0.0,0,0,0,0,0
18149,0.0,0.0,0,0,0,0,0
18151,0.0,0.0,0,0,0,0,0
18153,0.0,0.0,0,0,0,0,0
18155,0.0,0.0,0,0,0,0,0
18157,4.2,3.3,35306,1130,5,13,3
18159,0.0,0.0,0,0,0,0,0
18161,0.0,0.0,0,0,0,0,0
18163,2.8,1.6,30068,281,3,9,1
18165,0.0,0.0,0,0,0,0,0
18167,1.6,0.8,7424,133,2,3,1
18169,0.0,0.0,0,0,0,0,0
18171,0.0,0.0,0,0,0,0,0
18173,0.1,0.0,1728,8,0,0,0
18175,0.0,0.0,0,0,0,0,0
18177,0.0,0.0,0,0,0,0,0
18179,0.0,0.0,0,0,0,0,0
18181,0.0,0.0,0,0,0,0,0
18183,0.0,0.0,0,0,0,0,0
19001,0.0,0.0,0,0,0,0,0
19003,0.0,0.0,0,0,0,0,0
19005,0.0,0.0,0,0,0,0,0
19007,0.0,0.0,0,0,0,0,0
19009,0.0,0.0,0,0,0,0,0
19011,0.0,0.0,0,0,0,0,0
19013,1.8,1.2,7132,221,3,2,0
19015,0.0,0.0,0,0,0,0,0
19017,0.0,0.0,0,0,0,0,0
19019,0.0,0.0,0,0,0,0,0
19021,0.0,0.0,0,0,0,0,0
19023,0.0,0.0,0,0,0,0,0
19025,0.0,0.0,0,0,0,0,0
19027,0.0,0.0,0,0,0,0,0
19029,0.0,0.0,0,0,0,0,0
19031,0.0,0.0,0,0,0,0,0
19033,1.9,0.8,4827,187,2,3,0
19035,0.0,0.0,0,0,0,0,0
19037,0.0,0.0,0,0,0,0,0
19039,0.5,0.3,0,6,0,0,0
19041,0.0,0.0,0,0,0,0,0
19043,0.0,0.0,0,0,0,0,0
19045,1.9,0.9,5435,158,2,4,0
19047,0.0,0.0,0,0,0,0,0
19049,0.9,0.4,25827,89,1,4,0
19051,0.0,0.0,0,0,0,0,0
19053,0.0,0.0,0,0,0,0,0
19055,0.0,0.0,0,0,0,0,0
19057,1.4,0.1,8976,40,3,7,0
19059,0.0,0.0,0,0,0,0,0
19061,3.1,1.2,20387,511,6,8,1
19063,0.0,0.0,0,0,0,0,0
19065,0.0,0.0,0,0,0,0,0
19067,0.0,0.0,0,0,0,0,0
19069,0.0,0.0,0,0,0,0,0
19071,0.0,0.0,0,0,0,0,0
19073,0.0,0.0,0,0,0,0,0
19075,0.0,0.0,0,0,0,0,0
19077,0.0,0.0,0,0,0,0,0
19079,0.0,0.0,0,0,0,0,0
19081,0.0,0.0,0,0,0,0,0
19083,0.0,0.0,0,0,0,0,0
19085,0.0,0.0,0,0,0,0,0
19087,0.3,0.2,0,3,0,0,0
19089,0.0,0.0,0,0,0,0,0
19091,0.0,0.0,0,0,0,0,0
19093,0.0,0.0,0,0,0,0,0
19095,0.0,0.0,0,0,0,0,0
19097,0.0,0.0,0,0,0,0,0
19099,0.0,0.0,0,0,0,0,0
19101,0.0,0.0,0,0,0,0,0
19103,3.4,2.6,41759,765,9,13,6
19105,0.0,0.0,0,0,0,0,0
19107,0.0,0.0,0,0,0,0,0
19109,0.0,0.0,0,0,0,0,0
19111,0.2,0.1,0,1,0,0,0
19113,2.5,1.3,34350,200,2,11,0
19115,0.0,0.0,0,0,0,0,0
19117,0.0,0.0,0,0,0,0,0
19119,0.0,0.0,0,0,0,0,0
19121,0.0,0.0,0,0,0,0,0
19123,0.8,0.0,2536,16,0,2,0
19125,0.0,0.0,0,0,0,0,0
19127,1.3,0.0,7400,89,3,3,0
19129,0.0,0.0,0,0,0,0,1
19131,0.0,0.0,0,0,0,0,0
19133,0.0,0.0,0,0,0,0,0
19135,0.0,0.0,0,0,0,0,0
19137,0.0,0.0,0,0,0,0,0
19139,1.9,0.0,7190,130,2,4,0
19141,0.0,0.0,0,0,0,0,3
19143,0.0,0.0,0,0,0,0,0
19145,0.0,0.0,0,0,0,0,0
19147,0.0,0.0,0,0,0,0,0
19149,0.0,0.0,0,0,0,0,0
19151,0.0,0.0,0,0,0,0,0
19153,3.3,1.9,84268,531,3,17,1
19155,1.6,0.8,23582,146,1,4,1
19157,0.0,0.0,0,0,0,0,0
19159,0.0,0.0,0,0,0,0,0
19161,0.0,0.0,0,0,0,0,0
19163,2.2,2.3,13175,249,3,4,0
19165,0.0,0.0,0,0,0,0,0
19167,0.0,0.0,0,0,0,0,0
19169,4.2,3.2,20856,1223,7,9,5
19171,0.0,0.0,0,0,0,0,0
19173,0.0,0.0,0,0,0,0,0
19175,0.5,0.3,0,2,0,0,0
19177,0.0,0.0,0,0,0,0,1
19179,0.2,0.1,0,1,0,0,0
19181,0.1,0.0,3935,3,0,1,0
19183,0.0,0.0,0,0,0,0,0
19185,0.0,0.0,0,0,0,0,0
19187,2.3,0.9,8910,248,5,6,0
19189,0.0,0.0,0,0,0,0,0
19191,0.0,0.0,0,0,0,0,0
19193,2.9,1.3,20795,248,3,10,1
19195,0.0,0.0,0,0,0,0,0
19197,0.0,0.0,0,0,0,0,0
20001,0.0,0.0,0,0,0,0,0
20003,0.0,0.0,0,0,0,0,0
20005,0.0,0.0,0,0,0,0,0
20007,0.0,0.0,0,0,0,0,0
20009,0.0,0.0,0,0,0,0,0
20011,0.0,0.0,0,0,0,0,0
20013,0.0,0.0,0,0,0,0,0
20015,0.0,0.0,0,0,0,0,0
20017,0.0,0.0,0,0,0,0,1
20019,0.0,0.0,0,0,0,0,0
20021,0.0,0.0,0,0,0,0,0
20023,0.0,0.0,0,0,0,0,0
20025,0.0,0.0,0,0,0,0,0
20027,0.0,0.0,0,0,0,0,0
20029,0.0,0.0,0,0,0,0,0
20031,0.0,0.0,0,0,0,0,0
20033,0.0,0.0,0,0,0,0,0
20035,0.0,0.0,0,0,0,0,0
20037,0.0,0.0,0,0,0,0,0
20039,0.0,0.0,0,0,0,0,0
20041,0.0,0.0,0,0,0,0,0
20043,0.1,0.0,0,0,1,0,0
20045,4.3,2.5,26769,1298,6,10,2
20047,0.0,0.0,0,0,0,0,0
20049,0.0,0.0,0,0,0,0,0
20051,0.0,0.0,0,0,0,0,0
20053,0.0,0.0,0,0,0,0,0
20055,0.2,0.1,0,1,0,0,0
20057,0.3,0.2,0,2,0,0,0
20059,0.0,0.0,0,0,0,0,0
20061,0.0,0.0,0,0,0,0,0
20063,0.0,0.0,0,0,0,0,0
20065,0.0,0.0,0,0,0,0,0
20067,0.0,0.0,0,0,0,0,0
20069,0.0,0.0,0,0,0,0,0
20071,0.0,0.0,0,0,0,0,0
20073,0.0,0.0,0,0,0,0,0
20075,0.0,0.0,0,0,0,0,0
20077,0.0,0.0,0,0,0,0,0
20079,0.4,0.2,0,2,0,0,0
20081,0.0,0.0,0,0,0,0,0
20083,0.0,0.0,0,0,0,0,0
20085,0.0,0.0,0,0,0,0,0
20087,0.0,0.0,0,0,0,0,0
20089,0.0,0.0,0,0,0,0,0
20091,1.9,0.8,51483,177,2,11,0
20093,0.0,0.0,0,0,0,0,0
20095,0.0,0.0,0,0,0,0,0
20097,0.0,0.0,0,0,0,0,0
20099,0.0,0.0,0,0,0,0,0
20101,0.0,0.0,0,0,0,0,0
20103,0.0,0.0,0,0,0,0,0
20105,0.0,0.0,0,0,0,0,0
20107,0.0,0.0,0,0,0,0,0
20109,0.0,0.0,0,0,0,0,0
20111,0.0,0.0,0,0,0,0,0
20113,0.0,0.0,0,0,0,0,0
20115,0.0,0.0,0,0,0,0,0
20117,0.0,0.0,0,0,0,0,0
20119,0.0,0.0,0,0,0,0,0
20121,0.0,0.0,0,0,0,0,0
20123,0.0,0.0,0,0,0,0,0
20125,0.0,0.0,0,0,0,0,0
20127,0.0,0.0,0,0,0,0,0
20129,0.0,0.0,0,0,0,0,0
20131,0.0,0.0,0,0,0,0,0
20133,0.0,0.0,0,0,0,0,0
20135,0.0,0.0,0,0,0,0,0
20137,0.0,0.0,0,0,0,0,0
20139,0.0,0.0,0,0,0,0,0
20141,0.0,0.0,0,0,0,0,0
20143,0.0,0.0,0,0,0,0,0
20145,0.0,0.0,0,0,0,0,0
20147,0.0,0.0,0,0,0,0,0
20149,0.0,0.0,0,0,0,0,0
20151,0.0,0.0,0,0,0,0,0
20153,0.0,0.0,0,0,0,0,0
20155,0.2,0.1,0,1,0,0,0
20157,0.0,0.0,0,0,0,0,0
20159,0.0,0.0,0,0,0,0,0
20161,0.0,0.0,0,0,0,0,0
20163,0.0,0.0,0,0,0,0,0
20165,0.0,0.0,0,0,0,0,0
20167,0.0,0.0,0,0,0,0,0
20169,2.8,1.6,10288,287,2,5,0
20171,0.0,0.0,0,0,0,0,0
20173,2.1,1.2,34153,177,2,10,0
20175,0.0,0.0,0,0,0,0,0
20177,2.5,1.3,38251,258,3,11,0
20179,0.0,0.0,0,0,0,0,0
20181,0.0,0.0,0,0,0,0,0
20183,0.0,0.0,0,0,0,0,0
20185,0.0,0.0,0,0,0,0,0
20187,0.0,0.0,0,0,0,0,1
20189,0.0,0.0,0,0,0,0,0
20191,0.0,0.0,0,0,0,0,0
20193,0.0,0.0,0,0,0,0,0
20195,0.0,0.0,0,0,0,0,0
20197,0.0,0.0,0,0,0,0,0
20199,0.0,0.0,0,0,0,0,0
20201,0.0,0.0,0,0,0,0,0
20203,0.0,0.0,0,0,0,0,0
20205,0.0,0.0,0,0,0,0,0
20207,0.0,0.0,0,0,0,0,0
20209,3.4,2.1,53417,473,3,15,1
21001,0.0,0.0,0,0,0,0,0
21003,0.0,0.0,0,0,0,0,0
21005,0.0,0.0,0,0,0,0,0
21007,0.0,0.0,0,0,0,0,2
21009,0.0,0.0,0,0,0,0,0
21011,0.0,0.0,0,0,0,0,0
21013,0.0,0.0,0,0,0,0,0
21015,1.5,0.7,25837,127,1,4,0
21017,0.0,0.0,0,0,0,0,0
21019,1.7,1.0,11539,87,2,7,0
21021,0.6,0.0,2571,21,1,1,0
21023,0.0,0.0,0,0,0,0,0
21025,0.0,0.0,0,0,0,0,0
21027,0.0,0.0,0,0,0,0,1
21029,0.4,0.1,3608,9,0,2,0
21031,0.0,0.0,0,0,0,0,0
21033,0.0,0.0,0,0,0,0,0
21035,0.0,0.0,0,0,0,0,0
21037,3.5,2.4,73897,501,4,13,2
21039,0.0,0.0,0,0,0,0,0
21041,0.0,0.0,0,0,0,0,0
21043,0.0,0.0,0,0,0,0,0
21045,0.0,0.0,0,0,0,0,0
21047,0.1,0.0,138,4,0,0,0
21049,0.0,0.0,0,0,0,0,0
21051,0.0,0.0,0,0,0,0,0
21053,0.0,0.0,0,0,0,0,0
21055,0.0,0.0,0,0,0,0,0
21057,0.0,0.0,0,0,0,0,0
21059,2.2,1.3,17068,173,2,6,0
21061,0.0,0.0,0,0,0,0,0
21063,0.0,0.0,0,0,0,0,0
21065,0.0,0.0,0,0,0,0,0
21067,3.8,2.0,52947,609,3,10,2
21069,0.0,0.0,0,0,0,0,0
21071,0.0,0.0,0,0,0,0,0
21073,0.0,0.0,0,0,0,0,0
21075,0.2,0.1,0,2,0,0,0
21077,0.0,0.0,0,0,0,0,0
21079,0.0,0.0,0,0,0,0,0
21081,0.0,0.0,0,0,0,0,0
21083,0.0,0.0,0,0,0,0,0
21085,0.0,0.0,0,0,0,0,0
21087,0.0,0.0,0,0,0,0,0
21089,0.1,0.1,766,3,0,0,0
21091,0.0,0.0,0,0,0,0,0
21093,0.0,0.0,0,0,0,0,0
21095,0.0,0.0,0,0,0,0,0
21097,0.0,0.0,0,0,0,0,0
21099,0.0,0.0,0,0,0,0,0
21101,1.6,1.3,5977,115,2,4,0
21103,0.0,0.0,0,0,0,0,0
21105,0.0,0.0,0,0,0,0,0
21107,0.0,0.0,0,0,0,0,0
21109,0.0,0.0,0,0,0,0,2
21111,4.3,2.9,99721,704,4,22,2
21113,0.7,0.0,2178,26,1,1,0
21115,0.0,0.0,0,0,0,0,0
21117,3.2,2.3,74818,576,5,15,2
21119,0.0,0.0,0,0,0,0,0
21121,0.0,0.0,0,0,0,0,0
21123,0.0,0.0,0,0,0,0,0
21125,0.0,0.0,0,0,0,0,0
21127,0.0,0.0,0,0,0,0,0
21129,0.0,0.0,0,0,0,0,0
21131,0.0,0.0,0,0,0,0,1
21133,0.0,0.0,0,0,0,0,0
21135,0.0,0.0,0,0,0,0,0
21137,0.0,0.0,0,0,0,0,0
21139,0.0,0.0,0,0,0,0,0
21141,0.0,0.0,0,0,0,0,0
21143,0.0,0.0,0,0,0,0,0
21145,1.1,0.6,9191,60,1,4,0
21147,0.0,0.0,0,0,0,0,0
21149,0.0,0.0,0,0,0,0,0
21151,0.0,0.0,0,0,0,0,0
21153,0.0,0.0,0,0,0,0,0
21155,0.0,0.0,0,0,0,0,0
21157,0.0,0.0,0,0,0,0,0
21159,0.0,0.0,201,1,0,0,0
21161,0.1,0.1,0,0,0,0,0
21163,0.0,0.0,0,0,0,0,0
21165,0.0,0.0,0,0,0,0,1
21167,0.0,0.0,0,0,0,0,0
21169,0.0,0.0,0,0,0,0,0
21171,0.0,0.0,0,0,0,0,0
21173,0.0,0.0,0,0,0,0,0
21175,0.0,0.0,0,0,0,0,0
21177,0.0,0.0,0,0,0,0,0
21179,0.0,0.0,0,0,0,0,0
21181,0.0,0.0,0,0,0,0,1
21183,0.0,0.0,0,0,0,0,0
21185,0.2,0.1,3687,13,0,0,0
21187,0.0,0.0,0,0,0,0,0
21189,0.0,0.0,0,0,0,0,0
21191,0.0,0.0,0,0,0,0,0
21193,0.0,0.0,0,0,0,0,0
21195,0.0,0.0,127,1,0,0,0
21197,0.0,0.0,0,0,0,0,0
21199,0.0,0.0,0,0,0,0,0
21201,0.0,0.0,0,0,0,0,0
21203,0.0,0.0,0,0,0,0,0
21205,0.0,0.0,0,0,0,0,1
21207,0.0,0.0,0,0,0,0,0
21209,0.6,0.0,1033,27,0,1,0
21211,0.0,0.0,0,0,0,0,0
21213,0.0,0.0,0,0,0,0,0
21215,0.0,0.0,0,0,0,0,0
21217,0.0,0.0,0,0,0,0,0
21219,0.0,0.0,0,0,0,0,0
21221,0.0,0.0,0,0,0,0,0
21223,0.0,0.0,0,0,0,0,0
21225,0.0,0.0,0,0,0,0,0
21227,1.2,0.6,11293,69,2,3,0
21229,0.0,0.0,0,0,0,0,1
21231,0.0,0.0,0,0,0,0,0
21233,0.0,0.0,0,0,0,0,0
21235,0.0,0.0,0,0,0,0,0
21237,0.0,0.0,0,0,0,0,0
21239,0.0,0.0,0,0,0,0,0
22001,0.0,0.0,0,0,0,0,0
22003,0.0,0.0,0,0,0,0,0
22005,0.0,0.0,0,0,0,0,0
22007,0.0,0.0,0,0,0,0,0
22009,0.0,0.0,0,0,0,0,0
22011,0.0,0.0,0,0,0,0,0
22013,0.0,0.0,0,0,0,0,0
22015,0.9,0.4,35472,49,1,20,0
22017,2.8,1.5,68917,284,2,39,1
22019,0.9,0.5,7174,40,1,2,0
22021,0.0,0.0,0,0,0,0,0
22023,0.0,0.0,0,0,0,0,0
22025,0.0,0.0,0,0,0,0,0
22027,0.0,0.0,0,0,0,0,0
22029,0.0,0.0,0,0,0,0,0
22031,0.0,0.0,0,0,0,0,0
22033,3.2,1.9,48624,466,3,14,1
22035,0.0,0.0,0,0,0,0,0
22037,0.0,0.0,0,0,0,0,0
22039,0.0,0.0,0,0,0,0,0
22041,0.0,0.0,0,0,0,0,0
22043,0.0,0.0,0,0,0,0,0
22045,0.2,0.1,49,0,0,0,0
22047,0.0,0.0,0,0,0,0,0
22049,0.0,0.0,0,0,0,0,0
22051,2.7,1.6,82208,193,2,16,1
22053,0.0,0.0,0,0,0,0,0
22055,1.9,1.1,31344,173,2,10,0
22057,0.5,0.3,3546,26,0,2,0
22059,0.0,0.0,0,0,0,0,1
22061,0.0,0.0,0,0,0,0,0
22063,0.0,0.0,0,0,0,0,0
22065,0.0,0.0,0,0,0,0,0
22067,0.0,0.0,0,0,0,0,0
22069,0.0,0.0,0,0,0,0,0
22071,7.4,9.1,124481,1737,6,29,7
22073,1.4,0.8,19832,106,2,10,1
22075,0.1,0.0,3150,55,0,1,0
22077,0.0,0.0,0,0,0,0,0
22079,0.0,0.0,0,0,0,0,1
22081,0.0,0.0,0,0,0,0,0
22083,0.0,0.0,0,0,0,0,0
22085,0.0,0.0,0,0,0,0,0
22087,1.8,0.8,6429,195,1,2,1
22089,0.0,0.0,0,0,0,0,0
22091,0.0,0.0,0,0,0,0,0
22093,0.0,0.0,0,0,0,0,0
22095,0.0,0.0,0,0,0,0,0
22097,0.0,0.0,0,0,0,0,0
22099,0.0,0.0,0,0,0,0,0
22101,0.0,0.0,0,0,0,0,0
22103,0.0,0.0,12,0,0,0,0
22105,0.1,0.0,0,0,0,0,0
22107,0.0,0.0,0,0,0,0,0
22109,1.6,0.8,14277,109,1,6,0
22111,0.0,0.0,0,0,0,0,0
22113,0.0,0.0,0,0,0,0,0
22115,0.0,0.0,0,0,0,0,0
22117,0.0,0.0,0,0,0,0,0
22119,0.0,0.0,0,0,0,0,0
22121,0.0,0.0,0,0,0,0,0
22123,0.0,0.0,0,0,0,0,0
22125,0.0,0.0,0,0,0,0,0
22127,0.0,0.0,0,0,0,0,1
23001,1.2,0.6,7491,102,2,2,0
23003,0.0,0.0,0,0,0,0,0
23005,2.6,1.4,33046,486,3,9,1
23007,0.0,0.0,0,0,0,0,0
23009,0.0,0.0,0,0,0,0,0
23011,0.7,0.3,6829,46,1,3,0
23013,0.0,0.0,0,0,0,0,0
23015,0.0,0.0,0,0,0,0,0
23017,0.0,0.0,0,0,0,0,0
23019,1.2,0.6,12074,98,2,6,0
23021,0.0,0.0,0,0,0,0,0
23023,0.1,0.0,0,0,0,0,0
23025,0.1,0.0,579,2,0,0,0
23027,0.0,0.0,0,0,0,0,0
23029,0.0,0.0,0,0,0,0,0
23031,0.8,0.4,6026,46,1,2,0
24001,1.8,0.9,12591,136,3,11,0
24003,2.4,2.1,45956,384,2,9,3
24005,4.4,5.0,83893,902,3,16,5
24009,1.2,0.6,2992,120,2,4,3
24011,0.6,0.2,2362,23,1,2,0
24013,0.4,0.2,1907,17,1,1,0
24015,1.0,0.5,6217,83,1,5,1
24017,2.3,1.3,9703,301,4,10,6
24019,1.5,0.6,3999,133,3,4,0
24021,1.9,1.1,38610,181,4,9,3
24023,0.0,0.0,4,0,0,0,0
24025,1.6,0.9,12715,112,2,6,1
24027,2.9,1.7,135489,368,4,21,4
24029,0.4,0.2,1003,17,0,1,2
24031,6.9,8.6,228284,3054,10,48,16
24033,5.9,6.4,110582,1709,7,32,16
24035,0.8,0.3,4637,95,3,2,2
24037,1.6,0.6,7554,274,3,6,2
24039,1.1,0.5,3182,138,2,3,0
24041,1.3,0.6,7856,111,4,4,1
24043,1.1,0.5,4113,141,2,1,1
24045,1.2,0.5,7332,116,2,2,0
24047,1.7,1.2,3621,190,2,3,2
24510,8.4,17.0,289911,3930,11,49,18
25001,1.2,0.7,3110,129,2,2,1
25003,1.6,0.7,6275,174,2,2,1
25005,2.4,2.1,20935,212,3,8,2
25007,3.6,2.5,2851,1048,5,6,4
25009,3.8,2.9,44523,563,4,11,6
25011,1.4,0.7,5860,136,2,3,1
25013,4.4,2.5,54176,1269,4,14,2
25015,2.7,1.6,18332,750,3,7,3
25017,5.3,6.8,230700,1864,6,23,12
25019,4.0,4.0,3470,592,3,5,1
25021,4.9,6.8,159808,1353,3,22,15
25023,2.3,1.6,15902,292,2,6,5
25025,9.2,23.7,614647,7663,15,46,33
25027,2.3,1.2,23913,355,3,6,1
26001,0.0,0.0,0,0,0,0,0
26003,0.0,0.0,0,0,0,0,2
26005,0.2,0.1,1741,15,0,1,0
26007,0.0,0.0,0,0,0,0,0
26009,0.0,0.0,0,0,0,0,0
26011,0.2,0.1,2264,14,0,4,0
26013,0.0,0.0,0,0,0,0,0
26015,0.0,0.0,0,0,0,0,0
26017,2.8,1.6,20793,309,3,27,0
26019,0.0,0.0,0,0,0,0,1
26021,0.2,0.1,55,2,0,0,0
26023,0.0,0.0,0,0,0,0,0
26025,1.6,1.0,10586,136,2,6,0
26027,0.2,0.2,381,3,0,0,0
26029,0.0,0.0,0,0,0,0,0
26031,0.0,0.0,0,0,0,0,1
26033,0.0,0.0,0,0,0,0,0
26035,0.0,0.0,0,0,0,0,1
26037,0.4,0.2,6889,94,0,2,1
26039,0.0,0.0,0,0,0,0,0
26041,0.0,0.0,0,0,0,0,0
26043,0.0,0.0,0,0,0,0,0
26045,0.8,0.4,15728,93,0,3,1
26047,0.0,0.0,0,0,0,0,0
26049,1.9,1.2,13581,252,1,9,1
26051,0.0,0.0,0,0,0,0,0
26053,0.0,0.0,0,0,0,0,0
26055,2.1,1.1,10476,447,2,4,1
26057,0.0,0.0,0,0,0,0,0
26059,0.0,0.0,0,0,0,0,0
26061,0.0,0.0,0,0,0,0,0
26063,0.0,0.0,0,0,0,0,0
26065,4.3,2.8,69396,878,4,18,3
26067,0.0,0.0,0,0,0,0,0
26069,0.0,0.0,0,0,0,0,0
26071,0.0,0.0,0,0,0,0,0
26073,0.0,0.0,0,0,0,0,1
26075,1.0,0.5,2802,91,1,1,0
26077,2.7,1.3,24528,293,3,9,1
26079,0.0,0.0,0,0,0,0,0
26081,3.7,2.7,58890,990,3,16,2
26083,0.0,0.0,0,0,0,0,0
26085,0.0,0.0,0,0,0,0,0
26087,0.1,0.1,31,1,0,0,0
26089,0.5,0.1,3393,75,1,1,0
26091,0.0,0.0,0,0,0,0,0
26093,0.0,0.0,0,0,0,0,0
26095,0.0,0.0,0,0,0,0,0
26097,0.0,0.0,0,0,0,0,2
26099,2.5,1.5,52595,284,2,23,0
26101,0.0,0.0,0,0,0,0,0
26103,1.4,0.6,3311,137,2,2,0
26105,0.0,0.0,0,0,0,0,0
26107,0.1,0.0,12,6,0,0,0
26109,0.0,0.0,0,0,0,0,0
26111,0.3,0.1,2970,19,0,3,0
26113,0.0,0.0,0,0,0,0,0
26115,0.8,0.4,3359,94,1,2,1
26117,0.0,0.0,0,0,0,0,0
26119,0.0,0.0,0,0,0,0,0
26121,1.4,0.7,5672,111,2,5,0
26123,0.0,0.0,0,0,0,0,0
26125,2.0,1.2,63852,263,2,17,0
26127,0.0,0.0,0,0,0,0,0
26129,0.0,0.0,0,0,0,0,0
26131,0.0,0.0,0,0,0,0,0
26133,0.0,0.0,0,0,0,0,0
26135,0.0,0.0,0,0,0,0,0
26137,0.0,0.0,0,0,0,0,0
26139,1.1,0.6,7575,234,1,3,0
26141,0.0,0.0,0,0,0,0,0
26143,0.0,0.0,0,0,0,0,0
26145,1.8,1.1,14963,219,2,7,0
26147,1.4,0.8,4883,151,1,3,0
26149,0.0,0.0,0,0,0,0,0
26151,0.0,0.0,0,0,0,0,0
26153,0.0,0.0,0,0,0,0,1
26155,0.1,0.0,26,1,0,0,0
26157,0.0,0.0,0,0,0,0,0
26159,0.0,0.0,0,1,0,0,0
26161,4.8,3.1,61656,2282,6,15,5
26163,4.1,3.1,93998,918,4,36,3
26165,0.0,0.0,0,0,0,0,0
27001,0.0,0.0,0,0,0,0,0
27003,2.4,1.8,46945,258,2,12,3
27005,0.3,0.2,0,4,0,0,0
27007,0.0,0.0,0,0,0,0,2
27009,2.4,1.4,26180,257,3,9,1
27011,0.0,0.0,0,0,0,0,0
27013,0.0,0.0,0,0,0,0,1
27015,0.0,0.0,0,0,0,0,0
27017,0.0,0.0,0,0,0,0,0
27019,0.6,0.3,10438,49,1,1,2
27021,0.0,0.0,0,0,0,0,0
27023,0.0,0.0,0,0,0,0,1
27025,0.0,0.0,0,1,0,0,1
27027,3.1,1.7,17640,500,3,7,1
27029,0.0,0.0,0,0,0,0,0
27031,0.0,0.0,0,0,0,0,1
27033,0.0,0.0,0,0,0,0,0
27035,0.0,0.0,0,0,0,0,0
27037,2.9,2.4,61951,390,3,12,3
27039,0.5,0.2,10111,12,1,1,1
27041,0.0,0.0,0,0,0,0,0
27043,0.0,0.0,0,0,0,0,0
27045,0.2,0.1,3094,12,0,0,2
27047,0.0,0.0,0,0,0,0,0
27049,0.3,0.2,3281,6,0,0,1
27051,0.0,0.0,0,0,0,0,0
27053,5.5,6.3,199848,1996,9,34,7
27055,0.4,0.2,1680,11,0,0,0
27057,0.0,0.0,0,0,0,0,0
27059,0.0,0.0,0,0,0,0,1
27061,0.0,0.0,0,0,0,0,0
27063,0.0,0.0,0,0,0,0,0
27065,0.0,0.0,0,0,0,0,0
27067,0.0,0.0,0,0,0,0,0
27069,0.0,0.0,0,0,0,0,1
27071,0.0,0.0,0,0,0,0,1
27073,0.0,0.0,0,0,0,0,0
27075,0.0,0.0,0,0,0,0,0
27077,0.0,0.0,0,0,0,0,0
27079,0.0,0.0,0,0,0,0,0
27081,0.0,0.0,0,0,0,0,0
27083,0.0,0.0,0,0,0,0,0
27085,0.0,0.0,0,0,0,0,0
27087,0.0,0.0,0,0,0,0,1
27089,0.0,0.0,0,0,0,0,0
27091,0.0,0.0,0,0,0,0,1
27093,0.0,0.0,0,0,0,0,0
27095,0.0,0.0,0,0,0,0,0
27097,0.0,0.0,0,0,0,0,0
27099,0.2,0.1,302,7,0,0,1
27101,0.0,0.0,0,0,0,0,0
27103,0.0,0.0,0,0,0,0,0
27105,0.0,0.0,0,0,0,0,0
27107,0.0,0.0,0,0,0,0,0
27109,0.4,1.7,9571,28,3,1,5
27111,0.0,0.0,0,0,0,0,0
27113,0.0,0.0,0,0,0,0,0
27115,0.0,0.0,0,0,0,0,0
27117,0.0,0.0,0,0,0,0,0
27119,0.6,0.4,3433,46,1,2,0
27121,0.0,0.0,0,0,0,0,0
27123,6.0,6.8,191877,1657,6,34,7
27125,0.0,0.0,0,0,0,0,0
27127,0.0,0.0,0,0,0,0,0
27129,0.0,0.0,0,0,0,0,0
27131,0.0,0.0,0,0,0,0,0
27133,0.0,0.0,0,0,0,0,0
27135,0.0,0.0,0,0,0,0,0
27137,2.4,1.6,20672,470,3,9,2
27139,1.2,0.8,8611,164,1,3,1
27141,0.7,0.4,4545,78,1,2,1
27143,0.0,0.0,0,0,0,0,0
27145,2.1,1.3,23403,333,3,8,1
27147,0.1,0.0,23,1,0,0,1
27149,0.0,0.0,0,0,0,0,1
27151,0.0,0.0,0,0,0,0,0
27153,0.1,0.1,0,3,0,0,0
27155,0.0,0.0,0,0,0,0,0
27157,0.5,0.1,2340,20,0,1,1
27159,0.0,0.0,0,0,0,0,0
27161,0.0,0.0,0,0,0,0,0
27163,1.1,0.6,16928,81,1,5,2
27165,0.0,0.0,0,0,0,0,0
27167,0.0,0.0,0,0,0,0,1
27169,0.5,0.3,211,11,0,0,2
27171,0.0,0.0,0,0,0,0,0
27173,0.0,0.0,0,0,0,0,0
28001,0.0,0.0,0,0,0,0,0
28003,0.0,0.0,0,0,0,0,0
28005,0.0,0.0,0,0,0,0,2
28007,0.0,0.0,0,0,0,0,0
28009,0.0,0.0,0,0,0,0,0
28011,0.0,0.0,0,0,0,0,0
28013,0.0,0.0,0,0,0,0,0
28015,0.0,0.0,0,0,0,0,0
28017,0.0,0.0,0,0,0,0,0
28019,0.0,0.0,0,0,0,0,0
28021,0.0,0.0,0,0,0,0,0
28023,0.0,0.0,0,0,0,0,0
28025,0.0,0.0,0,0,0,0,0
28027,0.0,0.0,0,0,0,0,0
28029,0.2,0.1,48,2,0,0,0
28031,0.0,0.0,0,0,0,0,0
28033,0.0,0.0,590,1,0,0,0
28035,1.3,0.7,8014,66,1,4,0
28037,0.0,0.0,0,0,0,0,0
28039,0.0,0.0,0,0,0,0,1
28041,0.0,0.0,0,0,0,0,0
28043,0.0,0.0,0,0,0,0,0
28045,0.0,0.0,0,0,0,0,0
28047,1.6,0.9,15328,148,1,7,0
28049,1.9,0.9,18592,171,2,5,0
28051,0.0,0.0,0,0,0,0,1
28053,0.0,0.0,0,0,0,0,0
28055,0.0,0.0,0,0,0,0,0
28057,0.0,0.0,0,0,0,0,0
28059,0.4,0.2,3577,21,0,1,0
28061,0.0,0.0,0,0,0,0,0
28063,0.0,0.0,0,0,0,0,0
28065,0.0,0.0,0,0,0,0,1
28067,0.1,0.1,0,1,0,0,0
28069,0.0,0.0,0,0,0,0,0
28071,0.0,0.0,0,0,0,0,0
28073,0.3,0.1,3222,14,0,1,0
28075,0.1,0.1,0,0,0,0,0
28077,0.0,0.0,0,0,0,0,0
28079,0.0,0.0,0,0,0,0,0
28081,0.0,0.0,0,0,0,0,0
28083,0.4,0.3,0,2,0,0,0
28085,0.2,0.1,430,2,0,0,0
28087,0.0,0.0,0,0,0,0,0
28089,0.1,0.0,554,7,0,0,0
28091,0.0,0.0,0,0,0,0,0
28093,0.0,0.0,0,0,0,0,0
28095,0.0,0.0,0,0,0,0,0
28097,0.0,0.0,0,0,0,0,0
28099,0.0,0.0,0,0,0,0,0
28101,0.0,0.0,0,0,0,0,0
28103,0.0,0.0,0,0,0,0,0
28105,0.0,0.0,0,0,0,0,0
28107,0.0,0.0,0,0,0,0,0
28109,0.1,0.1,42,1,0,0,0
28111,0.0,0.0,0,0,0,0,0
28113,0.2,0.1,38,2,0,0,0
28115,0.0,0.0,0,0,0,0,0
28117,0.0,0.0,0,0,0,0,0
28119,0.3,0.0,0,4,0,0,0
28121,0.0,0.0,716,2,0,0,0
28123,0.0,0.0,0,0,0,0,0
28125,0.0,0.0,0,0,0,0,2
28127,0.0,0.0,0,0,0,0,0
28129,0.0,0.0,0,0,0,0,0
28131,0.0,0.0,0,0,0,0,0
28133,0.0,0.0,0,0,0,0,0
28135,0.0,0.0,0,0,0,0,0
28137,0.0,0.0,0,0,0,0,0
28139,0.0,0.0,0,0,0,0,0
28141,0.0,0.0,0,0,0,0,0
28143,0.0,0.0,0,0,0,0,0
28145,0.0,0.0,0,0,0,0,0
28147,0.0,0.0,0,0,0,0,0
28149,0.0,0.0,0,0,0,0,0
28151,0.0,0.0,0,0,0,0,0
28153,0.0,0.0,0,0,0,0,1
28155,0.0,0.0,0,0,0,0,0
28157,0.0,0.0,0,0,0,0,0
28159,0.0,0.0,0,0,0,0,0
28161,0.0,0.0,0,0,0,0,0
28163,0.3,0.2,0,2,0,0,0
29001,0.0,0.0,0,0,0,0,0
29003,0.3,0.1,1769,31,0,1,0
29005,0.0,0.0,0,0,0,0,0
29007,0.0,0.0,0,0,0,0,0
29009,0.0,0.0,0,0,0,0,0
29011,0.0,0.0,0,0,0,0,0
29013,0.0,0.0,0,0,0,0,0
29015,0.0,0.0,0,0,0,0,0
29017,0.0,0.0,0,0,0,0,1
29019,2.5,1.3,33230,287,2,11,1
29021,3.1,1.8,18523,337,3,11,0
29023,0.2,0.1,0,2,0,0,0
29025,0.0,0.0,0,0,0,0,0
29027,0.0,0.0,0,0,0,0,0
29029,0.0,0.0,0,0,0,0,0
29031,0.0,0.0,0,0,0,0,0
29033,0.0,0.0,0,0,0,0,0
29035,0.0,0.0,0,0,0,0,0
29037,0.0,0.0,0,0,0,0,0
29039,0.0,0.0,0,0,0,0,0
29041,0.0,0.0,0,0,0,0,0
29043,0.0,0.0,0,0,0,0,0
29045,0.0,0.0,0,0,0,0,0
29047,1.8,0.9,42339,188,2,11,0
29049,0.0,0.0,0,0,0,0,0
29051,1.8,1.0,15941,117,2,5,0
29053,0.0,0.0,0,0,0,0,0
29055,0.0,0.0,0,0,0,0,0
29057,0.0,0.0,0,0,0,0,0
29059,0.0,0.0,0,0,0,0,0
29061,0.0,0.0,0,0,0,0,0
29063,0.0,0.0,0,0,0,0,0
29065,0.0,0.0,0,0,0,0,0
29067,0.0,0.0,0,0,0,0,0
29069,0.0,0.0,0,0,0,0,0
29071,0.1,0.1,7,1,0,0,0
29073,0.2,0.1,143,5,0,0,0
29075,0.0,0.0,0,0,0,0,0
29077,2.6,1.5,37377,309,2,11,0
29079,0.0,0.0,0,0,0,0,1
29081,0.0,0.0,0,0,0,0,0
29083,0.0,0.0,0,0,0,0,0
29085,0.0,0.0,0,0,0,0,0
29087,0.0,0.0,0,0,0,0,0
29089,0.0,0.0,0,0,0,0,0
29091,0.0,0.0,0,0,0,0,0
29093,0.2,0.0,0,7,0,0,0
29095,3.5,2.9,71586,865,4,20,2
29097,0.7,0.3,3020,33,1,1,0
29099,0.5,0.2,2033,25,1,1,0
29101,0.3,0.2,72,3,0,0,0
29103,0.0,0.0,0,0,0,0,0
29105,0.0,0.0,0,0,0,0,0
29107,0.0,0.0,0,0,0,0,0
29109,0.0,0.0,0,0,0,0,0
29111,0.0,0.0,0,0,0,0,0
29113,0.0,0.0,0,0,0,0,0
29115,0.0,0.0,0,0,0,0,0
29117,0.0,0.0,0,0,0,0,0
29119,0.0,0.0,0,0,0,0,0
29121,0.1,0.0,0,1,0,0,0
29123,0.0,0.0,0,0,0,0,0
29125,0.0,0.0,0,0,0,0,0
29127,0.0,0.0,0,0,0,0,0
29129,0.0,0.0,0,0,0,0,1
29131,0.0,0.0,0,0,0,0,0
29133,0.0,0.0,0,0,0,0,0
29135,0.0,0.0,0,0,0,0,0
29137,0.0,0.0,0,0,0,0,0
29139,0.0,0.0,0,0,0,0,0
29141,0.0,0.0,0,0,0,0,0
29143,0.0,0.0,0,0,0,0,0
29145,0.2,0.1,1161,12,0,0,0
29147,0.0,0.0,0,0,0,0,0
29149,0.0,0.0,0,0,0,0,2
29151,0.0,0.0,0,0,0,0,0
29153,0.0,0.0,0,0,0,0,0
29155,0.0,0.0,0,0,0,0,0
29157,0.0,0.0,0,0,0,0,0
29159,0.3,0.2,84,2,0,0,0
29161,0.0,0.0,0,0,0,0,0
29163,0.0,0.0,0,0,0,0,0
29165,1.9,1.1,41049,281,1,11,0
29167,0.0,0.0,0,0,0,0,0
29169,0.0,0.0,0,0,0,0,0
29171,0.0,0.0,0,0,0,0,0
29173,0.0,0.0,0,0,0,0,0
29175,0.0,0.0,0,0,0,0,0
29177,0.0,0.0,0,0,0,0,0
29179,0.0,0.0,0,0,0,0,0
29181,0.0,0.0,0,0,0,0,0
29183,0.3,0.2,3128,17,0,1,0
29185,0.0,0.0,0,0,0,0,0
29186,0.0,0.0,0,0,0,0,0
29187,0.0,0.0,0,0,0,0,0
29189,5.1,3.1,82218,1356,3,24,2
29195,0.0,0.0,0,0,0,0,0
29197,0.0,0.0,0,0,0,0,0
29199,0.0,0.0,0,0,0,0,0
29201,0.0,0.0,0,0,0,0,0
29203,0.0,0.0,0,0,0,0,0
29205,0.0,0.0,0,0,0,0,0
29207,0.0,0.0,0,0,0,0,0
29209,0.0,0.0,0,0,0,0,0
29211,0.0,0.0,0,0,0,0,0
29213,0.0,0.0,0,0,0,0,0
29215,0.0,0.0,0,0,0,0,0
29217,0.0,0.0,0,0,0,0,0
29219,0.0,0.0,0,0,0,0,0
29221,0.0,0.0,0,0,0,0,0
29223,0.0,0.0,0,0,0,0,0
29225,0.0,0.0,0,0,0,0,0
29227,0.0,0.0,0,0,0,0,0
29229,0.0,0.0,0,0,0,0,0
29510,8.4,8.4,199125,4495,7,45,9
30001,0.0,0.0,0,0,0,0,0
30003,0.0,0.0,0,0,0,0,0
30005,0.0,0.0,0,0,0,0,1
30007,0.0,0.0,0,0,0,0,0
30009,0.0,0.0,0,0,0,0,1
30011,0.0,0.0,0,0,0,0,0
30013,0.0,0.0,0,0,0,0,0
30015,0.0,0.0,0,0,0,0,0
30017,0.0,0.0,0,0,0,0,0
30019,0.0,0.0,0,0,0,0,0
30021,0.0,0.0,0,0,0,0,0
30023,0.0,0.0,0,0,0,0,0
30025,0.0,0.0,0,0,0,0,0
30027,0.0,0.0,0,0,0,0,0
30029,0.1,0.1,0,2,0,0,0
30031,1.1,0.7,12265,55,2,5,0
30033,0.0,0.0,0,0,0,0,0
30035,0.6,0.3,0,13,0,0,0
30037,0.0,0.0,0,0,0,0,0
30039,0.0,0.0,0,0,0,0,0
30041,0.5,0.3,0,3,0,0,0
30043,0.0,0.0,0,0,0,0,0
30045,0.0,0.0,0,0,0,0,0
30047,0.0,0.0,0,0,0,0,0
30049,0.0,0.0,0,0,0,0,0
30051,0.0,0.0,0,0,0,0,0
30053,0.3,0.2,0,4,0,0,0
30055,0.0,0.0,0,0,0,0,0
30057,0.0,0.0,0,0,0,0,0
30059,0.0,0.0,0,0,0,0,0
30061,0.0,0.0,0,0,0,0,0
30063,3.5,2.4,26057,717,4,9,2
30065,0.0,0.0,0,0,0,0,0
30067,0.2,0.0,989,4,0,1,1
30069,0.0,0.0,0,0,0,0,0
30071,0.8,0.6,0,15,0,0,1
30073,0.0,0.0,0,0,0,0,0
30075,0.0,0.0,0,0,0,0,0
30077,0.0,0.0,0,0,0,0,0
30079,0.0,0.0,0,0,0,0,0
30081,0.0,0.0,0,0,0,0,0
30083,0.0,0.0,0,0,0,0,0
30085,0.4,0.3,0,4,0,0,1
30087,0.0,0.0,0,0,0,0,0
30089,0.0,0.0,0,0,0,0,0
30091,0.0,0.0,0,0,0,0,0
30093,2.5,1.4,9980,175,3,7,0
30095,0.0,0.0,0,0,0,0,2
30097,0.0,0.0,0,0,0,0,8
30099,0.0,0.0,0,0,0,0,0
30101,1.0,0.7,0,17,0,0,0
30103,0.0,0.0,0,0,0,0,0
30105,0.6,0.4,0,8,0,0,0
30107,0.0,0.0,0,0,0,0,1
30109,0.0,0.0,0,0,0,0,0
30111,2.6,1.5,37809,249,5,15,0
31001,0.4,0.3,0,2,0,0,0
31003,0.0,0.0,0,0,0,0,0
31005,0.0,0.0,0,0,0,0,0
31007,0.0,0.0,0,0,0,0,0
31009,0.0,0.0,0,0,0,0,0
31011,0.0,0.0,0,0,0,0,0
31013,0.0,0.0,0,0,0,0,0
31015,0.0,0.0,0,0,0,0,0
31017,0.0,0.0,0,0,0,0,0
31019,0.0,0.0,0,0,0,0,0
31021,0.0,0.0,0,0,0,0,0
31023,0.0,0.0,0,0,0,0,0
31025,0.0,0.0,0,0,0,0,0
31027,0.0,0.0,0,0,0,0,0
31029,0.0,0.0,0,0,0,0,0
31031,0.0,0.0,0,0,0,0,0
31033,0.0,0.0,0,0,0,0,0
31035,0.0,0.0,0,0,0,0,0
31037,0.0,0.0,0,0,0,0,0
31039,0.0,0.0,0,0,0,0,0
31041,0.0,0.0,0,0,0,0,0
31043,1.9,0.7,17683,101,1,9,0
31045,0.0,0.0,0,0,0,0,0
31047,0.0,0.0,0,0,0,0,0
31049,0.0,0.0,0,0,0,0,0
31051,0.0,0.0,0,0,0,0,0
31053,0.0,0.0,0,0,0,0,0
31055,4.1,3.4,63332,1232,3,14,1
31057,0.0,0.0,0,0,0,0,0
31059,0.0,0.0,0,0,0,0,0
31061,0.0,0.0,0,0,0,0,0
31063,0.0,0.0,0,0,0,0,0
31065,0.0,0.0,0,0,0,0,0
31067,0.0,0.0,0,0,0,0,0
31069,0.0,0.0,0,0,0,0,0
31071,0.0,0.0,0,0,0,0,0
31073,0.0,0.0,0,0,0,0,1
31075,0.0,0.0,0,0,0,0,0
31077,0.0,0.0,0,0,0,0,1
31079,0.0,0.0,0,0,0,0,0
31081,0.0,0.0,0,0,0,0,0
31083,0.0,0.0,0,0,0,0,0
31085,0.0,0.0,0,0,0,0,0
31087,0.0,0.0,0,0,0,0,0
31089,0.0,0.0,0,0,0,0,0
31091,0.0,0.0,0,0,0,0,1
31093,0.0,0.0,0,0,0,0,0
31095,0.0,0.0,0,0,0,0,0
31097,0.0,0.0,0,0,0,0,0
31099,0.0,0.0,0,0,0,0,0
31101,0.0,0.0,0,0,0,0,1
31103,0.0,0.0,0,0,0,0,0
31105,0.0,0.0,0,0,0,0,0
31107,0.0,0.0,0,0,0,0,0
31109,3.4,1.9,66512,352,3,21,1
31111,0.0,0.0,0,0,0,0,0
31113,0.0,0.0,0,0,0,0,0
31115,0.0,0.0,0,0,0,0,0
31117,0.0,0.0,0,0,0,0,0
31119,0.0,0.0,0,0,0,0,0
31121,0.0,0.0,0,0,0,0,0
31123,0.0,0.0,0,0,0,0,0
31125,0.0,0.0,0,0,0,0,0
31127,0.0,0.0,0,0,0,0,0
31129,0.0,0.0,0,0,0,0,0
31131,0.0,0.0,0,0,0,0,0
31133,0.0,0.0,0,0,0,0,0
31135,0.0,0.0,0,0,0,0,0
31137,0.5,0.3,0,3,0,0,0
31139,0.0,0.0,0,0,0,0,0
31141,0.0,0.0,0,0,0,0,0
31143,0.0,0.0,0,0,0,0,0
31145,0.5,0.3,0,2,0,0,0
31147,0.0,0.0,0,0,0,0,0
31149,0.0,0.0,0,0,0,0,0
31151,0.0,0.0,0,0,0,0,0
31153,0.3,0.2,6391,22,0,1,0
31155,0.0,0.0,0,0,0,0,0
31157,0.0,0.0,0,0,0,0,0
31159,0.0,0.0,0,0,0,0,0
31161,0.0,0.0,0,0,0,0,0
31163,0.0,0.0,0,0,0,0,0
31165,0.0,0.0,0,0,0,0,0
31167,0.0,0.0,0,0,0,0,0
31169,0.0,0.0,0,0,0,0,0
31171,0.0,0.0,0,0,0,0,0
31173,0.0,0.0,0,0,0,0,1
31175,0.0,0.0,0,0,0,0,0
31177,0.0,0.0,0,0,0,0,0
31179,0.0,0.0,0,0,0,0,0
31181,0.0,0.0,0,0,0,0,0
31183,0.0,0.0,0,0,0,0,0
31185,0.0,0.0,0,0,0,0,0
32001,0.0,0.0,0,0,0,0,0
32003,4.8,3.2,119359,1070,3,27,3
32005,0.8,0.4,2918,80,1,1,0
32007,0.1,0.1,0,1,0,0,15
32009,0.0,0.0,0,0,0,0,0
32011,0.0,0.0,0,0,0,0,9
32013,0.4,0.2,0,3,0,0,15
32015,0.0,0.0,0,0,0,0,11
32017,0.0,0.0,0,0,0,0,0
32019,0.0,0.0,0,0,0,0,0
32021,0.0,0.0,0,0,0,0,0
32023,0.0,0.0,0,0,0,0,1
32027,0.0,0.0,0,0,0,0,1
32029,0.0,0.0,0,0,0,0,1
32031,3.2,1.7,46685,730,3,11,2
32033,0.0,0.0,0,0,0,0,1
32510,2.7,0.3,14222,202,3,6,0
33001,0.0,0.0,0,0,0,0,0
33003,0.0,0.0,0,0,0,0,0
33005,0.7,0.3,3396,53,1,1,0
33007,0.0,0.0,0,0,0,0,0
33009,0.9,0.4,7941,155,2,3,1
33011,1.7,1.0,22804,129,2,6,0
33013,0.6,0.3,7141,37,1,2,0
33015,0.6,0.4,4269,58,0,2,0
33017,2.3,1.4,18568,389,2,12,2
33019,0.1,0.1,147,1,0,0,0
34001,3.8,2.9,27039,804,3,14,6
34003,6.4,5.9,251232,1552,7,37,15
34005,2.7,1.9,27142,271,2,10,3
34007,5.2,4.6,145662,930,4,28,7
34009,2.1,1.2,7277,206,1,7,2
34011,2.3,1.2,10664,354,2,11,1
34013,7.5,10.0,231451,3022,9,40,21
34015,2.8,1.5,35967,356,3,19,2
34017,9.1,19.1,1187924,4604,14,33,43
34019,0.7,0.4,6488,32,0,2,2
34021,4.6,3.9,58713,824,5,19,8
34023,4.1,3.0,58041,505,4,15,9
34025,3.3,2.4,19931,320,2,10,8
34027,2.7,1.9,37102,195,2,10,5
34029,1.6,0.8,13032,178,1,7,1
34031,6.0,5.6,153217,1317,6,38,9
34033,1.8,1.0,5664,150,1,6,1
34035,2.3,1.3,27474,224,3,8,5
34037,0.7,0.3,1548,49,1,1,1
34039,6.4,6.0,154307,1042,5,30,12
34041,1.5,0.7,5287,96,1,3,1
35001,4.5,2.9,105638,804,5,30,1
35003,0.0,0.0,0,0,0,0,0
35005,0.0,0.0,0,0,0,0,0
35006,0.0,0.0,0,0,0,0,0
35007,0.4,0.3,0,2,0,0,0
35009,0.0,0.0,0,0,0,0,0
35011,0.0,0.0,0,0,0,0,0
35013,1.8,0.9,20183,186,2,8,0
35015,0.8,0.0,2005,38,1,1,0
35017,0.0,0.0,0,0,0,0,0
35019,0.0,0.0,0,0,0,0,0
35021,0.0,0.0,0,0,0,0,0
35023,0.8,0.6,0,5,0,0,0
35025,0.0,0.0,0,0,0,0,0
35027,0.0,0.0,0,0,0,0,0
35028,0.6,0.3,10430,76,1,5,3
35029,0.3,0.2,0,2,0,0,0
35031,0.4,0.1,1095,18,1,1,0
35033,0.0,0.0,0,0,0,0,0
35035,0.0,0.0,0,0,0,0,0
35037,0.0,0.0,0,0,0,0,0
35039,1.5,0.5,8390,266,3,8,1
35041,0.0,0.0,0,0,0,0,0
35043,0.9,0.5,5330,49,1,3,1
35045,1.0,0.5,5557,63,2,3,0
35047,0.5,0.2,9121,15,0,2,0
35049,3.3,2.2,28389,538,5,12,1
35051,0.0,0.0,0,0,0,0,0
35053,0.0,0.0,0,0,0,0,0
35055,1.5,0.4,4195,311,3,6,0
35057,0.1,0.0,21,3,0,0,0
35059,0.0,0.0,0,0,0,0,0
35061,0.8,0.5,1005,30,1,1,0
36001,5.3,4.3,95883,2218,8,21,6
36003,0.1,0.0,248,4,0,0,0
36005,9.7,29.5,879842,12585,14,37,62
36007,2.9,1.8,40213,300,3,16,3
36009,0.0,0.0,2,1,0,0,0
36011,1.8,1.6,9721,186,2,12,1
36013,1.6,0.8,8911,108,3,6,0
36015,0.1,0.0,215,2,0,0,2
36017,0.0,0.0,0,0,0,0,0
36019,0.3,0.1,2,24,0,0,0
36021,0.3,0.2,21,8,0,0,2
36023,0.0,0.0,0,0,0,0,0
36025,0.0,0.0,7,2,0,0,1
36027,2.0,1.5,12202,196,2,5,5
36029,4.3,3.8,84023,892,4,23,3
36031,0.1,0.1,44,6,0,0,0
36033,0.0,0.0,0,0,0,0,0
36035,0.8,0.0,1943,35,1,1,0
36037,0.0,0.0,0,0,0,0,0
36039,0.0,0.0,0,0,0,0,1
36041,0.0,0.0,0,0,0,0,0
36043,0.1,0.0,875,9,0,0,1
36045,0.0,0.0,0,0,0,0,0
36047,9.7,34.5,1216216,12632,13,41,64
36049,0.0,0.0,0,0,0,0,0
36051,0.9,0.3,2329,85,2,2,0
36053,0.0,0.0,0,0,0,0,0
36055,3.5,2.3,87248,558,4,22,3
36057,0.4,0.1,1013,8,1,0,1
36059,5.9,5.5,139112,1101,5,28,17
36061,9.9,52.6,2599093,22918,41,50,63
36063,2.2,1.4,12564,218,1,6,0
36065,2.5,2.2,19992,279,3,8,1
36067,3.3,2.9,77703,417,4,24,3
36069,0.1,0.0,1452,5,0,0,0
36071,0.9,0.3,2620,82,1,2,5
36073,0.0,0.0,0,0,0,0,0
36075,0.3,0.1,8318,6,0,9,0
36077,0.0,0.0,0,0,0,0,2
36079,1.4,1.0,5075,142,1,3,8
36081,9.4,23.8,864524,8911,13,41,53
36083,3.5,2.2,38859,891,3,11,3
36085,8.6,12.3,257810,4786,13,35,30
36087,2.2,1.4,16449,198,2,7,9
36089,0.4,0.1,1241,19,1,1,0
36091,1.2,0.6,8415,200,1,3,0
36093,4.7,3.7,40791,1152,3,16,4
36095,0.0,0.0,0,0,0,0,1
36097,0.0,0.0,0,0,0,0,0
36099,0.0,0.0,1375,7,0,1,0
36101,1.1,0.0,3552,104,2,2,0
36103,3.8,1.7,61720,431,3,25,6
36105,0.5,0.0,1707,58,1,2,2
36107,0.1,0.0,866,4,0,0,0
36109,3.3,2.3,26787,995,8,23,6
36111,0.9,0.4,3070,84,2,2,2
36113,1.4,0.7,13808,164,3,6,0
36115,0.7,0.4,5854,43,0,2,0
36117,0.2,0.0,1472,4,0,0,0
36119,7.3,8.5,156477,3498,8,29,23
36121,0.3,0.1,366,13,0,0,0
36123,0.0,0.0,0,0,0,0,0
37001,0.3,0.1,2960,11,0,1,0
37003,0.3,0.0,646,17,0,0,0
37005,0.0,0.0,0,0,0,0,0
37007,0.0,0.0,0,0,0,0,0
37009,0.0,0.0,0,0,0,0,0
37011,0.0,0.0,0,0,0,0,0
37013,0.0,0.0,0,2,0,0,0
37015,0.0,0.0,0,0,0,0,0
37017,0.0,0.0,0,0,0,0,0
37019,0.3,0.1,317,16,0,1,0
37021,1.9,1.0,25108,302,2,8,0
37023,0.0,0.0,0,0,0,0,0
37025,1.4,0.7,10420,177,1,5,0
37027,0.0,0.0,0,0,0,0,0
37029,0.0,0.0,0,0,0,0,0
37031,0.0,0.0,0,1,0,0,0
37033,0.0,0.0,0,0,0,0,0
37035,0.8,0.3,7142,57,1,3,0
37037,0.1,0.0,2292,29,0,0,0
37039,0.0,0.0,0,0,0,0,0
37041,0.0,0.0,0,0,0,0,0
37043,0.0,0.0,0,0,0,0,0
37045,0.0,0.0,0,0,0,0,0
37047,0.0,0.0,0,0,0,0,0
37049,0.4,0.2,2550,22,1,1,0
37051,2.1,1.5,12792,307,2,6,0
37053,0.3,0.1,0,19,0,0,0
37055,0.1,0.0,0,4,0,0,0
37057,0.2,0.0,1050,8,0,0,0
37059,0.0,0.0,0,0,0,0,0
37061,0.0,0.0,0,0,0,0,0
37063,4.2,2.7,52817,1088,6,15,3
37065,1.0,0.6,5429,78,2,3,0
37067,2.2,1.3,43339,327,3,15,1
37069,0.0,0.0,0,0,0,0,0
37071,0.8,0.5,7351,58,1,4,0
37073,0.0,0.0,0,0,0,0,0
37075,0.0,0.0,0,0,0,0,0
37077,0.0,0.0,0,0,0,0,0
37079,0.0,0.0,0,0,0,0,0
37081,2.7,1.6,40046,416,3,12,1
37083,0.0,0.0,0,0,0,0,0
37085,0.0,0.0,0,0,0,0,0
37087,0.0,0.0,0,0,0,0,0
37089,0.1,0.0,1304,7,0,0,0
37091,0.0,0.0,0,0,0,0,0
37093,0.0,0.0,0,0,0,0,1
37095,0.3,0.2,0,29,0,0,1
37097,0.0,0.0,159,1,0,0,0
37099,0.0,0.0,0,0,0,0,0
37101,0.1,0.1,8427,7,0,2,0
37103,0.0,0.0,0,0,0,0,0
37105,0.0,0.0,0,0,0,0,0
37107,0.0,0.0,0,0,0,0,0
37109,0.0,0.0,0,0,0,0,0
37111,0.0,0.0,0,0,0,0,0
37113,0.0,0.0,0,0,0,0,0
37115,0.0,0.0,0,0,0,0,0
37117,0.0,0.0,0,0,0,0,0
37119,4.4,2.7,116365,1115,4,23,3
37121,0.0,0.0,0,0,0,0,0
37123,0.0,0.0,0,0,0,0,0
37125,0.1,0.0,0,0,0,0,0
37127,1.0,0.5,7454,73,1,5,0
37129,2.1,1.1,21099,212,3,8,1
37131,0.0,0.0,0,0,0,0,0
37133,0.8,0.4,3068,68,0,1,0
37135,3.5,2.2,45233,1191,7,15,7
37137,0.3,0.2,0,60,0,0,0
37139,0.0,0.0,0,0,0,0,0
37141,0.0,0.0,0,0,0,0,0
37143,0.0,0.0,0,0,0,0,0
37145,0.0,0.0,0,0,0,0,0
37147,1.3,0.6,13779,79,1,4,1
37149,0.0,0.0,0,0,0,0,0
37151,0.2,0.0,1371,11,0,0,0
37153,0.1,0.1,0,0,0,0,0
37155,0.0,0.0,0,0,0,0,0
37157,0.0,0.0,0,0,0,0,0
37159,0.8,0.5,4734,40,1,3,0
37161,0.0,0.0,0,0,0,0,0
37163,0.0,0.0,0,0,0,0,0
37165,0.0,0.0,0,0,0,0,0
37167,0.0,0.0,0,0,0,0,0
37169,0.1,0.0,6323,2,0,3,0
37171,0.1,0.0,3668,3,0,1,0
37173,0.0,0.0,0,0,0,0,0
37175,0.0,0.0,0,0,0,0,0
37177,0.0,0.0,0,0,0,0,0
37179,0.1,0.0,32,4,0,0,0
37181,0.0,0.0,0,0,0,0,0
37183,2.8,1.8,74970,742,5,18,1
37185,0.0,0.0,0,0,0,0,0
37187,0.0,0.0,0,0,0,0,0
37189,0.0,0.0,0,0,0,0,2
37191,0.8,0.4,4611,57,1,3,0
37193,0.0,0.0,0,0,0,0,0
37195,0.2,0.0,0,0,0,0,0
37197,0.0,0.0,0,0,0,0,0
37199,0.0,0.0,0,0,0,0,0
38001,0.0,0.0,0,0,0,0,0
38003,0.0,0.0,0,0,0,0,1
38005,0.0,0.0,0,0,0,0,0
38007,0.0,0.0,0,0,0,0,2
38009,0.0,0.0,0,0,0,0,0
38011,0.0,0.0,0,0,0,0,0
38013,0.0,0.0,0,0,0,0,0
38015,2.6,1.4,33499,198,4,11,0
38017,3.2,1.9,42957,409,3,10,0
38019,0.0,0.0,0,0,0,0,0
38021,0.0,0.0,0,0,0,0,0
38023,0.0,0.0,0,0,0,0,0
38025,0.0,0.0,0,0,0,0,0
38027,0.0,0.0,0,0,0,0,0
38029,0.0,0.0,0,0,0,0,0
38031,0.0,0.0,0,0,0,0,0
38033,0.0,0.0,0,0,0,0,0
38035,3.3,2.1,20634,336,5,8,0
38037,0.0,0.0,0,0,0,0,0
38039,0.0,0.0,0,0,0,0,0
38041,0.0,0.0,0,0,0,0,0
38043,0.0,0.0,0,0,0,0,0
38045,0.0,0.0,0,0,0,0,0
38047,0.0,0.0,0,0,0,0,0
38049,0.0,0.0,0,0,0,0,0
38051,0.0,0.0,0,0,0,0,0
38053,0.0,0.0,0,0,0,0,0
38055,0.0,0.0,0,0,0,0,0
38057,0.0,0.0,0,0,0,0,0
38059,1.5,0.7,17488,58,2,8,0
38061,0.3,0.2,0,0,0,0,0
38063,0.0,0.0,0,0,0,0,0
38065,0.0,0.0,0,0,0,0,0
38067,0.0,0.0,0,0,0,0,0
38069,0.8,0.6,0,0,0,0,0
38071,0.7,0.5,0,0,0,0,0
38073,0.0,0.0,0,0,0,0,0
38075,0.0,0.0,0,0,0,0,0
38077,0.0,0.0,0,0,0,0,0
38079,0.0,0.0,0,0,0,0,0
38081,0.0,0.0,0,0,0,0,0
38083,0.0,0.0,0,0,0,0,0
38085,0.0,0.0,0,0,0,0,0
38087,0.0,0.0,0,0,0,0,1
38089,0.0,0.0,0,0,0,0,0
38091,0.0,0.0,0,0,0,0,0
38093,0.0,0.0,0,0,0,0,0
38095,0.0,0.0,0,0,0,0,0
38097,0.0,0.0,0,0,0,0,0
38099,0.0,0.0,0,0,0,0,0
38101,0.3,0.2,0,0,0,0,0
38103,0.0,0.0,0,0,0,0,0
38105,0.3,0.2,0,0,0,0,0
39001,0.0,0.0,0,0,0,0,0
39003,1.3,0.7,10061,61,2,5,0
39005,0.0,0.0,0,0,0,0,0
39007,0.0,0.0,0,0,0,0,0
39009,1.7,1.0,5966,273,2,3,0
39011,0.0,0.0,0,0,0,0,0
39013,0.7,0.3,4862,45,1,3,0
39015,0.0,0.0,0,0,0,0,0
39017,1.2,0.4,7885,102,2,4,0
39019,0.0,0.0,0,0,0,0,0
39021,0.0,0.0,0,0,0,0,0
39023,0.9,0.5,3658,55,1,2,0
39025,0.1,0.1,343,3,0,0,0
39027,0.0,0.0,0,0,0,0,0
39029,0.0,0.0,130,6,0,0,0
39031,0.0,0.0,0,0,0,0,0
39033,0.0,0.0,0,0,0,0,0
39035,7.0,5.1,110142,4229,4,28,5
39037,0.0,0.0,0,0,0,0,0
39039,0.0,0.0,0,0,0,0,0
39041,0.8,0.4,8580,80,1,2,0
39043,0.3,0.2,0,3,0,0,0
39045,0.0,0.0,0,0,0,0,0
39047,0.0,0.0,0,0,0,0,0
39049,4.4,3.1,107604,1055,3,21,2
39051,0.0,0.0,0,0,0,0,0
39053,0.0,0.0,0,0,0,0,0
39055,0.0,0.0,0,0,0,0,0
39057,0.4,0.2,6436,44,0,2,0
39059,0.6,0.3,3550,30,1,2,0
39061,4.5,3.5,130033,1019,5,35,3
39063,0.0,0.0,0,0,0,0,0
39065,0.0,0.0,0,0,0,0,0
39067,0.0,0.0,0,0,0,0,0
39069,0.0,0.0,0,0,0,0,0
39071,0.0,0.0,0,0,0,0,0
39073,0.0,0.0,0,0,0,0,0
39075,0.0,0.0,0,0,0,0,0
39077,0.0,0.0,0,0,0,0,0
39079,0.0,0.0,0,0,0,0,0
39081,0.2,0.1,503,6,0,0,0
39083,0.0,0.0,0,0,0,0,0
39085,2.2,1.1,36422,262,2,11,0
39087,0.6,0.2,9120,20,1,3,0
39089,0.1,0.1,747,24,0,0,0
39091,0.0,0.0,0,0,0,0,0
39093,0.6,0.3,2620,30,1,1,0
39095,3.0,1.6,55292,346,3,25,1
39097,0.0,0.0,0,0,0,0,0
39099,2.2,1.2,28270,155,2,18,1
39101,0.0,0.0,0,0,0,0,0
39103,0.3,0.1,1348,15,0,1,0
39105,0.0,0.0,0,0,0,0,0
39107,0.0,0.0,0,0,0,0,0
39109,0.0,0.0,0,0,0,0,0
39111,0.0,0.0,0,0,0,0,1
39113,4.4,2.9,70677,760,4,28,2
39115,0.0,0.0,0,0,0,0,0
39117,0.0,0.0,0,0,0,0,1
39119,1.0,0.5,4471,73,1,2,0
39121,0.0,0.0,0,0,0,0,0
39123,0.0,0.0,0,0,0,0,1
39125,0.0,0.0,0,0,0,0,0
39127,0.0,0.0,0,0,0,0,0
39129,0.0,0.0,0,0,0,0,0
39131,0.0,0.0,0,0,0,0,0
39133,1.5,0.8,15450,244,1,7,0
39135,0.0,0.0,0,0,0,0,0
39137,0.0,0.0,0,0,0,0,0
39139,1.1,0.5,8425,98,2,5,1
39141,0.0,0.0,0,0,0,0,0
39143,0.0,0.0,0,0,0,0,0
39145,0.0,0.0,0,0,0,0,0
39147,0.0,0.0,0,0,0,0,0
39149,0.0,0.0,0,0,0,0,0
39151,2.5,1.4,28921,339,2,11,1
39153,3.4,2.0,48697,541,3,18,1
39155,0.5,0.2,7000,22,0,3,0
39157,0.0,0.0,0,0,0,0,0
39159,0.0,0.0,0,0,0,0,0
39161,0.0,0.0,0,0,0,0,0
39163,0.0,0.0,0,0,0,0,0
39165,0.3,0.1,6395,14,0,2,0
39167,0.0,0.0,0,0,0,0,0
39169,0.0,0.0,0,0,0,0,0
39171,0.3,0.2,50,4,0,0,0
39173,0.3,0.1,10008,14,0,3,0
39175,0.0,0.0,0,0,0,0,0
40001,0.0,0.0,0,0,0,0,0
40003,0.0,0.0,0,0,0,0,0
40005,0.0,0.0,0,0,0,0,0
40007,0.0,0.0,0,0,0,0,0
40009,0.0,0.0,0,0,0,0,0
40011,0.0,0.0,0,0,0,0,0
40013,0.6,0.3,1763,67,1,0,0
40015,0.0,0.0,0,0,0,0,0
40017,0.0,0.0,0,0,0,0,0
40019,0.2,0.1,0,1,0,0,0
40021,0.0,0.0,0,0,0,0,0
40023,0.0,0.0,0,0,0,0,0
40025,0.0,0.0,0,0,0,0,0
40027,1.2,0.7,14655,113,1,4,0
40029,0.0,0.0,0,0,0,0,0
40031,0.0,0.0,0,0,0,0,0
40033,0.0,0.0,0,0,0,0,0
40035,0.0,0.0,0,0,0,0,0
40037,0.0,0.0,896,4,0,0,0
40039,0.0,0.0,0,0,0,0,0
40041,0.0,0.0,0,0,0,0,0
40043,0.0,0.0,0,0,0,0,0
40045,0.0,0.0,0,0,0,0,0
40047,0.0,0.0,0,0,0,0,0
40049,0.1,0.1,44,1,0,0,0
40051,0.0,0.0,0,0,0,0,0
40053,0.0,0.0,0,0,0,0,0
40055,0.0,0.0,0,0,0,0,0
40057,0.0,0.0,0,0,0,0,0
40059,0.0,0.0,0,0,0,0,0
40061,0.0,0.0,0,0,0,0,0
40063,0.0,0.0,0,0,0,0,1
40065,0.0,0.0,0,0,0,0,0
40067,0.0,0.0,0,0,0,0,0
40069,0.0,0.0,0,0,0,0,0
40071,0.0,0.0,0,0,0,0,0
40073,0.0,0.0,0,0,0,0,0
40075,0.0,0.0,0,0,0,0,0
40077,0.0,0.0,0,0,0,0,0
40079,0.0,0.0,0,0,0,0,0
40081,0.0,0.0,0,0,0,0,0
40083,0.0,0.0,0,0,0,0,0
40085,0.0,0.0,0,0,0,0,0
40087,0.1,0.1,352,1,0,0,0
40089,0.0,0.0,0,0,0,0,0
40091,0.0,0.0,0,0,0,0,0
40093,0.0,0.0,0,0,0,0,0
40095,0.0,0.0,0,0,0,0,0
40097,0.0,0.0,0,0,0,0,0
40099,0.0,0.0,0,0,0,0,0
40101,0.0,0.0,0,0,0,0,0
40103,0.0,0.0,0,0,0,0,0
40105,0.0,0.0,0,0,0,0,0
40107,0.0,0.0,0,0,0,0,0
40109,2.4,1.4,77366,257,2,19,0
40111,0.0,0.0,0,0,0,0,0
40113,0.4,0.2,7873,49,0,2,0
40115,0.0,0.0,0,0,0,0,0
40117,0.0,0.0,0,0,0,0,0
40119,0.0,0.0,0,0,0,0,1
40121,0.0,0.0,0,0,0,0,0
40123,0.0,0.0,0,0,0,0,0
40125,0.0,0.0,0,0,0,0,0
40127,0.0,0.0,0,0,0,0,0
40129,0.0,0.0,0,0,0,0,0
40131,0.0,0.0,0,0,0,0,0
40133,0.0,0.0,0,0,0,0,0
40135,0.0,0.0,0,0,0,0,0
40137,0.0,0.0,0,0,0,0,0
40139,0.0,0.0,0,0,0,0,0
40141,0.0,0.0,0,0,0,0,0
40143,2.6,1.4,48609,279,2,13,0
40145,0.0,0.0,0,0,0,0,0
40147,0.0,0.0,0,0,0,0,0
40149,0.0,0.0,0,0,0,0,0
40151,0.0,0.0,0,0,0,0,0
40153,0.0,0.0,0,0,0,0,0
41001,0.8,0.3,1640,55,1,1,0
41003,3.0,1.8,22702,354,6,11,2
41005,4.9,3.4,61128,2131,4,21,3
41007,1.6,0.7,3881,180,2,4,0
41009,1.2,0.4,7786,134,2,2,0
41011,1.1,0.4,3637,46,2,2,1
41013,0.5,0.1,1157,29,1,0,0
41015,0.5,0.1,306,26,1,0,0
41017,2.0,1.0,20747,360,3,6,0
41019,1.2,0.5,6977,96,2,5,0
41021,0.0,0.0,0,0,0,0,0
41023,0.4,0.0,239,33,0,0,0
41025,0.4,0.0,480,18,0,1,0
41027,1.4,0.2,2542,107,2,1,0
41029,2.6,1.3,12965,374,2,5,0
41031,0.6,0.1,1544,37,1,2,0
41033,1.4,0.7,6761,108,2,3,0
41035,2.4,1.3,6288,242,2,5,0
41037,0.0,0.0,0,0,0,0,0
41039,4.2,2.8,53123,1199,6,18,3
41041,1.5,0.7,4653,127,2,5,1
41043,1.4,0.6,10389,93,2,4,0
41045,0.9,0.4,3077,39,1,2,0
41047,4.6,3.4,43138,1386,5,12,1
41049,0.1,0.1,112,2,0,0,0
41051,8.6,12.3,221700,7298,9,44,12
41053,2.5,1.0,27077,547,3,6,0
41055,0.0,0.0,0,0,0,0,0
41057,1.3,0.5,2305,117,2,2,0
41059,1.0,0.3,4009,46,2,3,0
41061,1.3,0.7,3171,74,1,2,0
41063,0.5,0.0,971,61,2,1,0
41065,0.3,0.1,481,17,0,0,0
41067,6.5,5.3,110983,2578,4,25,6
41069,0.1,0.0,6,5,0,0,0
41071,1.7,0.8,8886,138,3,4,0
42001,0.5,0.3,2090,30,1,1,0
42003,5.2,5.2,161554,1717,7,36,9
42005,0.1,0.0,315,4,0,1,0
42007,1.8,0.9,101479,150,1,22,2
42009,0.0,0.0,0,0,0,0,0
42011,2.4,1.6,29718,442,3,8,1
42013,0.2,0.1,158,1,0,0,0
42015,0.4,0.1,1543,14,1,1,0
42017,2.6,1.9,35683,245,1,12,3
42019,0.5,0.3,3269,38,1,2,0
42021,2.0,1.2,14072,247,3,13,1
42023,0.0,0.0,0,0,0,0,0
42025,0.1,0.1,915,13,0,1,0
42027,3.5,3.3,17507,1022,6,13,5
42029,2.3,1.5,34987,211,2,9,3
42031,0.0,0.0,0,0,0,0,0
42033,0.4,0.2,1530,31,1,1,0
42035,0.0,0.0,0,0,0,0,0
42037,0.0,0.0,0,0,0,0,0
42039,0.9,0.5,3574,75,1,2,0
42041,1.2,0.8,31995,56,1,6,0
42043,2.4,2.5,48334,204,4,12,2
42045,6.7,8.5,177848,1447,5,37,10
42047,0.0,0.0,0,0,0,0,0
42049,2.9,1.8,37862,291,4,16,1
42051,1.2,0.5,10119,78,2,7,0
42053,0.0,0.0,0,0,0,0,0
42055,0.0,0.0,28,1,0,0,0
42057,0.0,0.0,0,0,0,0,0
42059,0.0,0.0,373,3,0,0,0
42061,0.2,0.1,41,2,0,0,0
42063,1.6,0.9,8230,372,2,5,0
42065,0.1,0.0,467,2,0,0,0
42067,0.0,0.0,0,0,0,0,0
42069,3.1,1.9,36048,376,4,18,0
42071,2.4,1.4,71791,233,2,30,1
42073,0.3,0.1,688,9,0,0,0
42075,1.5,0.7,28121,138,2,8,0
42077,3.6,2.1,46419,544,4,15,2
42079,2.4,1.4,42524,207,4,24,1
42081,1.5,0.7,10817,134,2,4,1
42083,0.0,0.0,0,0,0,0,1
42085,0.8,0.4,4353,46,1,3,0
42087,0.2,0.1,0,1,0,0,0
42089,1.1,0.6,4578,99,1,4,4
42091,4.5,4.0,95700,680,3,21,5
42093,0.0,0.0,0,0,0,0,0
42095,3.0,1.8,29696,405,3,13,2
42097,0.0,0.0,0,0,0,0,0
42099,0.0,0.0,0,0,0,0,0
42101,9.0,20.2,378628,5879,12,52,26
42103,0.3,0.1,949,25,0,1,3
42105,0.0,0.0,0,0,0,0,0
42107,1.3,0.7,6862,88,1,5,0
42109,0.0,0.0,0,0,0,0,0
42111,0.2,0.1,1595,6,0,1,0
42113,0.4,0.1,664,19,0,1,0
42115,0.0,0.0,0,0,0,0,0
42117,0.6,0.3,1953,43,1,1,0
42119,0.0,0.0,0,0,0,0,0
42121,0.9,0.4,3044,41,1,2,0
42123,1.2,0.5,3822,88,1,3,0
42125,0.8,0.4,59196,72,1,14,1
42127,0.2,0.0,272,12,0,0,1
42129,1.6,0.7,99375,97,2,26,1
42131,0.0,0.0,0,0,0,0,0
42133,1.5,0.9,14225,137,2,4,0
44001,3.0,1.7,40367,422,2,14,1
44003,3.1,1.9,40375,298,2,13,1
44005,3.3,2.4,16495,435,2,13,2
44007,5.0,3.9,87714,1078,5,21,3
44009,1.9,1.1,10587,194,2,8,1
45001,0.0,0.0,0,0,0,0,0
45003,0.0,0.0,830,1,0,0,0
45005,0.0,0.0,0,0,0,0,2
45007,0.6,0.3,4110,32,1,2,0
45009,0.2,0.1,0,3,0,0,1
45011,0.0,0.0,0,0,0,0,0
45013,0.0,0.0,0,0,0,0,0
45015,0.2,0.1,4556,28,0,1,0
45017,0.0,0.0,0,0,0,0,0
45019,2.5,1.4,46483,400,3,10,1
45021,0.0,0.0,0,0,0,0,0
45023,0.0,0.0,0,0,0,0,0
45025,0.0,0.0,0,0,0,0,0
45027,0.0,0.0,0,0,0,0,0
45029,0.0,0.0,0,0,0,0,0
45031,0.3,0.1,742,14,0,1,0
45033,0.2,0.1,0,1,0,0,0
45035,0.4,0.1,6344,39,0,2,0
45037,0.0,0.0,0,0,0,0,1
45039,0.0,0.0,0,0,0,0,0
45041,1.0,0.5,6617,49,1,3,0
45043,0.4,0.1,1793,18,0,1,0
45045,1.2,0.6,22997,77,1,6,0
45047,0.0,0.0,0,0,0,0,0
45049,0.0,0.0,0,2,0,0,1
45051,0.6,0.2,5372,40,1,2,0
45053,0.0,0.0,0,0,0,0,0
45055,0.1,0.0,0,0,0,0,0
45057,0.0,0.0,0,0,0,0,0
45059,0.0,0.0,0,0,0,0,0
45061,0.0,0.0,0,0,0,0,0
45063,0.5,0.1,10124,46,1,2,0
45065,0.0,0.0,0,0,0,0,0
45067,0.2,0.1,509,3,0,0,1
45069,0.0,0.0,0,0,0,0,0
45071,0.0,0.0,0,0,0,0,0
45073,0.5,0.3,1245,62,1,1,0
45075,0.0,0.0,0,0,0,0,0
45077,0.7,0.3,1032,92,0,1,1
45079,3.1,1.0,48623,700,5,12,1
45081,0.0,0.0,0,0,0,0,1
45083,0.7,0.4,6170,61,1,3,0
45085,0.9,0.4,10629,39,2,7,0
45087,0.0,0.0,0,0,0,0,0
45089,0.2,0.1,0,3,0,0,1
45091,0.1,0.0,3266,8,0,0,0
46003,0.0,0.0,0,0,0,0,0
46005,0.0,0.0,0,0,0,0,1
46007,0.0,0.0,0,0,0,0,1
46009,0.0,0.0,0,0,0,0,0
46011,0.0,0.0,0,0,0,0,0
46013,0.0,0.0,0,0,0,0,0
46015,0.0,0.0,0,0,0,0,1
46017,0.0,0.0,0,0,0,0,0
46019,0.0,0.0,0,0,0,0,0
46021,0.0,0.0,0,0,0,0,0
46023,0.0,0.0,0,0,0,0,0
46025,0.0,0.0,0,0,0,0,0
46027,0.0,0.0,0,0,0,0,0
46029,0.0,0.0,0,0,0,0,0
46031,0.0,0.0,0,0,0,0,0
46033,0.0,0.0,0,0,0,0,0
46035,0.0,0.0,0,0,0,0,1
46037,0.0,0.0,0,0,0,0,0
46039,0.0,0.0,0,0,0,0,0
46041,0.0,0.0,0,0,0,0,0
46043,0.0,0.0,0,0,0,0,0
46045,0.0,0.0,0,0,0,0,0
46047,0.0,0.0,0,0,0,0,0
46049,0.0,0.0,0,0,0,0,0
46051,0.0,0.0,0,0,0,0,0
46053,0.0,0.0,0,0,0,0,0
46055,0.0,0.0,0,0,0,0,0
46057,0.0,0.0,0,0,0,0,0
46059,0.0,0.0,0,0,0,0,0
46061,0.0,0.0,0,0,0,0,0
46063,0.0,0.0,0,0,0,0,0
46065,0.0,0.0,0,0,0,0,0
46067,0.0,0.0,0,0,0,0,0
46069,0.0,0.0,0,0,0,0,1
46071,0.0,0.0,0,0,0,0,2
46073,0.0,0.0,0,0,0,0,1
46075,0.0,0.0,0,0,0,0,0
46077,0.0,0.0,0,0,0,0,0
46079,0.0,0.0,0,0,0,0,0
46081,0.0,0.0,0,0,0,0,0
46083,0.2,0.1,2510,19,0,0,0
46085,0.0,0.0,0,0,0,0,0
46087,0.0,0.0,0,0,0,0,0
46089,0.0,0.0,0,0,0,0,0
46091,0.0,0.0,0,0,0,0,0
46093,0.0,0.0,0,0,0,0,0
46095,0.0,0.0,0,0,0,0,0
46097,0.0,0.0,0,0,0,0,0
46099,2.5,1.5,32367,247,3,7,0
46101,0.0,0.0,0,0,0,0,0
46103,1.6,0.8,20377,124,2,8,0
46105,0.0,0.0,0,0,0,0,1
46107,0.0,0.0,0,0,0,0,0
46109,0.0,0.0,0,0,0,0,0
46111,0.0,0.0,0,0,0,0,0
46115,0.0,0.0,0,0,0,0,0
46117,0.0,0.0,0,0,0,0,0
46119,0.0,0.0,0,0,0,0,2
46121,0.0,0.0,0,0,0,0,1
46123,0.0,0.0,0,0,0,0,1
46125,0.0,0.0,0,0,0,0,0
46127,0.5,0.1,6983,85,1,3,0
46129,0.0,0.0,0,0,0,0,1
46135,0.0,0.0,0,0,0,0,0
46137,0.0,0.0,0,0,0,0,0
47001,0.0,0.0,0,0,0,0,0
47003,0.0,0.0,0,0,0,0,0
47005,0.0,0.0,0,0,0,0,0
47007,0.0,0.0,0,0,0,0,0
47009,0.0,0.0,0,0,0,0,0
47011,0.0,0.0,0,0,0,0,0
47013,0.0,0.0,0,0,0,0,0
47015,0.0,0.0,0,0,0,0,0
47017,0.0,0.0,0,0,0,0,0
47019,0.1,0.0,655,8,0,1,0
47021,0.1,0.0,1,2,0,0,0
47023,0.0,0.0,0,0,0,0,0
47025,0.0,0.0,0,0,0,0,0
47027,0.0,0.0,0,0,0,0,0
47029,0.0,0.0,0,0,0,0,0
47031,0.0,0.0,0,0,0,0,0
47033,0.0,0.0,0,0,0,0,0
47035,0.0,0.0,0,0,0,0,0
47037,3.6,2.2,86746,683,4,15,2
47039,0.0,0.0,0,0,0,0,0
47041,0.0,0.0,0,0,0,0,0
47043,0.0,0.0,0,2,0,0,0
47045,0.1,0.0,0,2,0,0,0
47047,0.0,0.0,0,0,0,0,0
47049,0.0,0.0,0,0,0,0,0
47051,0.0,0.0,0,0,0,0,0
47053,0.0,0.0,0,0,0,0,0
47055,0.0,0.0,0,0,0,0,0
47057,0.0,0.0,0,0,0,0,0
47059,0.0,0.0,0,0,0,0,0
47061,0.0,0.0,0,0,0,0,0
47063,0.0,0.0,0,0,0,0,0
47065,1.7,0.9,21746,343,2,6,1
47067,0.0,0.0,0,0,0,0,1
47069,0.0,0.0,0,0,0,0,0
47071,0.0,0.0,0,0,0,0,0
47073,0.1,0.1,842,4,0,0,0
47075,0.0,0.0,0,0,0,0,0
47077,0.0,0.0,0,0,0,0,0
47079,0.0,0.0,0,0,0,0,0
47081,0.0,0.0,0,0,0,0,0
47083,0.0,0.0,0,0,0,0,0
47085,0.0,0.0,0,0,0,0,0
47087,0.0,0.0,0,0,0,0,0
47089,0.0,0.0,0,0,0,0,0
47091,0.0,0.0,0,0,0,0,0
47093,2.1,1.2,24027,474,2,7,0
47095,0.0,0.0,0,0,0,0,0
47097,0.0,0.0,0,0,0,0,0
47099,0.0,0.0,0,0,0,0,0
47101,0.0,0.0,0,0,0,0,0
47103,0.0,0.0,0,0,0,0,0
47105,0.0,0.0,0,0,0,0,0
47107,0.0,0.0,0,0,0,0,0
47109,0.0,0.0,0,0,0,0,0
47111,0.0,0.0,0,0,0,0,0
47113,1.8,1.0,12724,199,2,6,0
47115,0.0,0.0,0,0,0,0,0
47117,0.0,0.0,0,0,0,0,0
47119,0.0,0.0,0,2,0,0,0
47121,0.0,0.0,0,0,0,0,0
47123,0.0,0.0,0,0,0,0,0
47125,1.0,0.4,4401,129,2,2,0
47127,0.0,0.0,0,0,0,0,0
47129,0.0,0.0,0,0,0,0,0
47131,0.0,0.0,0,0,0,0,0
47133,0.0,0.0,0,0,0,0,0
47135,0.0,0.0,0,0,0,0,0
47137,0.0,0.0,0,0,0,0,0
47139,0.0,0.0,0,0,0,0,0
47141,0.0,0.0,0,0,0,0,0
47143,0.0,0.0,0,0,0,0,0
47145,0.0,0.0,0,0,0,0,0
47147,0.1,0.0,126,3,0,0,0
47149,1.0,0.5,12855,81,1,3,0
47151,0.0,0.0,0,0,0,0,0
47153,0.0,0.0,0,0,0,0,0
47155,0.3,0.1,618,61,0,0,0
47157,3.1,1.9,59040,455,3,21,1
47159,0.0,0.0,0,0,0,0,0
47161,0.0,0.0,0,0,0,0,0
47163,1.0,0.5,8973,56,1,5,0
47165,0.1,0.0,380,3,0,0,0
47167,0.0,0.0,0,0,0,0,0
47169,0.0,0.0,0,0,0,0,0
47171,0.0,0.0,0,0,0,0,0
47173,0.0,0.0,0,0,0,0,0
47175,0.0,0.0,0,0,0,0,0
47177,0.0,0.0,0,0,0,0,0
47179,1.7,1.0,10001,245,2,5,0
47181,0.0,0.0,0,0,0,0,0
47183,0.0,0.0,0,0,0,0,0
47185,0.0,0.0,0,0,0,0,0
47187,0.5,0.2,4340,29,1,1,0
47189,0.4,0.2,783,9,0,0,0
48001,0.0,0.0,0,0,0,0,0
48003,0.0,0.0,0,0,0,0,0
48005,0.8,0.4,5495,52,1,2,0
48007,0.0,0.0,0,0,0,0,0
48009,0.0,0.0,0,0,0,0,0
48011,0.0,0.0,0,0,0,0,0
48013,0.0,0.0,0,0,0,0,0
48015,0.0,0.0,0,0,0,0,0
48017,0.0,0.0,0,0,0,0,0
48019,0.0,0.0,0,0,0,0,0
48021,0.2,0.0,266,7,0,0,0
48023,0.0,0.0,0,0,0,0,0
48025,0.0,0.0,0,0,0,0,0
48027,1.8,1.0,8332,171,2,4,0
48029,5.7,3.4,108383,2582,8,31,2
48031,0.0,0.0,0,0,0,0,0
48033,0.0,0.0,0,0,0,0,0
48035,0.0,0.0,0,0,0,0,0
48037,1.1,0.6,7187,68,1,5,0
48039,0.0,0.0,0,0,0,0,0
48041,1.7,0.8,13886,109,2,6,2
48043,0.8,0.5,0,7,0,0,0
48045,0.0,0.0,0,0,0,0,0
48047,0.0,0.0,0,0,0,0,0
48049,0.0,0.0,0,0,0,0,0
48051,0.0,0.0,0,0,0,0,0
48053,0.1,0.0,69,2,0,0,0
48055,0.2,0.0,440,3,0,0,0
48057,0.0,0.0,0,0,0,0,0
48059,0.0,0.0,0,0,0,0,0
48061,2.0,1.0,22008,152,3,10,0
48063,0.0,0.0,0,0,0,0,0
48065,0.0,0.0,0,0,0,0,0
48067,0.0,0.0,0,0,0,0,0
48069,0.0,0.0,0,0,0,0,0
48071,0.0,0.0,0,0,0,0,0
48073,0.0,0.0,0,0,0,0,0
48075,0.0,0.0,0,0,0,0,0
48077,0.0,0.0,0,0,0,0,0
48079,0.0,0.0,0,0,0,0,0
48081,0.0,0.0,0,0,0,0,0
48083,0.0,0.0,0,0,0,0,0
48085,1.8,1.2,38687,222,2,6,1
48087,0.0,0.0,0,0,0,0,0
48089,0.0,0.0,0,0,0,0,1
48091,0.0,0.0,0,0,0,0,0
48093,0.0,0.0,0,0,0,0,0
48095,0.0,0.0,0,0,0,0,0
48097,0.3,0.2,0,1,0,0,0
48099,1.1,0.6,3849,78,1,2,0
48101,0.0,0.0,0,0,0,0,0
48103,0.0,0.0,0,0,0,0,1
48105,0.0,0.0,0,0,0,0,0
48107,0.0,0.0,0,0,0,0,0
48109,0.0,0.0,0,0,0,0,0
48111,0.0,0.0,0,0,0,0,0
48113,5.2,5.3,143358,1269,5,24,2
48115,0.0,0.0,0,0,0,0,0
48117,0.0,0.0,0,0,0,0,0
48119,0.0,0.0,0,0,0,0,0
48121,1.7,1.1,15152,209,1,4,0
48123,0.0,0.0,0,0,0,0,0
48125,0.0,0.0,0,0,0,0,0
48127,0.0,0.0,0,0,0,0,0
48129,0.0,0.0,0,0,0,0,0
48131,0.0,0.0,0,0,0,0,0
48133,0.0,0.0,0,0,0,0,0
48135,1.9,1.0,19408,101,2,8,0
48137,0.0,0.0,0,0,0,0,0
48139,0.0,0.0,0,0,0,0,0
48141,4.1,2.8,42387,769,5,16,1
48143,0.0,0.0,0,0,0,0,0
48145,0.3,0.1,1297,12,1,1,1
48147,0.0,0.0,0,0,0,0,0
48149,0.1,0.0,277,3,0,0,0
48151,0.0,0.0,0,0,0,0,0
48153,0.0,0.0,0,0,0,0,0
48155,0.0,0.0,0,0,0,0,0
48157,0.4,0.2,1593,54,0,1,1
48159,0.0,0.0,0,0,0,0,0
48161,0.0,0.0,0,0,0,0,0
48163,0.0,0.0,0,0,0,0,0
48165,0.0,0.0,0,0,0,0,0
48167,0.7,0.4,4213,54,1,1,0
48169,0.0,0.0,0,0,0,0,0
48171,0.0,0.0,0,0,0,0,0
48173,0.0,0.0,0,0,0,0,0
48175,0.0,0.0,0,0,0,0,0
48177,0.0,0.0,0,0,0,0,1
48179,0.0,0.0,0,0,0,0,0
48181,0.7,0.3,1732,55,1,1,0
48183,1.5,0.7,12288,94,2,6,0
48185,0.0,0.0,0,0,0,0,0
48187,0.0,0.0,0,0,0,0,0
48189,0.0,0.0,0,0,0,0,0
48191,0.0,0.0,0,0,0,0,0
48193,0.0,0.0,0,0,0,0,0
48195,0.0,0.0,0,0,0,0,0
48197,0.0,0.0,0,0,0,0,0
48199,0.0,0.0,0,0,0,0,0
48201,3.9,3.4,137574,1196,3,20,2
48203,0.1,0.1,569,4,0,0,0
48205,0.0,0.0,0,0,0,0,0
48207,0.0,0.0,0,0,0,0,0
48209,0.2,0.1,768,6,0,0,0
48211,0.0,0.0,0,0,0,0,0
48213,0.0,0.0,0,0,0,0,0
48215,1.1,0.5,14424,80,1,5,0
48217,0.0,0.0,0,0,0,0,0
48219,0.0,0.0,0,0,0,0,0
48221,0.0,0.0,0,0,0,0,0
48223,0.0,0.0,0,0,0,0,0
48225,0.0,0.0,0,0,0,0,0
48227,0.0,0.0,0,0,0,0,0
48229,0.0,0.0,0,0,0,0,0
48231,0.0,0.0,0,0,0,0,0
48233,0.0,0.0,0,0,0,0,0
48235,0.0,0.0,0,0,0,0,1
48237,0.0,0.0,0,0,0,0,0
48239,0.0,0.0,0,0,0,0,1
48241,0.0,0.0,0,0,0,0,0
48243,0.0,0.0,0,0,0,0,0
48245,2.3,1.3,13583,222,2,7,0
48247,0.0,0.0,0,0,0,0,1
48249,0.0,0.0,0,0,0,0,0
48251,0.2,0.1,384,4,0,0,0
48253,0.0,0.0,0,0,0,0,0
48255,0.0,0.0,0,0,0,0,0
48257,0.3,0.1,759,24,1,1,0
48259,0.0,0.0,0,0,0,0,0
48261,0.0,0.0,0,0,0,0,0
48263,0.0,0.0,0,0,0,0,0
48265,0.0,0.0,0,0,0,0,0
48267,0.0,0.0,0,0,0,0,0
48269,0.0,0.0,0,0,0,0,0
48271,0.0,0.0,0,0,0,0,1
48273,0.0,0.0,0,0,0,0,0
48275,0.0,0.0,0,0,0,0,0
48277,0.0,0.0,0,0,0,0,0
48279,0.0,0.0,0,0,0,0,0
48281,0.0,0.0,0,0,0,0,0
48283,0.0,0.0,0,0,0,0,0
48285,0.0,0.0,0,0,0,0,0
48287,0.1,0.0,184,1,0,0,0
48289,0.0,0.0,0,0,0,0,0
48291,0.5,0.2,1553,16,0,2,0
48293,0.0,0.0,0,0,0,0,0
48295,0.0,0.0,0,0,0,0,0
48297,0.0,0.0,0,0,0,0,0
48299,0.0,0.0,0,0,0,0,0
48301,0.0,0.0,0,0,0,0,0
48303,2.6,1.6,23806,404,2,7,0
48305,0.0,0.0,0,0,0,0,0
48307,0.0,0.0,0,0,0,0,0
48309,1.8,0.9,19156,158,2,8,0
48311,0.0,0.0,0,0,0,0,0
48313,0.0,0.0,0,0,0,0,0
48315,0.0,0.0,0,0,0,0,0
48317,0.0,0.0,0,0,0,0,0
48319,0.0,0.0,0,0,0,0,0
48321,0.0,0.0,0,0,0,0,0
48323,0.0,0.0,0,0,0,0,0
48325,0.0,0.0,0,0,0,0,0
48327,0.0,0.0,0,0,0,0,0
48329,2.1,1.1,34011,130,3,11,0
48331,0.0,0.0,0,0,0,0,0
48333,0.0,0.0,0,0,0,0,0
48335,0.0,0.0,0,0,0,0,0
48337,0.0,0.0,0,0,0,0,0
48339,0.1,0.0,16569,7,0,1,1
48341,0.0,0.0,0,0,0,0,0
48343,0.0,0.0,0,0,0,0,0
48345,0.0,0.0,0,0,0,0,0
48347,0.9,0.4,4739,41,1,3,0
48349,0.0,0.0,0,0,0,0,0
48351,0.0,0.0,0,0,0,0,0
48353,0.0,0.0,0,0,0,0,0
48355,4.3,2.8,38724,748,4,15,1
48357,0.0,0.0,0,0,0,0,0
48359,0.0,0.0,0,0,0,0,0
48361,0.0,0.0,0,0,0,0,0
48363,0.0,0.0,0,0,0,0,0
48365,0.0,0.0,0,0,0,0,0
48367,0.0,0.0,0,0,0,0,0
48369,0.0,0.0,0,0,0,0,0
48371,0.0,0.0,0,0,0,0,0
48373,0.0,0.0,0,0,0,0,0
48375,2.4,1.3,34570,134,2,12,0
48377,0.0,0.0,0,0,0,0,1
48379,0.0,0.0,0,0,0,0,0
48381,1.3,0.6,21601,62,1,7,0
48383,0.0,0.0,0,0,0,0,0
48385,0.0,0.0,0,0,0,0,0
48387,0.0,0.0,0,0,0,0,0
48389,0.0,0.0,0,0,0,0,0
48391,0.0,0.0,0,0,0,0,0
48393,0.0,0.0,0,0,0,0,0
48395,0.0,0.0,0,0,0,0,0
48397,0.2,0.1,659,22,0,0,0
48399,0.0,0.0,0,0,0,0,0
48401,0.0,0.0,0,0,0,0,0
48403,0.0,0.0,0,0,0,0,0
48405,0.0,0.0,0,0,0,0,0
48407,0.0,0.0,0,0,0,0,0
48409,0.1,0.0,469,5,0,0,0
48411,0.0,0.0,0,0,0,0,0
48413,0.0,0.0,0,0,0,0,0
48415,0.0,0.0,0,0,0,0,0
48417,0.0,0.0,0,0,0,0,0
48419,0.0,0.0,0,0,0,0,0
48421,0.0,0.0,0,0,0,0,0
48423,1.1,0.5,15796,72,1,5,0
48425,0.0,0.0,0,0,0,0,0
48427,0.0,0.0,11,0,0,0,0
48429,0.0,0.0,0,0,0,0,0
48431,0.0,0.0,0,0,0,0,0
48433,0.0,0.0,0,0,0,0,0
48435,0.0,0.0,0,0,0,0,0
48437,0.0,0.0,0,0,0,0,0
48439,1.6,0.8,14354,227,1,4,0
48441,2.0,1.1,18601,108,2,9,0
48443,0.3,0.0,0,12,0,0,0
48445,0.0,0.0,0,0,0,0,0
48447,0.0,0.0,0,0,0,0,0
48449,0.0,0.0,0,0,0,0,0
48451,1.6,0.8,11083,85,2,5,0
48453,4.2,3.1,126650,1400,4,18,3
48455,0.0,0.0,0,0,0,0,0
48457,0.0,0.0,0,0,0,0,0
48459,0.0,0.0,0,0,0,0,0
48461,0.0,0.0,0,0,0,0,0
48463,0.0,0.0,0,0,0,0,0
48465,0.3,0.2,0,1,0,0,0
48467,0.0,0.0,0,0,0,0,0
48469,2.3,1.3,9870,261,2,5,0
48471,0.0,0.0,0,0,0,0,0
48473,0.0,0.0,0,0,0,0,0
48475,0.0,0.0,0,0,0,0,0
48477,0.0,0.0,0,0,0,0,0
48479,4.1,2.7,40784,672,5,16,1
48481,0.0,0.0,0,0,0,0,0
48483,0.0,0.0,0,0,0,0,0
48485,1.9,1.0,10122,125,2,6,0
48487,0.0,0.0,0,0,0,0,0
48489,0.0,0.0,0,0,0,0,0
48491,0.8,0.2,7866,91,1,2,0
48493,0.0,0.0,0,0,0,0,0
48495,0.0,0.0,0,0,0,0,0
48497,0.0,0.0,0,0,0,0,0
48499,0.1,0.0,0,1,0,0,0
48501,0.0,0.0,0,0,0,0,0
48503,0.0,0.0,0,0,0,0,0
48505,0.0,0.0,0,0,0,0,0
48507,0.0,0.0,0,0,0,0,0
49001,0.0,0.0,0,0,0,0,0
49003,1.9,0.8,5733,226,1,5,0
49005,2.4,1.4,27359,236,5,15,2
49007,0.3,0.1,9,6,0,0,0
49009,0.0,0.0,0,0,0,0,0
49011,4.9,2.5,54698,1129,3,19,2
49013,0.0,0.0,0,0,0,0,0
49015,0.0,0.0,0,3,0,0,1
49017,0.0,0.0,0,0,0,0,0
49019,0.3,0.1,436,11,0,0,0
49021,0.0,0.0,0,0,0,0,0
49023,0.3,0.1,0,10,0,0,0
49025,0.0,0.0,0,0,0,0,0
49027,0.0,0.0,0,0,0,0,0
49029,0.0,0.0,12,0,0,0,0
49031,0.0,0.0,0,0,0,0,0
49033,0.0,0.0,0,0,0,0,0
49035,6.9,6.2,119546,2611,6,31,4
49037,0.4,0.1,407,15,1,1,0
49039,0.3,0.1,554,8,0,0,0
49041,0.2,0.0,85,4,0,0,0
49043,3.2,1.9,7975,1660,4,5,1
49045,2.3,0.9,4759,330,2,4,1
49047,0.0,0.0,0,0,0,0,0
49049,3.7,1.9,35885,1082,2,9,2
49051,0.3,0.0,2644,241,1,1,0
49053,1.3,0.7,5907,143,1,3,0
49055,0.0,0.0,0,0,0,0,0
49057,5.2,3.0,45235,1563,3,19,1
50001,1.1,0.4,10479,169,3,6,0
50003,1.3,0.5,4037,167,3,4,0
50005,0.7,0.3,1984,55,1,2,0
50007,3.2,1.8,52841,549,6,16,2
50009,0.1,0.0,2,5,0,0,0
50011,0.9,0.4,20227,35,1,6,0
50013,1.0,0.0,295,196,0,0,0
50015,0.8,0.2,2715,106,1,3,0
50017,0.6,0.2,7200,54,1,4,0
50019,0.5,0.1,977,26,1,1,0
50021,2.1,1.2,7019,318,4,6,1
50023,1.5,0.7,20290,143,3,7,1
50025,1.2,0.5,3464,122,2,3,1
50027,1.0,0.4,7761,88,2,4,0
51001,0.0,0.0,0,0,0,0,0
51003,2.0,1.2,22117,453,2,5,1
51005,0.8,0.4,1122,35,1,1,0
51007,0.0,0.0,0,0,0,0,1
51009,0.6,0.3,5506,45,1,3,0
51011,0.0,0.0,0,0,0,0,0
51013,8.9,15.9,629260,5505,19,45,27
51015,0.0,0.0,0,0,0,0,0
51017,0.0,0.0,0,0,0,0,1
51019,0.2,0.0,1770,12,0,1,0
51021,0.0,0.0,0,0,0,0,0
51023,0.0,0.0,25,1,0,0,0
51025,0.0,0.0,0,0,0,0,0
51027,0.0,0.0,0,0,0,0,0
51029,0.3,0.0,3463,13,0,1,1
51031,0.4,0.1,4300,40,1,2,0
51033,0.4,0.1,1840,20,1,2,0
51035,0.0,0.0,0,0,0,0,0
51036,0.0,0.0,0,0,0,0,0
51037,0.0,0.0,0,0,0,0,0
51041,0.4,0.2,6781,88,0,1,0
51043,0.0,0.0,0,0,0,0,0
51045,0.0,0.0,0,0,0,0,0
51047,0.5,0.3,47,5,0,0,1
51049,0.0,0.0,0,0,0,0,0
51051,0.0,0.0,0,0,0,0,0
51053,0.2,0.1,404,3,0,0,0
51057,0.0,0.0,0,0,0,0,0
51059,5.7,5.1,153102,1401,7,26,10
51061,0.0,0.0,0,0,0,0,1
51063,0.0,0.0,0,0,0,0,0
51065,0.5,0.1,12859,12,0,3,0
51067,0.1,0.0,297,6,0,0,0
51069,0.0,0.0,174,1,0,0,0
51071,0.0,0.0,0,0,0,0,0
51073,0.0,0.0,0,0,0,0,0
51075,0.0,0.0,0,0,0,0,0
51077,0.0,0.0,0,0,0,0,0
51079,0.2,0.0,2724,8,0,1,0
51081,0.0,0.0,0,0,0,0,0
51083,0.0,0.0,0,0,0,0,0
51085,0.1,0.1,712,5,0,0,0
51087,2.4,1.5,46361,572,1,7,1
51089,0.0,0.0,0,0,0,0,0
51091,0.0,0.0,0,0,0,0,0
51093,0.2,0.1,4728,10,0,1,0
51095,1.8,0.9,8040,219,2,5,0
51097,0.0,0.0,0,0,0,0,0
51099,0.0,0.0,0,0,0,0,1
51101,0.0,0.0,0,0,0,0,0
51103,0.0,0.0,0,0,0,0,0
51105,0.0,0.0,0,0,0,0,0
51107,2.2,0.9,165631,191,2,12,4
51109,0.0,0.0,0,0,0,0,0
51111,0.0,0.0,0,0,0,0,0
51113,0.2,0.0,892,6,0,0,0
51115,0.0,0.0,0,0,0,0,0
51117,0.0,0.0,0,0,0,0,0
51119,0.0,0.0,0,0,0,0,0
51121,3.0,2.7,17310,940,4,7,5
51125,0.2,0.0,547,5,0,1,0
51127,0.0,0.0,0,0,0,0,0
51131,0.0,0.0,0,0,0,0,1
51133,0.0,0.0,0,0,0,0,0
51135,0.0,0.0,0,0,0,0,0
51137,0.0,0.0,0,0,0,0,1
51139,0.0,0.0,0,0,0,0,0
51141,0.0,0.0,0,0,0,0,0
51143,0.0,0.0,0,0,0,0,0
51145,0.0,0.0,0,0,0,0,0
51147,0.0,0.0,0,0,0,0,0
51149,0.2,0.1,1895,23,1,1,0
51153,2.2,1.2,14935,258,2,6,5
51155,0.5,0.2,1565,70,1,1,0
51157,0.0,0.0,0,0,0,0,0
51159,0.0,0.0,0,0,0,0,1
51161,0.9,0.5,12216,100,1,3,0
51163,0.3,0.1,1165,24,0,1,0
51165,0.3,0.1,4300,89,1,1,0
51167,0.0,0.0,0,0,0,0,0
51169,0.0,0.0,0,0,0,0,0
51171,0.0,0.0,0,0,0,0,0
51173,0.0,0.0,0,0,0,0,0
51175,0.0,0.0,0,0,0,0,0
51177,1.1,0.5,8887,69,2,4,2
51179,1.3,0.6,6810,82,1,3,4
51181,0.3,0.1,183,26,1,0,2
51183,0.0,0.0,0,0,0,0,0
51185,0.0,0.0,0,0,0,0,0
51187,0.0,0.0,0,0,0,0,0
51191,0.1,0.0,1820,6,0,1,0
51193,0.0,0.0,0,0,0,0,0
51195,0.0,0.0,0,0,0,0,0
51197,0.0,0.0,0,0,0,0,0
51199,0.7,0.3,4383,130,1,2,0
51510,8.6,11.8,416204,4254,17,39,23
51520,2.5,1.3,17643,130,3,15,1
51530,1.3,0.6,1508,57,1,1,0
51540,6.9,6.8,49863,2530,11,14,8
51550,2.0,1.1,18850,246,2,6,0
51570,0.7,0.3,3031,29,1,2,1
51580,1.3,0.6,2216,37,1,2,0
51590,0.1,0.1,0,0,0,0,2
51595,0.0,0.0,0,0,0,0,0
51600,6.5,4.7,174963,1159,7,35,10
51610,8.6,12.1,407904,2491,10,44,21
51620,0.0,0.0,0,0,0,0,0
51630,4.3,3.0,31838,387,7,13,4
51640,0.0,0.0,0,0,0,0,0
51650,4.8,2.6,36193,963,5,15,2
51660,5.3,3.1,29781,1335,13,11,2
51670,1.6,0.8,7094,74,1,4,1
51678,1.6,0.8,2775,55,1,2,0
51680,3.6,2.3,29221,416,5,15,3
51683,4.0,2.8,20253,227,3,7,3
51685,3.3,2.3,15850,98,2,5,6
51690,0.0,0.0,0,0,0,0,1
51700,4.7,2.8,41070,910,6,15,3
51710,6.1,5.3,72788,1497,5,21,3
51720,0.0,0.0,0,0,0,0,0
51730,3.4,2.0,14105,393,6,12,2
51735,0.0,0.0,0,0,0,0,0
51740,3.9,2.8,28802,463,3,9,2
51750,4.3,2.8,8275,725,4,6,0
51760,7.7,9.0,140933,5564,10,28,5
51770,4.7,2.9,49891,675,10,17,3
51775,2.3,1.1,37607,178,3,11,0
51790,0.4,0.2,0,2,0,0,0
51800,0.2,0.1,806,10,0,0,0
51810,3.2,1.8,30693,484,2,8,0
51820,0.0,0.0,0,0,0,0,0
51830,4.7,3.2,15784,695,5,9,6
51840,0.2,0.1,441,4,0,0,0
53001,0.0,0.0,0,0,0,0,0
53003,0.2,0.0,264,0,0,0,0
53005,3.8,2.6,29425,614,4,16,1
53007,3.4,2.2,18788,631,6,12,1
53009,2.2,1.1,6783,294,3,10,1
53011,3.6,1.8,37587,750,3,12,2
53013,0.0,0.0,0,0,0,0,1
53015,2.0,1.3,8687,165,2,5,0
53017,2.7,1.5,16172,330,5,11,0
53019,0.0,0.0,0,0,0,0,0
53021,4.1,2.8,26747,719,5,15,0
53023,0.0,0.0,0,0,0,0,0
53025,1.3,0.6,4316,162,3,3,2
53027,0.1,0.0,12,3,0,0,0
53029,2.4,1.1,4698,263,4,14,2
53031,2.3,1.3,2884,250,5,10,2
53033,6.1,6.0,233130,3051,10,30,14
53035,2.7,1.8,14201,249,4,12,9
53037,0.3,0.1,617,15,0,0,0
53039,0.1,0.1,0,1,0,0,0
53041,0.2,0.2,0,6,0,0,0
53043,0.0,0.0,0,0,0,0,0
53045,1.0,0.4,2238,150,3,2,2
53047,0.2,0.0,453,6,0,0,0
53049,0.9,0.4,1156,102,1,1,0
53051,0.0,0.0,0,0,0,0,0
53053,3.2,2.0,41555,603,3,14,3
53055,1.3,0.8,130,196,5,0,2
53057,2.8,1.7,17628,366,4,11,1
53059,0.4,0.1,458,38,1,1,0
53061,4.3,2.5,71302,1004,5,22,5
53063,4.2,3.8,56446,940,4,16,2
53065,0.2,0.0,307,11,0,0,0
53067,3.0,1.8,29247,433,3,11,1
53069,0.0,0.0,0,0,0,0,3
53071,3.0,1.8,11992,395,4,8,0
53073,3.5,3.0,20950,846,5,14,2
53075,0.0,0.0,0,0,0,0,5
53077,2.3,1.3,21806,261,3,9,0
54001,0.0,0.0,0,0,0,0,0
54003,0.9,0.6,3911,58,1,1,0
54005,0.5,0.1,1996,26,1,3,0
54007,0.0,0.0,0,0,0,0,0
54009,0.0,0.0,0,0,0,0,0
54011,2.9,1.7,32205,331,4,15,1
54013,0.0,0.0,0,0,0,0,0
54015,0.0,0.0,0,0,0,0,0
54017,0.0,0.0,0,0,0,0,0
54019,0.1,0.1,15,7,0,0,0
54021,0.0,0.0,0,0,0,0,0
54023,0.5,0.1,2827,19,1,2,1
54025,0.1,0.0,17,1,0,0,0
54027,0.5,0.1,1798,29,1,3,0
54029,0.0,0.0,0,0,0,0,1
54031,0.7,0.2,3676,48,2,4,0
54033,0.2,0.1,526,6,0,0,0
54035,0.0,0.0,0,0,0,0,0
54037,0.7,0.3,3323,41,1,1,2
54039,1.5,0.7,13653,246,3,2,2
54041,0.0,0.0,0,0,0,0,0
54043,0.7,0.2,2219,68,1,2,0
54045,0.7,0.2,1642,54,1,2,0
54047,0.0,0.0,0,0,0,0,0
54049,1.1,0.5,3102,110,2,1,0
54051,0.4,0.2,3500,30,0,2,0
54053,0.0,0.0,0,0,0,0,0
54055,0.0,0.0,0,0,0,0,0
54057,0.7,0.2,5847,42,2,5,0
54059,0.4,0.1,1066,11,0,2,0
54061,3.5,6.6,29486,617,6,14,2
54063,0.0,0.0,45,1,0,0,0
54065,0.0,0.0,0,0,0,0,0
54067,0.0,0.0,0,0,0,0,0
54069,2.1,1.1,16273,242,3,7,1
54071,0.3,0.0,8535,5,0,2,0
54073,0.0,0.0,0,0,0,0,0
54075,0.0,0.0,0,0,0,0,0
54077,0.5,0.1,855,35,1,1,0
54079,0.1,0.0,138,6,0,0,0
54081,0.0,0.0,0,0,0,0,0
54083,0.0,0.0,0,0,0,0,0
54085,0.0,0.0,0,0,0,0,0
54087,0.0,0.0,0,0,0,0,0
54089,0.2,0.1,7,2,0,0,0
54091,0.0,0.0,0,0,0,0,0
54093,0.0,0.0,0,0,0,0,0
54095,0.0,0.0,0,0,0,0,0
54097,0.0,0.0,0,0,0,0,0
54099,0.8,0.4,9178,46,1,4,0
54101,0.0,0.0,0,0,0,0,0
54103,0.0,0.0,0,0,0,0,0
54105,0.0,0.0,0,0,0,0,0
54107,2.2,1.3,14869,318,4,6,0
54109,0.0,0.0,0,0,0,0,0
55001,0.0,0.0,0,0,0,0,0
55003,1.2,0.6,2086,109,2,2,1
55005,0.0,0.0,0,0,0,0,0
55007,0.4,0.1,236,33,1,1,2
55009,2.6,1.5,22059,317,2,8,0
55011,0.0,0.0,0,0,0,0,0
55013,0.0,0.0,0,0,0,0,0
55015,0.8,0.4,8999,50,1,3,0
55017,0.1,0.1,701,7,0,0,0
55019,0.0,0.0,0,0,0,0,0
55021,0.3,0.2,87,4,0,0,0
55023,0.0,0.0,0,0,0,0,0
55025,3.7,2.9,83340,1031,6,17,5
55027,0.0,0.0,1,0,0,0,0
55029,0.0,0.0,0,0,0,0,0
55031,2.4,1.4,14685,196,2,6,1
55033,0.0,0.0,0,0,0,0,0
55035,2.8,1.7,19498,276,5,9,0
55037,0.0,0.0,0,0,0,0,0
55039,1.4,0.8,12791,79,2,6,0
55041,0.0,0.0,0,0,0,0,0
55043,0.0,0.0,0,0,0,0,0
55045,0.0,0.0,0,0,0,0,0
55047,0.0,0.0,0,0,0,0,0
55049,0.0,0.0,0,0,0,0,0
55051,0.0,0.0,0,0,0,0,0
55053,0.0,0.0,0,0,0,0,0
55055,0.0,0.0,0,0,0,0,0
55057,0.0,0.0,0,0,0,0,0
55059,2.9,2.0,15605,308,5,11,1
55061,0.0,0.0,0,0,0,0,0
55063,2.6,1.7,24745,284,2,8,1
55065,0.0,0.0,0,0,0,0,0
55067,0.0,0.0,0,0,0,0,0
55069,0.0,0.0,0,0,0,0,0
55071,0.0,0.0,0,0,0,0,0
55073,1.6,0.9,9198,146,2,4,0
55075,0.0,0.0,0,0,0,0,0
55077,0.0,0.0,0,0,0,0,0
55078,0.0,0.0,0,0,0,0,2
55079,6.8,5.9,183465,2328,7,44,5
55081,0.2,0.2,0,6,0,0,0
55083,0.0,0.0,0,0,0,0,0
55085,0.0,0.0,0,0,0,0,0
55087,2.1,1.3,24372,172,2,8,0
55089,0.5,0.2,12433,69,0,2,0
55091,0.0,0.0,0,0,0,0,0
55093,0.0,0.0,0,1,0,0,0
55095,0.0,0.0,0,0,0,0,0
55097,0.0,0.0,0,0,0,0,0
55099,0.0,0.0,0,0,0,0,0
55101,2.9,1.8,19151,390,3,9,1
55103,0.0,0.0,0,0,0,0,0
55105,2.1,1.3,13994,159,3,9,0
55107,0.0,0.0,0,0,0,0,0
55109,0.0,0.0,0,0,0,0,0
55111,0.0,0.0,2,1,0,0,0
55113,0.0,0.0,0,0,0,0,1
55115,0.0,0.0,0,0,0,0,0
55117,2.3,1.5,13531,265,2,7,0
55119,0.0,0.0,0,0,0,0,0
55121,0.0,0.0,0,0,0,0,0
55123,0.0,0.0,0,0,0,0,0
55125,0.0,0.0,0,0,0,0,0
55127,0.0,0.0,0,0,0,0,0
55129,0.0,0.0,0,0,0,0,0
55131,0.1,0.0,650,44,0,0,0
55133,1.6,0.8,30355,244,1,7,0
55135,0.0,0.0,0,0,0,0,0
55137,0.0,0.0,0,0,0,0,0
55139,2.7,1.6,20931,289,2,7,0
55141,0.0,0.0,0,0,0,0,0
56001,0.0,0.0,0,0,0,0,2
56003,0.0,0.0,0,0,0,0,0
56005,0.0,0.0,0,0,0,0,2
56007,0.0,0.0,0,0,0,0,0
56009,0.0,0.0,0,0,0,0,4
56011,0.0,0.0,0,0,0,0,0
56013,0.0,0.0,0,0,0,0,0
56015,0.0,0.0,0,0,0,0,0
56017,0.0,0.0,0,0,0,0,0
56019,0.0,0.0,0,0,0,0,0
56021,2.0,1.1,13918,132,2,5,0
56023,0.0,0.0,0,0,0,0,1
56025,1.8,0.9,9391,105,2,6,0
56027,0.0,0.0,0,0,0,0,0
56029,0.0,0.0,0,0,0,0,0
56031,0.0,0.0,0,0,0,0,0
56033,0.0,0.0,0,0,0,0,0
56035,0.0,0.0,0,0,0,0,0
56037,0.0,0.0,0,0,0,0,2
56039,0.0,0.0,0,0,0,0,4
56041,0.0,0.0,0,0,0,0,3
56043,0.0,0.0,0,0,0,0,0
56045,0.0,0.0,0,0,0,0,9
